"人物","图片用途","原卡内部分类","编号","仓库内文件路径","新链接模板","当前原链接","分类触发条件","计划图片画面（正常新图）","建议播放条件（新图接入后）","实际图片画面（上传后核对）","当前自动调用状态"
"许玲月","立绘","","","许玲月/立绘.png","https://cdn.jsdelivr.net/gh/lsr756480586-dev/baicao-images@main/%E8%AE%B8%E7%8E%B2%E6%9C%88/%E7%AB%8B%E7%BB%98.png","https://cdn.jsdelivr.net/gh/Yehehua1311/mu-pig@main/%E7%BB%AB%E6%BF%91%E9%81%A5/sfw/%E7%BB%AB%E6%BF%91%E9%81%A5_sfw_4.png","在人物菜单、状态栏或人物图库中显示该人物时使用。","许玲月身着已确定的日常衣装，正面人物立绘，背景简洁。","人物菜单、状态栏或图库实际显示该人物时使用。","","立绘"
"许玲月","日常","sfw","1","许玲月/sfw/1.png","https://cdn.jsdelivr.net/gh/lsr756480586-dev/baicao-images@main/%E8%AE%B8%E7%8E%B2%E6%9C%88/sfw/1.png","https://cdn.jsdelivr.net/gh/Yehehua1311/mu-pig@main/%E7%BB%AB%E6%BF%91%E9%81%A5/sfw/%E7%BB%AB%E6%BF%91%E9%81%A5_sfw_1.png","人物实际在场，进行园务汇报、种粮育药、修器织染、用餐饮茶或公开会面，且画面适合当前情节。","许玲月在岗位工作间展示稻穗并汇报进展；半身构图，突出人物与关键物件；正常衣着、非露骨画面。","仅在上述场景实际发生、许玲月确实到场、相关同席者也实际在场，且已接入的正常新图与该画面吻合时，输出[许玲月][sfw][1]。未换图或场景不符时不调用此编号。","","暂用原日常图，新画面计划待接入"
"许玲月","日常","sfw","2","许玲月/sfw/2.png","https://cdn.jsdelivr.net/gh/lsr756480586-dev/baicao-images@main/%E8%AE%B8%E7%8E%B2%E6%9C%88/sfw/2.png","https://cdn.jsdelivr.net/gh/Yehehua1311/mu-pig@main/%E7%BB%AB%E6%BF%91%E9%81%A5/sfw/%E7%BB%AB%E6%BF%91%E9%81%A5_sfw_2.png","人物实际在场，进行园务汇报、种粮育药、修器织染、用餐饮茶或公开会面，且画面适合当前情节。","许玲月在室内茶间准备清茶；半身构图，突出人物与关键物件；正常衣着、非露骨画面。","仅在上述场景实际发生、许玲月确实到场、相关同席者也实际在场，且已接入的正常新图与该画面吻合时，输出[许玲月][sfw][2]。未换图或场景不符时不调用此编号。","","暂用原日常图，新画面计划待接入"
"许玲月","日常","sfw","3","许玲月/sfw/3.png","https://cdn.jsdelivr.net/gh/lsr756480586-dev/baicao-images@main/%E8%AE%B8%E7%8E%B2%E6%9C%88/sfw/3.png","https://cdn.jsdelivr.net/gh/Yehehua1311/mu-pig@main/%E7%BB%AB%E6%BF%91%E9%81%A5/sfw/%E7%BB%AB%E6%BF%91%E9%81%A5_sfw_3.png","人物实际在场，进行园务汇报、种粮育药、修器织染、用餐饮茶或公开会面，且画面适合当前情节。","许玲月在窗边翻阅与粮袋有关的记录；半身构图，突出人物与关键物件；正常衣着、非露骨画面。","仅在上述场景实际发生、许玲月确实到场、相关同席者也实际在场，且已接入的正常新图与该画面吻合时，输出[许玲月][sfw][3]。未换图或场景不符时不调用此编号。","","暂用原日常图，新画面计划待接入"
"许玲月","日常","sfw","4","许玲月/sfw/4.png","https://cdn.jsdelivr.net/gh/lsr756480586-dev/baicao-images@main/%E8%AE%B8%E7%8E%B2%E6%9C%88/sfw/4.png","https://cdn.jsdelivr.net/gh/Yehehua1311/mu-pig@main/%E7%BB%AB%E6%BF%91%E9%81%A5/sfw/%E7%BB%AB%E6%BF%91%E9%81%A5_sfw_4.png","人物实际在场，进行园务汇报、种粮育药、修器织染、用餐饮茶或公开会面，且画面适合当前情节。","许玲月在工作结束后收整收成簿；半身构图，突出人物与关键物件；正常衣着、非露骨画面。","仅在上述场景实际发生、许玲月确实到场、相关同席者也实际在场，且已接入的正常新图与该画面吻合时，输出[许玲月][sfw][4]。未换图或场景不符时不调用此编号。","","暂用原日常图，新画面计划待接入"
"许玲月","日常","sfw","5","许玲月/sfw/5.png","https://cdn.jsdelivr.net/gh/lsr756480586-dev/baicao-images@main/%E8%AE%B8%E7%8E%B2%E6%9C%88/sfw/5.png","https://cdn.jsdelivr.net/gh/Yehehua1311/mu-pig@main/%E7%BB%AB%E6%BF%91%E9%81%A5/sfw/%E7%BB%AB%E6%BF%91%E9%81%A5_sfw_5.png","人物实际在场，进行园务汇报、种粮育药、修器织染、用餐饮茶或公开会面，且画面适合当前情节。","许玲月在白帝城商铺挑选生活物资；半身构图，突出人物与关键物件；正常衣着、非露骨画面。","仅在上述场景实际发生、许玲月确实到场、相关同席者也实际在场，且已接入的正常新图与该画面吻合时，输出[许玲月][sfw][5]。未换图或场景不符时不调用此编号。","","暂用原日常图，新画面计划待接入"
"许玲月","日常","sfw","6","许玲月/sfw/6.png","https://cdn.jsdelivr.net/gh/lsr756480586-dev/baicao-images@main/%E8%AE%B8%E7%8E%B2%E6%9C%88/sfw/6.png","https://cdn.jsdelivr.net/gh/Yehehua1311/mu-pig@main/%E7%BB%AB%E6%BF%91%E9%81%A5/sfw/%E7%BB%AB%E6%BF%91%E9%81%A5_sfw_6.png","人物实际在场，进行园务汇报、种粮育药、修器织染、用餐饮茶或公开会面，且画面适合当前情节。","许玲月在青州城客栈核对随身物品；半身构图，突出人物与关键物件；正常衣着、非露骨画面。","仅在上述场景实际发生、许玲月确实到场、相关同席者也实际在场，且已接入的正常新图与该画面吻合时，输出[许玲月][sfw][6]。未换图或场景不符时不调用此编号。","","暂用原日常图，新画面计划待接入"
"许玲月","日常","sfw","7","许玲月/sfw/7.png","https://cdn.jsdelivr.net/gh/lsr756480586-dev/baicao-images@main/%E8%AE%B8%E7%8E%B2%E6%9C%88/sfw/7.png","https://cdn.jsdelivr.net/gh/Yehehua1311/mu-pig@main/%E7%BB%AB%E6%BF%91%E9%81%A5/sfw/%E7%BB%AB%E6%BF%91%E9%81%A5_sfw_7.png","人物实际在场，进行园务汇报、种粮育药、修器织染、用餐饮茶或公开会面，且画面适合当前情节。","许玲月在百草园食堂同桌用餐；半身构图，突出人物与关键物件；正常衣着、非露骨画面。","仅在上述场景实际发生、许玲月确实到场、相关同席者也实际在场，且已接入的正常新图与该画面吻合时，输出[许玲月][sfw][7]。未换图或场景不符时不调用此编号。","","暂用原日常图，新画面计划待接入"
"许玲月","日常","sfw","8","许玲月/sfw/8.png","https://cdn.jsdelivr.net/gh/lsr756480586-dev/baicao-images@main/%E8%AE%B8%E7%8E%B2%E6%9C%88/sfw/8.png","https://cdn.jsdelivr.net/gh/Yehehua1311/mu-pig@main/%E7%BB%AB%E6%BF%91%E9%81%A5/sfw/%E7%BB%AB%E6%BF%91%E9%81%A5_sfw_8.png","人物实际在场，进行园务汇报、种粮育药、修器织染、用餐饮茶或公开会面，且画面适合当前情节。","许玲月在回廊停步看雨；半身构图，突出人物与关键物件；正常衣着、非露骨画面。","仅在上述场景实际发生、许玲月确实到场、相关同席者也实际在场，且已接入的正常新图与该画面吻合时，输出[许玲月][sfw][8]。未换图或场景不符时不调用此编号。","","暂用原日常图，新画面计划待接入"
"许玲月","日常","sfw","9","许玲月/sfw/9.png","https://cdn.jsdelivr.net/gh/lsr756480586-dev/baicao-images@main/%E8%AE%B8%E7%8E%B2%E6%9C%88/sfw/9.png","https://cdn.jsdelivr.net/gh/Yehehua1311/mu-pig@main/%E7%BB%AB%E6%BF%91%E9%81%A5/sfw/%E7%BB%AB%E6%BF%91%E9%81%A5_sfw_9.png","人物实际在场，进行园务汇报、种粮育药、修器织染、用餐饮茶或公开会面，且画面适合当前情节。","许玲月在院门接待实际到访的来客；半身构图，突出人物与关键物件；正常衣着、非露骨画面。","仅在上述场景实际发生、许玲月确实到场、相关同席者也实际在场，且已接入的正常新图与该画面吻合时，输出[许玲月][sfw][9]。未换图或场景不符时不调用此编号。","","暂用原日常图，新画面计划待接入"
"许玲月","日常","sfw","10","许玲月/sfw/10.png","https://cdn.jsdelivr.net/gh/lsr756480586-dev/baicao-images@main/%E8%AE%B8%E7%8E%B2%E6%9C%88/sfw/10.png","https://cdn.jsdelivr.net/gh/Yehehua1311/mu-pig@main/%E7%BB%AB%E6%BF%91%E9%81%A5/sfw/%E7%BB%AB%E6%BF%91%E9%81%A5_sfw_10.png","人物实际在场，进行园务汇报、种粮育药、修器织染、用餐饮茶或公开会面，且画面适合当前情节。","许玲月在灯下整理次日工作安排；半身构图，突出人物与关键物件；正常衣着、非露骨画面。","仅在上述场景实际发生、许玲月确实到场、相关同席者也实际在场，且已接入的正常新图与该画面吻合时，输出[许玲月][sfw][10]。未换图或场景不符时不调用此编号。","","暂用原日常图，新画面计划待接入"
"许玲月","日常","sfw","11","许玲月/sfw/11.png","https://cdn.jsdelivr.net/gh/lsr756480586-dev/baicao-images@main/%E8%AE%B8%E7%8E%B2%E6%9C%88/sfw/11.png","https://cdn.jsdelivr.net/gh/Yehehua1311/mu-pig@main/%E7%BB%AB%E6%BF%91%E9%81%A5/sfw/%E7%BB%AB%E6%BF%91%E9%81%A5_sfw_11.png","人物实际在场，进行园务汇报、种粮育药、修器织染、用餐饮茶或公开会面，且画面适合当前情节。","许玲月在岗位工作间展示稻穗并汇报进展；较宽构图，交代人物与场所；正常衣着、非露骨画面。","仅在上述场景实际发生、许玲月确实到场、相关同席者也实际在场，且已接入的正常新图与该画面吻合时，输出[许玲月][sfw][11]。未换图或场景不符时不调用此编号。","","暂用原日常图，新画面计划待接入"
"许玲月","日常","sfw","12","许玲月/sfw/12.png","https://cdn.jsdelivr.net/gh/lsr756480586-dev/baicao-images@main/%E8%AE%B8%E7%8E%B2%E6%9C%88/sfw/12.png","https://cdn.jsdelivr.net/gh/Yehehua1311/mu-pig@main/%E7%BB%AB%E6%BF%91%E9%81%A5/sfw/%E7%BB%AB%E6%BF%91%E9%81%A5_sfw_12.png","人物实际在场，进行园务汇报、种粮育药、修器织染、用餐饮茶或公开会面，且画面适合当前情节。","许玲月在室内茶间准备清茶；较宽构图，交代人物与场所；正常衣着、非露骨画面。","仅在上述场景实际发生、许玲月确实到场、相关同席者也实际在场，且已接入的正常新图与该画面吻合时，输出[许玲月][sfw][12]。未换图或场景不符时不调用此编号。","","暂用原日常图，新画面计划待接入"
"许玲月","日常","sfw","13","许玲月/sfw/13.png","https://cdn.jsdelivr.net/gh/lsr756480586-dev/baicao-images@main/%E8%AE%B8%E7%8E%B2%E6%9C%88/sfw/13.png","https://cdn.jsdelivr.net/gh/Yehehua1311/mu-pig@main/%E7%BB%AB%E6%BF%91%E9%81%A5/sfw/%E7%BB%AB%E6%BF%91%E9%81%A5_sfw_13.png","人物实际在场，进行园务汇报、种粮育药、修器织染、用餐饮茶或公开会面，且画面适合当前情节。","许玲月在窗边翻阅与粮袋有关的记录；较宽构图，交代人物与场所；正常衣着、非露骨画面。","仅在上述场景实际发生、许玲月确实到场、相关同席者也实际在场，且已接入的正常新图与该画面吻合时，输出[许玲月][sfw][13]。未换图或场景不符时不调用此编号。","","暂用原日常图，新画面计划待接入"
"许玲月","日常","sfw","14","许玲月/sfw/14.png","https://cdn.jsdelivr.net/gh/lsr756480586-dev/baicao-images@main/%E8%AE%B8%E7%8E%B2%E6%9C%88/sfw/14.png","https://cdn.jsdelivr.net/gh/Yehehua1311/mu-pig@main/%E7%BB%AB%E6%BF%91%E9%81%A5/sfw/%E7%BB%AB%E6%BF%91%E9%81%A5_sfw_14.png","人物实际在场，进行园务汇报、种粮育药、修器织染、用餐饮茶或公开会面，且画面适合当前情节。","许玲月在工作结束后收整收成簿；较宽构图，交代人物与场所；正常衣着、非露骨画面。","仅在上述场景实际发生、许玲月确实到场、相关同席者也实际在场，且已接入的正常新图与该画面吻合时，输出[许玲月][sfw][14]。未换图或场景不符时不调用此编号。","","暂用原日常图，新画面计划待接入"
"许玲月","日常","sfw","15","许玲月/sfw/15.png","https://cdn.jsdelivr.net/gh/lsr756480586-dev/baicao-images@main/%E8%AE%B8%E7%8E%B2%E6%9C%88/sfw/15.png","https://cdn.jsdelivr.net/gh/Yehehua1311/mu-pig@main/%E7%BB%AB%E6%BF%91%E9%81%A5/sfw/%E7%BB%AB%E6%BF%91%E9%81%A5_sfw_15.png","人物实际在场，进行园务汇报、种粮育药、修器织染、用餐饮茶或公开会面，且画面适合当前情节。","许玲月在白帝城商铺挑选生活物资；较宽构图，交代人物与场所；正常衣着、非露骨画面。","仅在上述场景实际发生、许玲月确实到场、相关同席者也实际在场，且已接入的正常新图与该画面吻合时，输出[许玲月][sfw][15]。未换图或场景不符时不调用此编号。","","暂用原日常图，新画面计划待接入"
"许玲月","日常","sfw","16","许玲月/sfw/16.png","https://cdn.jsdelivr.net/gh/lsr756480586-dev/baicao-images@main/%E8%AE%B8%E7%8E%B2%E6%9C%88/sfw/16.png","https://cdn.jsdelivr.net/gh/Yehehua1311/mu-pig@main/%E7%BB%AB%E6%BF%91%E9%81%A5/sfw/%E7%BB%AB%E6%BF%91%E9%81%A5_sfw_16.png","人物实际在场，进行园务汇报、种粮育药、修器织染、用餐饮茶或公开会面，且画面适合当前情节。","许玲月在青州城客栈核对随身物品；较宽构图，交代人物与场所；正常衣着、非露骨画面。","仅在上述场景实际发生、许玲月确实到场、相关同席者也实际在场，且已接入的正常新图与该画面吻合时，输出[许玲月][sfw][16]。未换图或场景不符时不调用此编号。","","暂用原日常图，新画面计划待接入"
"许玲月","日常","sfw","17","许玲月/sfw/17.png","https://cdn.jsdelivr.net/gh/lsr756480586-dev/baicao-images@main/%E8%AE%B8%E7%8E%B2%E6%9C%88/sfw/17.png","https://cdn.jsdelivr.net/gh/Yehehua1311/mu-pig@main/%E7%BB%AB%E6%BF%91%E9%81%A5/sfw/%E7%BB%AB%E6%BF%91%E9%81%A5_sfw_17.png","人物实际在场，进行园务汇报、种粮育药、修器织染、用餐饮茶或公开会面，且画面适合当前情节。","许玲月在百草园食堂同桌用餐；较宽构图，交代人物与场所；正常衣着、非露骨画面。","仅在上述场景实际发生、许玲月确实到场、相关同席者也实际在场，且已接入的正常新图与该画面吻合时，输出[许玲月][sfw][17]。未换图或场景不符时不调用此编号。","","暂用原日常图，新画面计划待接入"
"许玲月","日常","sfw","18","许玲月/sfw/18.png","https://cdn.jsdelivr.net/gh/lsr756480586-dev/baicao-images@main/%E8%AE%B8%E7%8E%B2%E6%9C%88/sfw/18.png","https://cdn.jsdelivr.net/gh/Yehehua1311/mu-pig@main/%E7%BB%AB%E6%BF%91%E9%81%A5/sfw/%E7%BB%AB%E6%BF%91%E9%81%A5_sfw_18.png","人物实际在场，进行园务汇报、种粮育药、修器织染、用餐饮茶或公开会面，且画面适合当前情节。","许玲月在回廊停步看雨；较宽构图，交代人物与场所；正常衣着、非露骨画面。","仅在上述场景实际发生、许玲月确实到场、相关同席者也实际在场，且已接入的正常新图与该画面吻合时，输出[许玲月][sfw][18]。未换图或场景不符时不调用此编号。","","暂用原日常图，新画面计划待接入"
"许玲月","日常","sfw","19","许玲月/sfw/19.png","https://cdn.jsdelivr.net/gh/lsr756480586-dev/baicao-images@main/%E8%AE%B8%E7%8E%B2%E6%9C%88/sfw/19.png","https://cdn.jsdelivr.net/gh/Yehehua1311/mu-pig@main/%E7%BB%AB%E6%BF%91%E9%81%A5/sfw/%E7%BB%AB%E6%BF%91%E9%81%A5_sfw_19.png","人物实际在场，进行园务汇报、种粮育药、修器织染、用餐饮茶或公开会面，且画面适合当前情节。","许玲月在院门接待实际到访的来客；较宽构图，交代人物与场所；正常衣着、非露骨画面。","仅在上述场景实际发生、许玲月确实到场、相关同席者也实际在场，且已接入的正常新图与该画面吻合时，输出[许玲月][sfw][19]。未换图或场景不符时不调用此编号。","","暂用原日常图，新画面计划待接入"
"许玲月","诊疗照护","肛交","1","许玲月/肛交/1.png","https://cdn.jsdelivr.net/gh/lsr756480586-dev/baicao-images@main/%E8%AE%B8%E7%8E%B2%E6%9C%88/%E8%82%9B%E4%BA%A4/1.png","https://cdn.jsdelivr.net/gh/Yehehua1311/mu-pig@main/%E7%BB%AB%E6%BF%91%E9%81%A5/nsfw/%E8%82%9B%E4%BA%A4/%E7%BB%AB%E6%BF%91%E9%81%A5_nsfw_%E8%82%9B%E4%BA%A4_1.png","人物实际在场，在药房、诊室或休养房间接受诊察、包扎、调息指导，或照料另一名同处室内的成员；使用正常衣着和非露骨画面。","许玲月在药房接受药师询问，保持正常衣着；半身构图，突出人物与关键物件；正常衣着、非露骨画面。","仅在上述场景实际发生、许玲月确实到场、相关同席者也实际在场，且已接入的正常新图与该画面吻合时，输出[许玲月][肛交][1]。未换图或场景不符时不调用此编号。","","正常图片待接入"
"许玲月","诊疗照护","肛交","2","许玲月/肛交/2.png","https://cdn.jsdelivr.net/gh/lsr756480586-dev/baicao-images@main/%E8%AE%B8%E7%8E%B2%E6%9C%88/%E8%82%9B%E4%BA%A4/2.png","https://cdn.jsdelivr.net/gh/Yehehua1311/mu-pig@main/%E7%BB%AB%E6%BF%91%E9%81%A5/nsfw/%E8%82%9B%E4%BA%A4/%E7%BB%AB%E6%BF%91%E9%81%A5_nsfw_%E8%82%9B%E4%BA%A4_2.png","人物实际在场，在药房、诊室或休养房间接受诊察、包扎、调息指导，或照料另一名同处室内的成员；使用正常衣着和非露骨画面。","许玲月在诊室就座，由医者检查手臂上的小伤；半身构图，突出人物与关键物件；正常衣着、非露骨画面。","仅在上述场景实际发生、许玲月确实到场、相关同席者也实际在场，且已接入的正常新图与该画面吻合时，输出[许玲月][肛交][2]。未换图或场景不符时不调用此编号。","","正常图片待接入"
"许玲月","诊疗照护","肛交","3","许玲月/肛交/3.png","https://cdn.jsdelivr.net/gh/lsr756480586-dev/baicao-images@main/%E8%AE%B8%E7%8E%B2%E6%9C%88/%E8%82%9B%E4%BA%A4/3.png","https://cdn.jsdelivr.net/gh/Yehehua1311/mu-pig@main/%E7%BB%AB%E6%BF%91%E9%81%A5/nsfw/%E8%82%9B%E4%BA%A4/%E7%BB%AB%E6%BF%91%E9%81%A5_nsfw_%E8%82%9B%E4%BA%A4_3.png","人物实际在场，在药房、诊室或休养房间接受诊察、包扎、调息指导，或照料另一名同处室内的成员；使用正常衣着和非露骨画面。","许玲月在休养房间接过温水与药盏；半身构图，突出人物与关键物件；正常衣着、非露骨画面。","仅在上述场景实际发生、许玲月确实到场、相关同席者也实际在场，且已接入的正常新图与该画面吻合时，输出[许玲月][肛交][3]。未换图或场景不符时不调用此编号。","","正常图片待接入"
"许玲月","诊疗照护","肛交","4","许玲月/肛交/4.png","https://cdn.jsdelivr.net/gh/lsr756480586-dev/baicao-images@main/%E8%AE%B8%E7%8E%B2%E6%9C%88/%E8%82%9B%E4%BA%A4/4.png","https://cdn.jsdelivr.net/gh/Yehehua1311/mu-pig@main/%E7%BB%AB%E6%BF%91%E9%81%A5/nsfw/%E8%82%9B%E4%BA%A4/%E7%BB%AB%E6%BF%91%E9%81%A5_nsfw_%E8%82%9B%E4%BA%A4_4.png","人物实际在场，在药房、诊室或休养房间接受诊察、包扎、调息指导，或照料另一名同处室内的成员；使用正常衣着和非露骨画面。","许玲月在医者指导下安静调息；半身构图，突出人物与关键物件；正常衣着、非露骨画面。","仅在上述场景实际发生、许玲月确实到场、相关同席者也实际在场，且已接入的正常新图与该画面吻合时，输出[许玲月][肛交][4]。未换图或场景不符时不调用此编号。","","正常图片待接入"
"许玲月","诊疗照护","肛交","5","许玲月/肛交/5.png","https://cdn.jsdelivr.net/gh/lsr756480586-dev/baicao-images@main/%E8%AE%B8%E7%8E%B2%E6%9C%88/%E8%82%9B%E4%BA%A4/5.png","https://cdn.jsdelivr.net/gh/Yehehua1311/mu-pig@main/%E7%BB%AB%E6%BF%91%E9%81%A5/nsfw/%E8%82%9B%E4%BA%A4/%E7%BB%AB%E6%BF%91%E9%81%A5_nsfw_%E8%82%9B%E4%BA%A4_5.png","人物实际在场，在药房、诊室或休养房间接受诊察、包扎、调息指导，或照料另一名同处室内的成员；使用正常衣着和非露骨画面。","许玲月在室内为另一位实际到场的成员递送药包；半身构图，突出人物与关键物件；正常衣着、非露骨画面。","仅在上述场景实际发生、许玲月确实到场、相关同席者也实际在场，且已接入的正常新图与该画面吻合时，输出[许玲月][肛交][5]。未换图或场景不符时不调用此编号。","","正常图片待接入"
"许玲月","诊疗照护","肛交","6","许玲月/肛交/6.png","https://cdn.jsdelivr.net/gh/lsr756480586-dev/baicao-images@main/%E8%AE%B8%E7%8E%B2%E6%9C%88/%E8%82%9B%E4%BA%A4/6.png","https://cdn.jsdelivr.net/gh/Yehehua1311/mu-pig@main/%E7%BB%AB%E6%BF%91%E9%81%A5/nsfw/%E8%82%9B%E4%BA%A4/%E7%BB%AB%E6%BF%91%E9%81%A5_nsfw_%E8%82%9B%E4%BA%A4_6.png","人物实际在场，在药房、诊室或休养房间接受诊察、包扎、调息指导，或照料另一名同处室内的成员；使用正常衣着和非露骨画面。","许玲月在休养室靠枕休息，室内有人陪伴；半身构图，突出人物与关键物件；正常衣着、非露骨画面。","仅在上述场景实际发生、许玲月确实到场、相关同席者也实际在场，且已接入的正常新图与该画面吻合时，输出[许玲月][肛交][6]。未换图或场景不符时不调用此编号。","","正常图片待接入"
"许玲月","诊疗照护","肛交","7","许玲月/肛交/7.png","https://cdn.jsdelivr.net/gh/lsr756480586-dev/baicao-images@main/%E8%AE%B8%E7%8E%B2%E6%9C%88/%E8%82%9B%E4%BA%A4/7.png","https://cdn.jsdelivr.net/gh/Yehehua1311/mu-pig@main/%E7%BB%AB%E6%BF%91%E9%81%A5/nsfw/%E8%82%9B%E4%BA%A4/%E7%BB%AB%E6%BF%91%E9%81%A5_nsfw_%E8%82%9B%E4%BA%A4_7.png","人物实际在场，在药房、诊室或休养房间接受诊察、包扎、调息指导，或照料另一名同处室内的成员；使用正常衣着和非露骨画面。","许玲月在诊室核对实际处方和复诊安排；半身构图，突出人物与关键物件；正常衣着、非露骨画面。","仅在上述场景实际发生、许玲月确实到场、相关同席者也实际在场，且已接入的正常新图与该画面吻合时，输出[许玲月][肛交][7]。未换图或场景不符时不调用此编号。","","正常图片待接入"
"许玲月","诊疗照护","肛交","8","许玲月/肛交/8.png","https://cdn.jsdelivr.net/gh/lsr756480586-dev/baicao-images@main/%E8%AE%B8%E7%8E%B2%E6%9C%88/%E8%82%9B%E4%BA%A4/8.png","https://cdn.jsdelivr.net/gh/Yehehua1311/mu-pig@main/%E7%BB%AB%E6%BF%91%E9%81%A5/nsfw/%E8%82%9B%E4%BA%A4/%E7%BB%AB%E6%BF%91%E9%81%A5_nsfw_%E8%82%9B%E4%BA%A4_8.png","人物实际在场，在药房、诊室或休养房间接受诊察、包扎、调息指导，或照料另一名同处室内的成员；使用正常衣着和非露骨画面。","许玲月在药房整理常用药物与干净绷带；半身构图，突出人物与关键物件；正常衣着、非露骨画面。","仅在上述场景实际发生、许玲月确实到场、相关同席者也实际在场，且已接入的正常新图与该画面吻合时，输出[许玲月][肛交][8]。未换图或场景不符时不调用此编号。","","正常图片待接入"
"许玲月","诊疗照护","肛交","9","许玲月/肛交/9.png","https://cdn.jsdelivr.net/gh/lsr756480586-dev/baicao-images@main/%E8%AE%B8%E7%8E%B2%E6%9C%88/%E8%82%9B%E4%BA%A4/9.png","https://cdn.jsdelivr.net/gh/Yehehua1311/mu-pig@main/%E7%BB%AB%E6%BF%91%E9%81%A5/nsfw/%E8%82%9B%E4%BA%A4/%E7%BB%AB%E6%BF%91%E9%81%A5_nsfw_%E8%82%9B%E4%BA%A4_9.png","人物实际在场，在药房、诊室或休养房间接受诊察、包扎、调息指导，或照料另一名同处室内的成员；使用正常衣着和非露骨画面。","许玲月在疲劳缓解后向同处室内的人说明身体情况；半身构图，突出人物与关键物件；正常衣着、非露骨画面。","仅在上述场景实际发生、许玲月确实到场、相关同席者也实际在场，且已接入的正常新图与该画面吻合时，输出[许玲月][肛交][9]。未换图或场景不符时不调用此编号。","","正常图片待接入"
"许玲月","诊疗照护","肛交","10","许玲月/肛交/10.png","https://cdn.jsdelivr.net/gh/lsr756480586-dev/baicao-images@main/%E8%AE%B8%E7%8E%B2%E6%9C%88/%E8%82%9B%E4%BA%A4/10.png","https://cdn.jsdelivr.net/gh/Yehehua1311/mu-pig@main/%E7%BB%AB%E6%BF%91%E9%81%A5/nsfw/%E8%82%9B%E4%BA%A4/%E7%BB%AB%E6%BF%91%E9%81%A5_nsfw_%E8%82%9B%E4%BA%A4_10.png","人物实际在场，在药房、诊室或休养房间接受诊察、包扎、调息指导，或照料另一名同处室内的成员；使用正常衣着和非露骨画面。","许玲月在室内协助准备清洁伤口所需的正常用品；半身构图，突出人物与关键物件；正常衣着、非露骨画面。","仅在上述场景实际发生、许玲月确实到场、相关同席者也实际在场，且已接入的正常新图与该画面吻合时，输出[许玲月][肛交][10]。未换图或场景不符时不调用此编号。","","正常图片待接入"
"许玲月","诊疗照护","肛交","11","许玲月/肛交/11.png","https://cdn.jsdelivr.net/gh/lsr756480586-dev/baicao-images@main/%E8%AE%B8%E7%8E%B2%E6%9C%88/%E8%82%9B%E4%BA%A4/11.png","https://cdn.jsdelivr.net/gh/Yehehua1311/mu-pig@main/%E7%BB%AB%E6%BF%91%E9%81%A5/nsfw/%E8%82%9B%E4%BA%A4/%E7%BB%AB%E6%BF%91%E9%81%A5_nsfw_%E8%82%9B%E4%BA%A4_11.png","人物实际在场，在药房、诊室或休养房间接受诊察、包扎、调息指导，或照料另一名同处室内的成员；使用正常衣着和非露骨画面。","许玲月在药房接受药师询问，保持正常衣着；较宽构图，交代人物与场所；正常衣着、非露骨画面。","仅在上述场景实际发生、许玲月确实到场、相关同席者也实际在场，且已接入的正常新图与该画面吻合时，输出[许玲月][肛交][11]。未换图或场景不符时不调用此编号。","","正常图片待接入"
"许玲月","诊疗照护","肛交","12","许玲月/肛交/12.png","https://cdn.jsdelivr.net/gh/lsr756480586-dev/baicao-images@main/%E8%AE%B8%E7%8E%B2%E6%9C%88/%E8%82%9B%E4%BA%A4/12.png","https://cdn.jsdelivr.net/gh/Yehehua1311/mu-pig@main/%E7%BB%AB%E6%BF%91%E9%81%A5/nsfw/%E8%82%9B%E4%BA%A4/%E7%BB%AB%E6%BF%91%E9%81%A5_nsfw_%E8%82%9B%E4%BA%A4_12.png","人物实际在场，在药房、诊室或休养房间接受诊察、包扎、调息指导，或照料另一名同处室内的成员；使用正常衣着和非露骨画面。","许玲月在诊室就座，由医者检查手臂上的小伤；较宽构图，交代人物与场所；正常衣着、非露骨画面。","仅在上述场景实际发生、许玲月确实到场、相关同席者也实际在场，且已接入的正常新图与该画面吻合时，输出[许玲月][肛交][12]。未换图或场景不符时不调用此编号。","","正常图片待接入"
"许玲月","诊疗照护","肛交","13","许玲月/肛交/13.png","https://cdn.jsdelivr.net/gh/lsr756480586-dev/baicao-images@main/%E8%AE%B8%E7%8E%B2%E6%9C%88/%E8%82%9B%E4%BA%A4/13.png","https://cdn.jsdelivr.net/gh/Yehehua1311/mu-pig@main/%E7%BB%AB%E6%BF%91%E9%81%A5/nsfw/%E8%82%9B%E4%BA%A4/%E7%BB%AB%E6%BF%91%E9%81%A5_nsfw_%E8%82%9B%E4%BA%A4_13.png","人物实际在场，在药房、诊室或休养房间接受诊察、包扎、调息指导，或照料另一名同处室内的成员；使用正常衣着和非露骨画面。","许玲月在休养房间接过温水与药盏；较宽构图，交代人物与场所；正常衣着、非露骨画面。","仅在上述场景实际发生、许玲月确实到场、相关同席者也实际在场，且已接入的正常新图与该画面吻合时，输出[许玲月][肛交][13]。未换图或场景不符时不调用此编号。","","正常图片待接入"
"许玲月","诊疗照护","肛交","14","许玲月/肛交/14.png","https://cdn.jsdelivr.net/gh/lsr756480586-dev/baicao-images@main/%E8%AE%B8%E7%8E%B2%E6%9C%88/%E8%82%9B%E4%BA%A4/14.png","https://cdn.jsdelivr.net/gh/Yehehua1311/mu-pig@main/%E7%BB%AB%E6%BF%91%E9%81%A5/nsfw/%E8%82%9B%E4%BA%A4/%E7%BB%AB%E6%BF%91%E9%81%A5_nsfw_%E8%82%9B%E4%BA%A4_14.png","人物实际在场，在药房、诊室或休养房间接受诊察、包扎、调息指导，或照料另一名同处室内的成员；使用正常衣着和非露骨画面。","许玲月在医者指导下安静调息；较宽构图，交代人物与场所；正常衣着、非露骨画面。","仅在上述场景实际发生、许玲月确实到场、相关同席者也实际在场，且已接入的正常新图与该画面吻合时，输出[许玲月][肛交][14]。未换图或场景不符时不调用此编号。","","正常图片待接入"
"许玲月","诊疗照护","肛交","15","许玲月/肛交/15.png","https://cdn.jsdelivr.net/gh/lsr756480586-dev/baicao-images@main/%E8%AE%B8%E7%8E%B2%E6%9C%88/%E8%82%9B%E4%BA%A4/15.png","https://cdn.jsdelivr.net/gh/Yehehua1311/mu-pig@main/%E7%BB%AB%E6%BF%91%E9%81%A5/nsfw/%E8%82%9B%E4%BA%A4/%E7%BB%AB%E6%BF%91%E9%81%A5_nsfw_%E8%82%9B%E4%BA%A4_15.png","人物实际在场，在药房、诊室或休养房间接受诊察、包扎、调息指导，或照料另一名同处室内的成员；使用正常衣着和非露骨画面。","许玲月在室内为另一位实际到场的成员递送药包；较宽构图，交代人物与场所；正常衣着、非露骨画面。","仅在上述场景实际发生、许玲月确实到场、相关同席者也实际在场，且已接入的正常新图与该画面吻合时，输出[许玲月][肛交][15]。未换图或场景不符时不调用此编号。","","正常图片待接入"
"许玲月","诊疗照护","肛交","16","许玲月/肛交/16.png","https://cdn.jsdelivr.net/gh/lsr756480586-dev/baicao-images@main/%E8%AE%B8%E7%8E%B2%E6%9C%88/%E8%82%9B%E4%BA%A4/16.png","https://cdn.jsdelivr.net/gh/Yehehua1311/mu-pig@main/%E7%BB%AB%E6%BF%91%E9%81%A5/nsfw/%E8%82%9B%E4%BA%A4/%E7%BB%AB%E6%BF%91%E9%81%A5_nsfw_%E8%82%9B%E4%BA%A4_16.png","人物实际在场，在药房、诊室或休养房间接受诊察、包扎、调息指导，或照料另一名同处室内的成员；使用正常衣着和非露骨画面。","许玲月在休养室靠枕休息，室内有人陪伴；较宽构图，交代人物与场所；正常衣着、非露骨画面。","仅在上述场景实际发生、许玲月确实到场、相关同席者也实际在场，且已接入的正常新图与该画面吻合时，输出[许玲月][肛交][16]。未换图或场景不符时不调用此编号。","","正常图片待接入"
"许玲月","诊疗照护","肛交","17","许玲月/肛交/17.png","https://cdn.jsdelivr.net/gh/lsr756480586-dev/baicao-images@main/%E8%AE%B8%E7%8E%B2%E6%9C%88/%E8%82%9B%E4%BA%A4/17.png","https://cdn.jsdelivr.net/gh/Yehehua1311/mu-pig@main/%E7%BB%AB%E6%BF%91%E9%81%A5/nsfw/%E8%82%9B%E4%BA%A4/%E7%BB%AB%E6%BF%91%E9%81%A5_nsfw_%E8%82%9B%E4%BA%A4_17.png","人物实际在场，在药房、诊室或休养房间接受诊察、包扎、调息指导，或照料另一名同处室内的成员；使用正常衣着和非露骨画面。","许玲月在诊室核对实际处方和复诊安排；较宽构图，交代人物与场所；正常衣着、非露骨画面。","仅在上述场景实际发生、许玲月确实到场、相关同席者也实际在场，且已接入的正常新图与该画面吻合时，输出[许玲月][肛交][17]。未换图或场景不符时不调用此编号。","","正常图片待接入"
"许玲月","出行护送","足交","1","许玲月/足交/1.png","https://cdn.jsdelivr.net/gh/lsr756480586-dev/baicao-images@main/%E8%AE%B8%E7%8E%B2%E6%9C%88/%E8%B6%B3%E4%BA%A4/1.png","https://cdn.jsdelivr.net/gh/Yehehua1311/mu-pig@main/%E7%BB%AB%E6%BF%91%E9%81%A5/nsfw/%E8%B6%B3%E4%BA%A4/%E7%BB%AB%E6%BF%91%E9%81%A5_nsfw_%E8%B6%B3%E4%BA%A4_1.png","人物实际随队采购、护送流民、巡守或赶路，并出现与图片对应的出发、行进、避雨、歇脚或归来情境。","许玲月在百草园院门核对出行物品后准备出发；半身构图，突出人物与关键物件；正常衣着、非露骨画面。","仅在上述场景实际发生、许玲月确实到场、相关同席者也实际在场，且已接入的正常新图与该画面吻合时，输出[许玲月][足交][1]。未换图或场景不符时不调用此编号。","","正常图片待接入"
"许玲月","出行护送","足交","2","许玲月/足交/2.png","https://cdn.jsdelivr.net/gh/lsr756480586-dev/baicao-images@main/%E8%AE%B8%E7%8E%B2%E6%9C%88/%E8%B6%B3%E4%BA%A4/2.png","https://cdn.jsdelivr.net/gh/Yehehua1311/mu-pig@main/%E7%BB%AB%E6%BF%91%E9%81%A5/nsfw/%E8%B6%B3%E4%BA%A4/%E7%BB%AB%E6%BF%91%E9%81%A5_nsfw_%E8%B6%B3%E4%BA%A4_2.png","人物实际随队采购、护送流民、巡守或赶路，并出现与图片对应的出发、行进、避雨、歇脚或归来情境。","许玲月在白帝城街道随队采购；半身构图，突出人物与关键物件；正常衣着、非露骨画面。","仅在上述场景实际发生、许玲月确实到场、相关同席者也实际在场，且已接入的正常新图与该画面吻合时，输出[许玲月][足交][2]。未换图或场景不符时不调用此编号。","","正常图片待接入"
"许玲月","出行护送","足交","3","许玲月/足交/3.png","https://cdn.jsdelivr.net/gh/lsr756480586-dev/baicao-images@main/%E8%AE%B8%E7%8E%B2%E6%9C%88/%E8%B6%B3%E4%BA%A4/3.png","https://cdn.jsdelivr.net/gh/Yehehua1311/mu-pig@main/%E7%BB%AB%E6%BF%91%E9%81%A5/nsfw/%E8%B6%B3%E4%BA%A4/%E7%BB%AB%E6%BF%91%E9%81%A5_nsfw_%E8%B6%B3%E4%BA%A4_3.png","人物实际随队采购、护送流民、巡守或赶路，并出现与图片对应的出发、行进、避雨、歇脚或归来情境。","许玲月在青州城城门与同行者核对路引；半身构图，突出人物与关键物件；正常衣着、非露骨画面。","仅在上述场景实际发生、许玲月确实到场、相关同席者也实际在场，且已接入的正常新图与该画面吻合时，输出[许玲月][足交][3]。未换图或场景不符时不调用此编号。","","正常图片待接入"
"许玲月","出行护送","足交","4","许玲月/足交/4.png","https://cdn.jsdelivr.net/gh/lsr756480586-dev/baicao-images@main/%E8%AE%B8%E7%8E%B2%E6%9C%88/%E8%B6%B3%E4%BA%A4/4.png","https://cdn.jsdelivr.net/gh/Yehehua1311/mu-pig@main/%E7%BB%AB%E6%BF%91%E9%81%A5/nsfw/%E8%B6%B3%E4%BA%A4/%E7%BB%AB%E6%BF%91%E9%81%A5_nsfw_%E8%B6%B3%E4%BA%A4_4.png","人物实际随队采购、护送流民、巡守或赶路，并出现与图片对应的出发、行进、避雨、歇脚或归来情境。","许玲月在商路途中与队伍短暂停步；半身构图，突出人物与关键物件；正常衣着、非露骨画面。","仅在上述场景实际发生、许玲月确实到场、相关同席者也实际在场，且已接入的正常新图与该画面吻合时，输出[许玲月][足交][4]。未换图或场景不符时不调用此编号。","","正常图片待接入"
"许玲月","出行护送","足交","5","许玲月/足交/5.png","https://cdn.jsdelivr.net/gh/lsr756480586-dev/baicao-images@main/%E8%AE%B8%E7%8E%B2%E6%9C%88/%E8%B6%B3%E4%BA%A4/5.png","https://cdn.jsdelivr.net/gh/Yehehua1311/mu-pig@main/%E7%BB%AB%E6%BF%91%E9%81%A5/nsfw/%E8%B6%B3%E4%BA%A4/%E7%BB%AB%E6%BF%91%E9%81%A5_nsfw_%E8%B6%B3%E4%BA%A4_5.png","人物实际随队采购、护送流民、巡守或赶路，并出现与图片对应的出发、行进、避雨、歇脚或归来情境。","许玲月在客栈厅内查看实际路线与稻穗；半身构图，突出人物与关键物件；正常衣着、非露骨画面。","仅在上述场景实际发生、许玲月确实到场、相关同席者也实际在场，且已接入的正常新图与该画面吻合时，输出[许玲月][足交][5]。未换图或场景不符时不调用此编号。","","正常图片待接入"
"许玲月","出行护送","足交","6","许玲月/足交/6.png","https://cdn.jsdelivr.net/gh/lsr756480586-dev/baicao-images@main/%E8%AE%B8%E7%8E%B2%E6%9C%88/%E8%B6%B3%E4%BA%A4/6.png","https://cdn.jsdelivr.net/gh/Yehehua1311/mu-pig@main/%E7%BB%AB%E6%BF%91%E9%81%A5/nsfw/%E8%B6%B3%E4%BA%A4/%E7%BB%AB%E6%BF%91%E9%81%A5_nsfw_%E8%B6%B3%E4%BA%A4_6.png","人物实际随队采购、护送流民、巡守或赶路，并出现与图片对应的出发、行进、避雨、歇脚或归来情境。","许玲月在有顶棚的驿站与同行者避雨；半身构图，突出人物与关键物件；正常衣着、非露骨画面。","仅在上述场景实际发生、许玲月确实到场、相关同席者也实际在场，且已接入的正常新图与该画面吻合时，输出[许玲月][足交][6]。未换图或场景不符时不调用此编号。","","正常图片待接入"
"许玲月","出行护送","足交","7","许玲月/足交/7.png","https://cdn.jsdelivr.net/gh/lsr756480586-dev/baicao-images@main/%E8%AE%B8%E7%8E%B2%E6%9C%88/%E8%B6%B3%E4%BA%A4/7.png","https://cdn.jsdelivr.net/gh/Yehehua1311/mu-pig@main/%E7%BB%AB%E6%BF%91%E9%81%A5/nsfw/%E8%B6%B3%E4%BA%A4/%E7%BB%AB%E6%BF%91%E9%81%A5_nsfw_%E8%B6%B3%E4%BA%A4_7.png","人物实际随队采购、护送流民、巡守或赶路，并出现与图片对应的出发、行进、避雨、歇脚或归来情境。","许玲月在室内歇脚间递水并整理收成簿；半身构图，突出人物与关键物件；正常衣着、非露骨画面。","仅在上述场景实际发生、许玲月确实到场、相关同席者也实际在场，且已接入的正常新图与该画面吻合时，输出[许玲月][足交][7]。未换图或场景不符时不调用此编号。","","正常图片待接入"
"许玲月","出行护送","足交","8","许玲月/足交/8.png","https://cdn.jsdelivr.net/gh/lsr756480586-dev/baicao-images@main/%E8%AE%B8%E7%8E%B2%E6%9C%88/%E8%B6%B3%E4%BA%A4/8.png","https://cdn.jsdelivr.net/gh/Yehehua1311/mu-pig@main/%E7%BB%AB%E6%BF%91%E9%81%A5/nsfw/%E8%B6%B3%E4%BA%A4/%E7%BB%AB%E6%BF%91%E9%81%A5_nsfw_%E8%B6%B3%E4%BA%A4_8.png","人物实际随队采购、护送流民、巡守或赶路，并出现与图片对应的出发、行进、避雨、歇脚或归来情境。","许玲月在护送途中照看实际同行的流民；半身构图，突出人物与关键物件；正常衣着、非露骨画面。","仅在上述场景实际发生、许玲月确实到场、相关同席者也实际在场，且已接入的正常新图与该画面吻合时，输出[许玲月][足交][8]。未换图或场景不符时不调用此编号。","","正常图片待接入"
"许玲月","出行护送","足交","9","许玲月/足交/9.png","https://cdn.jsdelivr.net/gh/lsr756480586-dev/baicao-images@main/%E8%AE%B8%E7%8E%B2%E6%9C%88/%E8%B6%B3%E4%BA%A4/9.png","https://cdn.jsdelivr.net/gh/Yehehua1311/mu-pig@main/%E7%BB%AB%E6%BF%91%E9%81%A5/nsfw/%E8%B6%B3%E4%BA%A4/%E7%BB%AB%E6%BF%91%E9%81%A5_nsfw_%E8%B6%B3%E4%BA%A4_9.png","人物实际随队采购、护送流民、巡守或赶路，并出现与图片对应的出发、行进、避雨、歇脚或归来情境。","许玲月在抵达百草园后同队交接物资；半身构图，突出人物与关键物件；正常衣着、非露骨画面。","仅在上述场景实际发生、许玲月确实到场、相关同席者也实际在场，且已接入的正常新图与该画面吻合时，输出[许玲月][足交][9]。未换图或场景不符时不调用此编号。","","正常图片待接入"
"许玲月","出行护送","足交","10","许玲月/足交/10.png","https://cdn.jsdelivr.net/gh/lsr756480586-dev/baicao-images@main/%E8%AE%B8%E7%8E%B2%E6%9C%88/%E8%B6%B3%E4%BA%A4/10.png","https://cdn.jsdelivr.net/gh/Yehehua1311/mu-pig@main/%E7%BB%AB%E6%BF%91%E9%81%A5/nsfw/%E8%B6%B3%E4%BA%A4/%E7%BB%AB%E6%BF%91%E9%81%A5_nsfw_%E8%B6%B3%E4%BA%A4_10.png","人物实际随队采购、护送流民、巡守或赶路，并出现与图片对应的出发、行进、避雨、歇脚或归来情境。","许玲月在客栈房间整理已收到的外部消息；半身构图，突出人物与关键物件；正常衣着、非露骨画面。","仅在上述场景实际发生、许玲月确实到场、相关同席者也实际在场，且已接入的正常新图与该画面吻合时，输出[许玲月][足交][10]。未换图或场景不符时不调用此编号。","","正常图片待接入"
"许玲月","出行护送","足交","11","许玲月/足交/11.png","https://cdn.jsdelivr.net/gh/lsr756480586-dev/baicao-images@main/%E8%AE%B8%E7%8E%B2%E6%9C%88/%E8%B6%B3%E4%BA%A4/11.png","https://cdn.jsdelivr.net/gh/Yehehua1311/mu-pig@main/%E7%BB%AB%E6%BF%91%E9%81%A5/nsfw/%E8%B6%B3%E4%BA%A4/%E7%BB%AB%E6%BF%91%E9%81%A5_nsfw_%E8%B6%B3%E4%BA%A4_11.png","人物实际随队采购、护送流民、巡守或赶路，并出现与图片对应的出发、行进、避雨、歇脚或归来情境。","许玲月在百草园院门核对出行物品后准备出发；较宽构图，交代人物与场所；正常衣着、非露骨画面。","仅在上述场景实际发生、许玲月确实到场、相关同席者也实际在场，且已接入的正常新图与该画面吻合时，输出[许玲月][足交][11]。未换图或场景不符时不调用此编号。","","正常图片待接入"
"许玲月","出行护送","足交","12","许玲月/足交/12.png","https://cdn.jsdelivr.net/gh/lsr756480586-dev/baicao-images@main/%E8%AE%B8%E7%8E%B2%E6%9C%88/%E8%B6%B3%E4%BA%A4/12.png","https://cdn.jsdelivr.net/gh/Yehehua1311/mu-pig@main/%E7%BB%AB%E6%BF%91%E9%81%A5/nsfw/%E8%B6%B3%E4%BA%A4/%E7%BB%AB%E6%BF%91%E9%81%A5_nsfw_%E8%B6%B3%E4%BA%A4_12.png","人物实际随队采购、护送流民、巡守或赶路，并出现与图片对应的出发、行进、避雨、歇脚或归来情境。","许玲月在白帝城街道随队采购；较宽构图，交代人物与场所；正常衣着、非露骨画面。","仅在上述场景实际发生、许玲月确实到场、相关同席者也实际在场，且已接入的正常新图与该画面吻合时，输出[许玲月][足交][12]。未换图或场景不符时不调用此编号。","","正常图片待接入"
"许玲月","私室交谈","口交","1","许玲月/口交/1.png","https://cdn.jsdelivr.net/gh/lsr756480586-dev/baicao-images@main/%E8%AE%B8%E7%8E%B2%E6%9C%88/%E5%8F%A3%E4%BA%A4/1.png","https://cdn.jsdelivr.net/gh/Yehehua1311/mu-pig@main/%E7%BB%AB%E6%BF%91%E9%81%A5/nsfw/%E5%8F%A3%E4%BA%A4/%E7%BB%AB%E6%BF%91%E9%81%A5_nsfw_%E5%8F%A3%E4%BA%A4_1.png","人物与园主或其他成员确实共同处于书房、茶间、休息室或客房，进行商议、倾诉旧事、解释顾虑或表达关心；亲近按既定人物关系发展。","许玲月在私人书房与园主同看稻穗；半身构图，突出人物与关键物件；正常衣着、非露骨画面。","仅在上述场景实际发生、许玲月确实到场、相关同席者也实际在场，且已接入的正常新图与该画面吻合时，输出[许玲月][口交][1]。未换图或场景不符时不调用此编号。","","正常图片待接入"
"许玲月","私室交谈","口交","2","许玲月/口交/2.png","https://cdn.jsdelivr.net/gh/lsr756480586-dev/baicao-images@main/%E8%AE%B8%E7%8E%B2%E6%9C%88/%E5%8F%A3%E4%BA%A4/2.png","https://cdn.jsdelivr.net/gh/Yehehua1311/mu-pig@main/%E7%BB%AB%E6%BF%91%E9%81%A5/nsfw/%E5%8F%A3%E4%BA%A4/%E7%BB%AB%E6%BF%91%E9%81%A5_nsfw_%E5%8F%A3%E4%BA%A4_2.png","人物与园主或其他成员确实共同处于书房、茶间、休息室或客房，进行商议、倾诉旧事、解释顾虑或表达关心；亲近按既定人物关系发展。","许玲月在室内茶间说起个人生活愿望；半身构图，突出人物与关键物件；正常衣着、非露骨画面。","仅在上述场景实际发生、许玲月确实到场、相关同席者也实际在场，且已接入的正常新图与该画面吻合时，输出[许玲月][口交][2]。未换图或场景不符时不调用此编号。","","正常图片待接入"
"许玲月","私室交谈","口交","3","许玲月/口交/3.png","https://cdn.jsdelivr.net/gh/lsr756480586-dev/baicao-images@main/%E8%AE%B8%E7%8E%B2%E6%9C%88/%E5%8F%A3%E4%BA%A4/3.png","https://cdn.jsdelivr.net/gh/Yehehua1311/mu-pig@main/%E7%BB%AB%E6%BF%91%E9%81%A5/nsfw/%E5%8F%A3%E4%BA%A4/%E7%BB%AB%E6%BF%91%E9%81%A5_nsfw_%E5%8F%A3%E4%BA%A4_3.png","人物与园主或其他成员确实共同处于书房、茶间、休息室或客房，进行商议、倾诉旧事、解释顾虑或表达关心；亲近按既定人物关系发展。","许玲月在住处待客间谈论已经发生的旧事；半身构图，突出人物与关键物件；正常衣着、非露骨画面。","仅在上述场景实际发生、许玲月确实到场、相关同席者也实际在场，且已接入的正常新图与该画面吻合时，输出[许玲月][口交][3]。未换图或场景不符时不调用此编号。","","正常图片待接入"
"许玲月","私室交谈","口交","4","许玲月/口交/4.png","https://cdn.jsdelivr.net/gh/lsr756480586-dev/baicao-images@main/%E8%AE%B8%E7%8E%B2%E6%9C%88/%E5%8F%A3%E4%BA%A4/4.png","https://cdn.jsdelivr.net/gh/Yehehua1311/mu-pig@main/%E7%BB%AB%E6%BF%91%E9%81%A5/nsfw/%E5%8F%A3%E4%BA%A4/%E7%BB%AB%E6%BF%91%E9%81%A5_nsfw_%E5%8F%A3%E4%BA%A4_4.png","人物与园主或其他成员确实共同处于书房、茶间、休息室或客房，进行商议、倾诉旧事、解释顾虑或表达关心；亲近按既定人物关系发展。","许玲月在关门的休息室说明工作顾虑；半身构图，突出人物与关键物件；正常衣着、非露骨画面。","仅在上述场景实际发生、许玲月确实到场、相关同席者也实际在场，且已接入的正常新图与该画面吻合时，输出[许玲月][口交][4]。未换图或场景不符时不调用此编号。","","正常图片待接入"
"许玲月","私室交谈","口交","5","许玲月/口交/5.png","https://cdn.jsdelivr.net/gh/lsr756480586-dev/baicao-images@main/%E8%AE%B8%E7%8E%B2%E6%9C%88/%E5%8F%A3%E4%BA%A4/5.png","https://cdn.jsdelivr.net/gh/Yehehua1311/mu-pig@main/%E7%BB%AB%E6%BF%91%E9%81%A5/nsfw/%E5%8F%A3%E4%BA%A4/%E7%BB%AB%E6%BF%91%E9%81%A5_nsfw_%E5%8F%A3%E4%BA%A4_5.png","人物与园主或其他成员确实共同处于书房、茶间、休息室或客房，进行商议、倾诉旧事、解释顾虑或表达关心；亲近按既定人物关系发展。","许玲月在私人小厅向园主解释一场实际争议；半身构图，突出人物与关键物件；正常衣着、非露骨画面。","仅在上述场景实际发生、许玲月确实到场、相关同席者也实际在场，且已接入的正常新图与该画面吻合时，输出[许玲月][口交][5]。未换图或场景不符时不调用此编号。","","正常图片待接入"
"许玲月","私室交谈","口交","6","许玲月/口交/6.png","https://cdn.jsdelivr.net/gh/lsr756480586-dev/baicao-images@main/%E8%AE%B8%E7%8E%B2%E6%9C%88/%E5%8F%A3%E4%BA%A4/6.png","https://cdn.jsdelivr.net/gh/Yehehua1311/mu-pig@main/%E7%BB%AB%E6%BF%91%E9%81%A5/nsfw/%E5%8F%A3%E4%BA%A4/%E7%BB%AB%E6%BF%91%E9%81%A5_nsfw_%E5%8F%A3%E4%BA%A4_6.png","人物与园主或其他成员确实共同处于书房、茶间、休息室或客房，进行商议、倾诉旧事、解释顾虑或表达关心；亲近按既定人物关系发展。","许玲月在雨夜书房与园主共读地方志；半身构图，突出人物与关键物件；正常衣着、非露骨画面。","仅在上述场景实际发生、许玲月确实到场、相关同席者也实际在场，且已接入的正常新图与该画面吻合时，输出[许玲月][口交][6]。未换图或场景不符时不调用此编号。","","正常图片待接入"
"许玲月","私室交谈","口交","7","许玲月/口交/7.png","https://cdn.jsdelivr.net/gh/lsr756480586-dev/baicao-images@main/%E8%AE%B8%E7%8E%B2%E6%9C%88/%E5%8F%A3%E4%BA%A4/7.png","https://cdn.jsdelivr.net/gh/Yehehua1311/mu-pig@main/%E7%BB%AB%E6%BF%91%E9%81%A5/nsfw/%E5%8F%A3%E4%BA%A4/%E7%BB%AB%E6%BF%91%E9%81%A5_nsfw_%E5%8F%A3%E4%BA%A4_7.png","人物与园主或其他成员确实共同处于书房、茶间、休息室或客房，进行商议、倾诉旧事、解释顾虑或表达关心；亲近按既定人物关系发展。","许玲月在室内与另一位实际到场的成员商议收成簿；半身构图，突出人物与关键物件；正常衣着、非露骨画面。","仅在上述场景实际发生、许玲月确实到场、相关同席者也实际在场，且已接入的正常新图与该画面吻合时，输出[许玲月][口交][7]。未换图或场景不符时不调用此编号。","","正常图片待接入"
"许玲月","私室交谈","口交","8","许玲月/口交/8.png","https://cdn.jsdelivr.net/gh/lsr756480586-dev/baicao-images@main/%E8%AE%B8%E7%8E%B2%E6%9C%88/%E5%8F%A3%E4%BA%A4/8.png","https://cdn.jsdelivr.net/gh/Yehehua1311/mu-pig@main/%E7%BB%AB%E6%BF%91%E9%81%A5/nsfw/%E5%8F%A3%E4%BA%A4/%E7%BB%AB%E6%BF%91%E9%81%A5_nsfw_%E5%8F%A3%E4%BA%A4_8.png","人物与园主或其他成员确实共同处于书房、茶间、休息室或客房，进行商议、倾诉旧事、解释顾虑或表达关心；亲近按既定人物关系发展。","许玲月在茶案旁表达关心并递上热茶；半身构图，突出人物与关键物件；正常衣着、非露骨画面。","仅在上述场景实际发生、许玲月确实到场、相关同席者也实际在场，且已接入的正常新图与该画面吻合时，输出[许玲月][口交][8]。未换图或场景不符时不调用此编号。","","正常图片待接入"
"许玲月","私室交谈","口交","9","许玲月/口交/9.png","https://cdn.jsdelivr.net/gh/lsr756480586-dev/baicao-images@main/%E8%AE%B8%E7%8E%B2%E6%9C%88/%E5%8F%A3%E4%BA%A4/9.png","https://cdn.jsdelivr.net/gh/Yehehua1311/mu-pig@main/%E7%BB%AB%E6%BF%91%E9%81%A5/nsfw/%E5%8F%A3%E4%BA%A4/%E7%BB%AB%E6%BF%91%E9%81%A5_nsfw_%E5%8F%A3%E4%BA%A4_9.png","人物与园主或其他成员确实共同处于书房、茶间、休息室或客房，进行商议、倾诉旧事、解释顾虑或表达关心；亲近按既定人物关系发展。","许玲月在休息间将尚未解决的问题写在便笺上；半身构图，突出人物与关键物件；正常衣着、非露骨画面。","仅在上述场景实际发生、许玲月确实到场、相关同席者也实际在场，且已接入的正常新图与该画面吻合时，输出[许玲月][口交][9]。未换图或场景不符时不调用此编号。","","正常图片待接入"
"许玲月","私室交谈","口交","10","许玲月/口交/10.png","https://cdn.jsdelivr.net/gh/lsr756480586-dev/baicao-images@main/%E8%AE%B8%E7%8E%B2%E6%9C%88/%E5%8F%A3%E4%BA%A4/10.png","https://cdn.jsdelivr.net/gh/Yehehua1311/mu-pig@main/%E7%BB%AB%E6%BF%91%E9%81%A5/nsfw/%E5%8F%A3%E4%BA%A4/%E7%BB%AB%E6%BF%91%E9%81%A5_nsfw_%E5%8F%A3%E4%BA%A4_10.png","人物与园主或其他成员确实共同处于书房、茶间、休息室或客房，进行商议、倾诉旧事、解释顾虑或表达关心；亲近按既定人物关系发展。","许玲月在灯下谈完正事后轻松闲聊；半身构图，突出人物与关键物件；正常衣着、非露骨画面。","仅在上述场景实际发生、许玲月确实到场、相关同席者也实际在场，且已接入的正常新图与该画面吻合时，输出[许玲月][口交][10]。未换图或场景不符时不调用此编号。","","正常图片待接入"
"许玲月","私室交谈","口交","11","许玲月/口交/11.png","https://cdn.jsdelivr.net/gh/lsr756480586-dev/baicao-images@main/%E8%AE%B8%E7%8E%B2%E6%9C%88/%E5%8F%A3%E4%BA%A4/11.png","https://cdn.jsdelivr.net/gh/Yehehua1311/mu-pig@main/%E7%BB%AB%E6%BF%91%E9%81%A5/nsfw/%E5%8F%A3%E4%BA%A4/%E7%BB%AB%E6%BF%91%E9%81%A5_nsfw_%E5%8F%A3%E4%BA%A4_11.png","人物与园主或其他成员确实共同处于书房、茶间、休息室或客房，进行商议、倾诉旧事、解释顾虑或表达关心；亲近按既定人物关系发展。","许玲月在私人书房与园主同看稻穗；较宽构图，交代人物与场所；正常衣着、非露骨画面。","仅在上述场景实际发生、许玲月确实到场、相关同席者也实际在场，且已接入的正常新图与该画面吻合时，输出[许玲月][口交][11]。未换图或场景不符时不调用此编号。","","正常图片待接入"
"许玲月","私室交谈","口交","12","许玲月/口交/12.png","https://cdn.jsdelivr.net/gh/lsr756480586-dev/baicao-images@main/%E8%AE%B8%E7%8E%B2%E6%9C%88/%E5%8F%A3%E4%BA%A4/12.png","https://cdn.jsdelivr.net/gh/Yehehua1311/mu-pig@main/%E7%BB%AB%E6%BF%91%E9%81%A5/nsfw/%E5%8F%A3%E4%BA%A4/%E7%BB%AB%E6%BF%91%E9%81%A5_nsfw_%E5%8F%A3%E4%BA%A4_12.png","人物与园主或其他成员确实共同处于书房、茶间、休息室或客房，进行商议、倾诉旧事、解释顾虑或表达关心；亲近按既定人物关系发展。","许玲月在室内茶间说起个人生活愿望；较宽构图，交代人物与场所；正常衣着、非露骨画面。","仅在上述场景实际发生、许玲月确实到场、相关同席者也实际在场，且已接入的正常新图与该画面吻合时，输出[许玲月][口交][12]。未换图或场景不符时不调用此编号。","","正常图片待接入"
"许玲月","私室交谈","口交","13","许玲月/口交/13.png","https://cdn.jsdelivr.net/gh/lsr756480586-dev/baicao-images@main/%E8%AE%B8%E7%8E%B2%E6%9C%88/%E5%8F%A3%E4%BA%A4/13.png","https://cdn.jsdelivr.net/gh/Yehehua1311/mu-pig@main/%E7%BB%AB%E6%BF%91%E9%81%A5/nsfw/%E5%8F%A3%E4%BA%A4/%E7%BB%AB%E6%BF%91%E9%81%A5_nsfw_%E5%8F%A3%E4%BA%A4_13.png","人物与园主或其他成员确实共同处于书房、茶间、休息室或客房，进行商议、倾诉旧事、解释顾虑或表达关心；亲近按既定人物关系发展。","许玲月在住处待客间谈论已经发生的旧事；较宽构图，交代人物与场所；正常衣着、非露骨画面。","仅在上述场景实际发生、许玲月确实到场、相关同席者也实际在场，且已接入的正常新图与该画面吻合时，输出[许玲月][口交][13]。未换图或场景不符时不调用此编号。","","正常图片待接入"
"许玲月","私室交谈","口交","14","许玲月/口交/14.png","https://cdn.jsdelivr.net/gh/lsr756480586-dev/baicao-images@main/%E8%AE%B8%E7%8E%B2%E6%9C%88/%E5%8F%A3%E4%BA%A4/14.png","https://cdn.jsdelivr.net/gh/Yehehua1311/mu-pig@main/%E7%BB%AB%E6%BF%91%E9%81%A5/nsfw/%E5%8F%A3%E4%BA%A4/%E7%BB%AB%E6%BF%91%E9%81%A5_nsfw_%E5%8F%A3%E4%BA%A4_14.png","人物与园主或其他成员确实共同处于书房、茶间、休息室或客房，进行商议、倾诉旧事、解释顾虑或表达关心；亲近按既定人物关系发展。","许玲月在关门的休息室说明工作顾虑；较宽构图，交代人物与场所；正常衣着、非露骨画面。","仅在上述场景实际发生、许玲月确实到场、相关同席者也实际在场，且已接入的正常新图与该画面吻合时，输出[许玲月][口交][14]。未换图或场景不符时不调用此编号。","","正常图片待接入"
"许玲月","协作修习","性交","1","许玲月/性交/1.png","https://cdn.jsdelivr.net/gh/lsr756480586-dev/baicao-images@main/%E8%AE%B8%E7%8E%B2%E6%9C%88/%E6%80%A7%E4%BA%A4/1.png","https://cdn.jsdelivr.net/gh/Yehehua1311/mu-pig@main/%E7%BB%AB%E6%BF%91%E9%81%A5/nsfw/%E6%80%A7%E4%BA%A4/%E7%BB%AB%E6%BF%91%E9%81%A5_nsfw_%E6%80%A7%E4%BA%A4_1.png","人物实际在场，共同研习术法、调试符器、练剑、试制农具兵器或协作完成一项工作，出现与图片对应的操作、指点或成果展示。","许玲月在工作间与同席者核对稻穗的操作或记录步骤；半身构图，突出人物与关键物件；正常衣着、非露骨画面。","仅在上述场景实际发生、许玲月确实到场、相关同席者也实际在场，且已接入的正常新图与该画面吻合时，输出[许玲月][性交][1]。未换图或场景不符时不调用此编号。","","正常图片待接入"
"许玲月","协作修习","性交","2","许玲月/性交/2.png","https://cdn.jsdelivr.net/gh/lsr756480586-dev/baicao-images@main/%E8%AE%B8%E7%8E%B2%E6%9C%88/%E6%80%A7%E4%BA%A4/2.png","https://cdn.jsdelivr.net/gh/Yehehua1311/mu-pig@main/%E7%BB%AB%E6%BF%91%E9%81%A5/nsfw/%E6%80%A7%E4%BA%A4/%E7%BB%AB%E6%BF%91%E9%81%A5_nsfw_%E6%80%A7%E4%BA%A4_2.png","人物实际在场，共同研习术法、调试符器、练剑、试制农具兵器或协作完成一项工作，出现与图片对应的操作、指点或成果展示。","许玲月在室内向园主展示与粮袋有关的专业方法；半身构图，突出人物与关键物件；正常衣着、非露骨画面。","仅在上述场景实际发生、许玲月确实到场、相关同席者也实际在场，且已接入的正常新图与该画面吻合时，输出[许玲月][性交][2]。未换图或场景不符时不调用此编号。","","正常图片待接入"
"许玲月","协作修习","性交","3","许玲月/性交/3.png","https://cdn.jsdelivr.net/gh/lsr756480586-dev/baicao-images@main/%E8%AE%B8%E7%8E%B2%E6%9C%88/%E6%80%A7%E4%BA%A4/3.png","https://cdn.jsdelivr.net/gh/Yehehua1311/mu-pig@main/%E7%BB%AB%E6%BF%91%E9%81%A5/nsfw/%E6%80%A7%E4%BA%A4/%E7%BB%AB%E6%BF%91%E9%81%A5_nsfw_%E6%80%A7%E4%BA%A4_3.png","人物实际在场，共同研习术法、调试符器、练剑、试制农具兵器或协作完成一项工作，出现与图片对应的操作、指点或成果展示。","许玲月在工坊参与一项已有能力范围内的协作任务；半身构图，突出人物与关键物件；正常衣着、非露骨画面。","仅在上述场景实际发生、许玲月确实到场、相关同席者也实际在场，且已接入的正常新图与该画面吻合时，输出[许玲月][性交][3]。未换图或场景不符时不调用此编号。","","正常图片待接入"
"许玲月","协作修习","性交","4","许玲月/性交/4.png","https://cdn.jsdelivr.net/gh/lsr756480586-dev/baicao-images@main/%E8%AE%B8%E7%8E%B2%E6%9C%88/%E6%80%A7%E4%BA%A4/4.png","https://cdn.jsdelivr.net/gh/Yehehua1311/mu-pig@main/%E7%BB%AB%E6%BF%91%E9%81%A5/nsfw/%E6%80%A7%E4%BA%A4/%E7%BB%AB%E6%BF%91%E9%81%A5_nsfw_%E6%80%A7%E4%BA%A4_4.png","人物实际在场，共同研习术法、调试符器、练剑、试制农具兵器或协作完成一项工作，出现与图片对应的操作、指点或成果展示。","许玲月在书房与同席者共同推演收成簿；半身构图，突出人物与关键物件；正常衣着、非露骨画面。","仅在上述场景实际发生、许玲月确实到场、相关同席者也实际在场，且已接入的正常新图与该画面吻合时，输出[许玲月][性交][4]。未换图或场景不符时不调用此编号。","","正常图片待接入"
"许玲月","协作修习","性交","5","许玲月/性交/5.png","https://cdn.jsdelivr.net/gh/lsr756480586-dev/baicao-images@main/%E8%AE%B8%E7%8E%B2%E6%9C%88/%E6%80%A7%E4%BA%A4/5.png","https://cdn.jsdelivr.net/gh/Yehehua1311/mu-pig@main/%E7%BB%AB%E6%BF%91%E9%81%A5/nsfw/%E6%80%A7%E4%BA%A4/%E7%BB%AB%E6%BF%91%E9%81%A5_nsfw_%E6%80%A7%E4%BA%A4_5.png","人物实际在场，共同研习术法、调试符器、练剑、试制农具兵器或协作完成一项工作，出现与图片对应的操作、指点或成果展示。","许玲月在练习室学习基础护身动作，不额外获得高阶能力；半身构图，突出人物与关键物件；正常衣着、非露骨画面。","仅在上述场景实际发生、许玲月确实到场、相关同席者也实际在场，且已接入的正常新图与该画面吻合时，输出[许玲月][性交][5]。未换图或场景不符时不调用此编号。","","正常图片待接入"
"许玲月","协作修习","性交","6","许玲月/性交/6.png","https://cdn.jsdelivr.net/gh/lsr756480586-dev/baicao-images@main/%E8%AE%B8%E7%8E%B2%E6%9C%88/%E6%80%A7%E4%BA%A4/6.png","https://cdn.jsdelivr.net/gh/Yehehua1311/mu-pig@main/%E7%BB%AB%E6%BF%91%E9%81%A5/nsfw/%E6%80%A7%E4%BA%A4/%E7%BB%AB%E6%BF%91%E9%81%A5_nsfw_%E6%80%A7%E4%BA%A4_6.png","人物实际在场，共同研习术法、调试符器、练剑、试制农具兵器或协作完成一项工作，出现与图片对应的操作、指点或成果展示。","许玲月在工作台旁协助记录一次实际测试结果；半身构图，突出人物与关键物件；正常衣着、非露骨画面。","仅在上述场景实际发生、许玲月确实到场、相关同席者也实际在场，且已接入的正常新图与该画面吻合时，输出[许玲月][性交][6]。未换图或场景不符时不调用此编号。","","正常图片待接入"
"许玲月","协作修习","性交","7","许玲月/性交/7.png","https://cdn.jsdelivr.net/gh/lsr756480586-dev/baicao-images@main/%E8%AE%B8%E7%8E%B2%E6%9C%88/%E6%80%A7%E4%BA%A4/7.png","https://cdn.jsdelivr.net/gh/Yehehua1311/mu-pig@main/%E7%BB%AB%E6%BF%91%E9%81%A5/nsfw/%E6%80%A7%E4%BA%A4/%E7%BB%AB%E6%BF%91%E9%81%A5_nsfw_%E6%80%A7%E4%BA%A4_7.png","人物实际在场，共同研习术法、调试符器、练剑、试制农具兵器或协作完成一项工作，出现与图片对应的操作、指点或成果展示。","许玲月在室内向实际到场的成员请教一个具体问题；半身构图，突出人物与关键物件；正常衣着、非露骨画面。","仅在上述场景实际发生、许玲月确实到场、相关同席者也实际在场，且已接入的正常新图与该画面吻合时，输出[许玲月][性交][7]。未换图或场景不符时不调用此编号。","","正常图片待接入"
"许玲月","协作修习","性交","8","许玲月/性交/8.png","https://cdn.jsdelivr.net/gh/lsr756480586-dev/baicao-images@main/%E8%AE%B8%E7%8E%B2%E6%9C%88/%E6%80%A7%E4%BA%A4/8.png","https://cdn.jsdelivr.net/gh/Yehehua1311/mu-pig@main/%E7%BB%AB%E6%BF%91%E9%81%A5/nsfw/%E6%80%A7%E4%BA%A4/%E7%BB%AB%E6%BF%91%E9%81%A5_nsfw_%E6%80%A7%E4%BA%A4_8.png","人物实际在场，共同研习术法、调试符器、练剑、试制农具兵器或协作完成一项工作，出现与图片对应的操作、指点或成果展示。","许玲月在完成协作后展示已制作或整理的成果；半身构图，突出人物与关键物件；正常衣着、非露骨画面。","仅在上述场景实际发生、许玲月确实到场、相关同席者也实际在场，且已接入的正常新图与该画面吻合时，输出[许玲月][性交][8]。未换图或场景不符时不调用此编号。","","正常图片待接入"
"许玲月","协作修习","性交","9","许玲月/性交/9.png","https://cdn.jsdelivr.net/gh/lsr756480586-dev/baicao-images@main/%E8%AE%B8%E7%8E%B2%E6%9C%88/%E6%80%A7%E4%BA%A4/9.png","https://cdn.jsdelivr.net/gh/Yehehua1311/mu-pig@main/%E7%BB%AB%E6%BF%91%E9%81%A5/nsfw/%E6%80%A7%E4%BA%A4/%E7%BB%AB%E6%BF%91%E9%81%A5_nsfw_%E6%80%A7%E4%BA%A4_9.png","人物实际在场，共同研习术法、调试符器、练剑、试制农具兵器或协作完成一项工作，出现与图片对应的操作、指点或成果展示。","许玲月在遇到失误时指认问题并重新核对步骤；半身构图，突出人物与关键物件；正常衣着、非露骨画面。","仅在上述场景实际发生、许玲月确实到场、相关同席者也实际在场，且已接入的正常新图与该画面吻合时，输出[许玲月][性交][9]。未换图或场景不符时不调用此编号。","","正常图片待接入"
"许玲月","协作修习","性交","10","许玲月/性交/10.png","https://cdn.jsdelivr.net/gh/lsr756480586-dev/baicao-images@main/%E8%AE%B8%E7%8E%B2%E6%9C%88/%E6%80%A7%E4%BA%A4/10.png","https://cdn.jsdelivr.net/gh/Yehehua1311/mu-pig@main/%E7%BB%AB%E6%BF%91%E9%81%A5/nsfw/%E6%80%A7%E4%BA%A4/%E7%BB%AB%E6%BF%91%E9%81%A5_nsfw_%E6%80%A7%E4%BA%A4_10.png","人物实际在场，共同研习术法、调试符器、练剑、试制农具兵器或协作完成一项工作，出现与图片对应的操作、指点或成果展示。","许玲月在休息室与同席者总结已经完成的练习；半身构图，突出人物与关键物件；正常衣着、非露骨画面。","仅在上述场景实际发生、许玲月确实到场、相关同席者也实际在场，且已接入的正常新图与该画面吻合时，输出[许玲月][性交][10]。未换图或场景不符时不调用此编号。","","正常图片待接入"
"许玲月","协作修习","性交","11","许玲月/性交/11.png","https://cdn.jsdelivr.net/gh/lsr756480586-dev/baicao-images@main/%E8%AE%B8%E7%8E%B2%E6%9C%88/%E6%80%A7%E4%BA%A4/11.png","https://cdn.jsdelivr.net/gh/Yehehua1311/mu-pig@main/%E7%BB%AB%E6%BF%91%E9%81%A5/nsfw/%E6%80%A7%E4%BA%A4/%E7%BB%AB%E6%BF%91%E9%81%A5_nsfw_%E6%80%A7%E4%BA%A4_11.png","人物实际在场，共同研习术法、调试符器、练剑、试制农具兵器或协作完成一项工作，出现与图片对应的操作、指点或成果展示。","许玲月在工作间与同席者核对稻穗的操作或记录步骤；较宽构图，交代人物与场所；正常衣着、非露骨画面。","仅在上述场景实际发生、许玲月确实到场、相关同席者也实际在场，且已接入的正常新图与该画面吻合时，输出[许玲月][性交][11]。未换图或场景不符时不调用此编号。","","正常图片待接入"
"许玲月","协作修习","性交","12","许玲月/性交/12.png","https://cdn.jsdelivr.net/gh/lsr756480586-dev/baicao-images@main/%E8%AE%B8%E7%8E%B2%E6%9C%88/%E6%80%A7%E4%BA%A4/12.png","https://cdn.jsdelivr.net/gh/Yehehua1311/mu-pig@main/%E7%BB%AB%E6%BF%91%E9%81%A5/nsfw/%E6%80%A7%E4%BA%A4/%E7%BB%AB%E6%BF%91%E9%81%A5_nsfw_%E6%80%A7%E4%BA%A4_12.png","人物实际在场，共同研习术法、调试符器、练剑、试制农具兵器或协作完成一项工作，出现与图片对应的操作、指点或成果展示。","许玲月在室内向园主展示与粮袋有关的专业方法；较宽构图，交代人物与场所；正常衣着、非露骨画面。","仅在上述场景实际发生、许玲月确实到场、相关同席者也实际在场，且已接入的正常新图与该画面吻合时，输出[许玲月][性交][12]。未换图或场景不符时不调用此编号。","","正常图片待接入"
"许玲月","协作修习","性交","13","许玲月/性交/13.png","https://cdn.jsdelivr.net/gh/lsr756480586-dev/baicao-images@main/%E8%AE%B8%E7%8E%B2%E6%9C%88/%E6%80%A7%E4%BA%A4/13.png","https://cdn.jsdelivr.net/gh/Yehehua1311/mu-pig@main/%E7%BB%AB%E6%BF%91%E9%81%A5/nsfw/%E6%80%A7%E4%BA%A4/%E7%BB%AB%E6%BF%91%E9%81%A5_nsfw_%E6%80%A7%E4%BA%A4_13.png","人物实际在场，共同研习术法、调试符器、练剑、试制农具兵器或协作完成一项工作，出现与图片对应的操作、指点或成果展示。","许玲月在工坊参与一项已有能力范围内的协作任务；较宽构图，交代人物与场所；正常衣着、非露骨画面。","仅在上述场景实际发生、许玲月确实到场、相关同席者也实际在场，且已接入的正常新图与该画面吻合时，输出[许玲月][性交][13]。未换图或场景不符时不调用此编号。","","正常图片待接入"
"许玲月","协作修习","性交","14","许玲月/性交/14.png","https://cdn.jsdelivr.net/gh/lsr756480586-dev/baicao-images@main/%E8%AE%B8%E7%8E%B2%E6%9C%88/%E6%80%A7%E4%BA%A4/14.png","https://cdn.jsdelivr.net/gh/Yehehua1311/mu-pig@main/%E7%BB%AB%E6%BF%91%E9%81%A5/nsfw/%E6%80%A7%E4%BA%A4/%E7%BB%AB%E6%BF%91%E9%81%A5_nsfw_%E6%80%A7%E4%BA%A4_14.png","人物实际在场，共同研习术法、调试符器、练剑、试制农具兵器或协作完成一项工作，出现与图片对应的操作、指点或成果展示。","许玲月在书房与同席者共同推演收成簿；较宽构图，交代人物与场所；正常衣着、非露骨画面。","仅在上述场景实际发生、许玲月确实到场、相关同席者也实际在场，且已接入的正常新图与该画面吻合时，输出[许玲月][性交][14]。未换图或场景不符时不调用此编号。","","正常图片待接入"
"许玲月","协作修习","性交","15","许玲月/性交/15.png","https://cdn.jsdelivr.net/gh/lsr756480586-dev/baicao-images@main/%E8%AE%B8%E7%8E%B2%E6%9C%88/%E6%80%A7%E4%BA%A4/15.png","https://cdn.jsdelivr.net/gh/Yehehua1311/mu-pig@main/%E7%BB%AB%E6%BF%91%E9%81%A5/nsfw/%E6%80%A7%E4%BA%A4/%E7%BB%AB%E6%BF%91%E9%81%A5_nsfw_%E6%80%A7%E4%BA%A4_15.png","人物实际在场，共同研习术法、调试符器、练剑、试制农具兵器或协作完成一项工作，出现与图片对应的操作、指点或成果展示。","许玲月在练习室学习基础护身动作，不额外获得高阶能力；较宽构图，交代人物与场所；正常衣着、非露骨画面。","仅在上述场景实际发生、许玲月确实到场、相关同席者也实际在场，且已接入的正常新图与该画面吻合时，输出[许玲月][性交][15]。未换图或场景不符时不调用此编号。","","正常图片待接入"
"许玲月","协作修习","性交","16","许玲月/性交/16.png","https://cdn.jsdelivr.net/gh/lsr756480586-dev/baicao-images@main/%E8%AE%B8%E7%8E%B2%E6%9C%88/%E6%80%A7%E4%BA%A4/16.png","https://cdn.jsdelivr.net/gh/Yehehua1311/mu-pig@main/%E7%BB%AB%E6%BF%91%E9%81%A5/nsfw/%E6%80%A7%E4%BA%A4/%E7%BB%AB%E6%BF%91%E9%81%A5_nsfw_%E6%80%A7%E4%BA%A4_16.png","人物实际在场，共同研习术法、调试符器、练剑、试制农具兵器或协作完成一项工作，出现与图片对应的操作、指点或成果展示。","许玲月在工作台旁协助记录一次实际测试结果；较宽构图，交代人物与场所；正常衣着、非露骨画面。","仅在上述场景实际发生、许玲月确实到场、相关同席者也实际在场，且已接入的正常新图与该画面吻合时，输出[许玲月][性交][16]。未换图或场景不符时不调用此编号。","","正常图片待接入"
"许玲月","协作修习","性交","17","许玲月/性交/17.png","https://cdn.jsdelivr.net/gh/lsr756480586-dev/baicao-images@main/%E8%AE%B8%E7%8E%B2%E6%9C%88/%E6%80%A7%E4%BA%A4/17.png","https://cdn.jsdelivr.net/gh/Yehehua1311/mu-pig@main/%E7%BB%AB%E6%BF%91%E9%81%A5/nsfw/%E6%80%A7%E4%BA%A4/%E7%BB%AB%E6%BF%91%E9%81%A5_nsfw_%E6%80%A7%E4%BA%A4_17.png","人物实际在场，共同研习术法、调试符器、练剑、试制农具兵器或协作完成一项工作，出现与图片对应的操作、指点或成果展示。","许玲月在室内向实际到场的成员请教一个具体问题；较宽构图，交代人物与场所；正常衣着、非露骨画面。","仅在上述场景实际发生、许玲月确实到场、相关同席者也实际在场，且已接入的正常新图与该画面吻合时，输出[许玲月][性交][17]。未换图或场景不符时不调用此编号。","","正常图片待接入"
"许玲月","协作修习","性交","18","许玲月/性交/18.png","https://cdn.jsdelivr.net/gh/lsr756480586-dev/baicao-images@main/%E8%AE%B8%E7%8E%B2%E6%9C%88/%E6%80%A7%E4%BA%A4/18.png","https://cdn.jsdelivr.net/gh/Yehehua1311/mu-pig@main/%E7%BB%AB%E6%BF%91%E9%81%A5/nsfw/%E6%80%A7%E4%BA%A4/%E7%BB%AB%E6%BF%91%E9%81%A5_nsfw_%E6%80%A7%E4%BA%A4_18.png","人物实际在场，共同研习术法、调试符器、练剑、试制农具兵器或协作完成一项工作，出现与图片对应的操作、指点或成果展示。","许玲月在完成协作后展示已制作或整理的成果；较宽构图，交代人物与场所；正常衣着、非露骨画面。","仅在上述场景实际发生、许玲月确实到场、相关同席者也实际在场，且已接入的正常新图与该画面吻合时，输出[许玲月][性交][18]。未换图或场景不符时不调用此编号。","","正常图片待接入"
"许玲月","协作修习","性交","19","许玲月/性交/19.png","https://cdn.jsdelivr.net/gh/lsr756480586-dev/baicao-images@main/%E8%AE%B8%E7%8E%B2%E6%9C%88/%E6%80%A7%E4%BA%A4/19.png","https://cdn.jsdelivr.net/gh/Yehehua1311/mu-pig@main/%E7%BB%AB%E6%BF%91%E9%81%A5/nsfw/%E6%80%A7%E4%BA%A4/%E7%BB%AB%E6%BF%91%E9%81%A5_nsfw_%E6%80%A7%E4%BA%A4_19.png","人物实际在场，共同研习术法、调试符器、练剑、试制农具兵器或协作完成一项工作，出现与图片对应的操作、指点或成果展示。","许玲月在遇到失误时指认问题并重新核对步骤；较宽构图，交代人物与场所；正常衣着、非露骨画面。","仅在上述场景实际发生、许玲月确实到场、相关同席者也实际在场，且已接入的正常新图与该画面吻合时，输出[许玲月][性交][19]。未换图或场景不符时不调用此编号。","","正常图片待接入"
"褚采薇","立绘","","","褚采薇/立绘.png","https://cdn.jsdelivr.net/gh/lsr756480586-dev/baicao-images@main/%E8%A4%9A%E9%87%87%E8%96%87/%E7%AB%8B%E7%BB%98.png","https://i.postimg.cc/bvh7fH2V/510db3cc-3c8f-42e5-874e-8912278b51e3.png","在人物菜单、状态栏或人物图库中显示该人物时使用。","褚采薇身着已确定的日常衣装，正面人物立绘，背景简洁。","人物菜单、状态栏或图库实际显示该人物时使用。","","立绘"
"褚采薇","日常","sfw","1","褚采薇/sfw/1.png","https://cdn.jsdelivr.net/gh/lsr756480586-dev/baicao-images@main/%E8%A4%9A%E9%87%87%E8%96%87/sfw/1.png","https://cdn.jsdelivr.net/gh/Yehehua1311/mu-pig@main/%E9%98%BF%E6%96%AF%E7%89%B9%E4%B8%BD%E5%BE%B7%C2%B7%E9%9C%B2%E6%98%93%E4%B8%9D/sfw/%E9%98%BF%E6%96%AF%E7%89%B9%E4%B8%BD%E5%BE%B7%C2%B7%E9%9C%B2%E6%98%93%E4%B8%9D_sfw_1.png","人物实际在场，进行园务汇报、种粮育药、修器织染、用餐饮茶或公开会面，且画面适合当前情节。","褚采薇在岗位工作间展示药苗并汇报进展；半身构图，突出人物与关键物件；正常衣着、非露骨画面。","仅在上述场景实际发生、褚采薇确实到场、相关同席者也实际在场，且已接入的正常新图与该画面吻合时，输出[褚采薇][sfw][1]。未换图或场景不符时不调用此编号。","","暂用原日常图，新画面计划待接入"
"褚采薇","日常","sfw","2","褚采薇/sfw/2.png","https://cdn.jsdelivr.net/gh/lsr756480586-dev/baicao-images@main/%E8%A4%9A%E9%87%87%E8%96%87/sfw/2.png","https://cdn.jsdelivr.net/gh/Yehehua1311/mu-pig@main/%E9%98%BF%E6%96%AF%E7%89%B9%E4%B8%BD%E5%BE%B7%C2%B7%E9%9C%B2%E6%98%93%E4%B8%9D/sfw/%E9%98%BF%E6%96%AF%E7%89%B9%E4%B8%BD%E5%BE%B7%C2%B7%E9%9C%B2%E6%98%93%E4%B8%9D_sfw_2.png","人物实际在场，进行园务汇报、种粮育药、修器织染、用餐饮茶或公开会面，且画面适合当前情节。","褚采薇在室内茶间准备清茶；半身构图，突出人物与关键物件；正常衣着、非露骨画面。","仅在上述场景实际发生、褚采薇确实到场、相关同席者也实际在场，且已接入的正常新图与该画面吻合时，输出[褚采薇][sfw][2]。未换图或场景不符时不调用此编号。","","暂用原日常图，新画面计划待接入"
"褚采薇","日常","sfw","3","褚采薇/sfw/3.png","https://cdn.jsdelivr.net/gh/lsr756480586-dev/baicao-images@main/%E8%A4%9A%E9%87%87%E8%96%87/sfw/3.png","https://cdn.jsdelivr.net/gh/Yehehua1311/mu-pig@main/%E9%98%BF%E6%96%AF%E7%89%B9%E4%B8%BD%E5%BE%B7%C2%B7%E9%9C%B2%E6%98%93%E4%B8%9D/sfw/%E9%98%BF%E6%96%AF%E7%89%B9%E4%B8%BD%E5%BE%B7%C2%B7%E9%9C%B2%E6%98%93%E4%B8%9D_sfw_3.png","人物实际在场，进行园务汇报、种粮育药、修器织染、用餐饮茶或公开会面，且画面适合当前情节。","褚采薇在窗边翻阅与育苗盘有关的记录；半身构图，突出人物与关键物件；正常衣着、非露骨画面。","仅在上述场景实际发生、褚采薇确实到场、相关同席者也实际在场，且已接入的正常新图与该画面吻合时，输出[褚采薇][sfw][3]。未换图或场景不符时不调用此编号。","","暂用原日常图，新画面计划待接入"
"褚采薇","日常","sfw","4","褚采薇/sfw/4.png","https://cdn.jsdelivr.net/gh/lsr756480586-dev/baicao-images@main/%E8%A4%9A%E9%87%87%E8%96%87/sfw/4.png","https://cdn.jsdelivr.net/gh/Yehehua1311/mu-pig@main/%E9%98%BF%E6%96%AF%E7%89%B9%E4%B8%BD%E5%BE%B7%C2%B7%E9%9C%B2%E6%98%93%E4%B8%9D/sfw/%E9%98%BF%E6%96%AF%E7%89%B9%E4%B8%BD%E5%BE%B7%C2%B7%E9%9C%B2%E6%98%93%E4%B8%9D_sfw_4.png","人物实际在场，进行园务汇报、种粮育药、修器织染、用餐饮茶或公开会面，且画面适合当前情节。","褚采薇在工作结束后收整点心包；半身构图，突出人物与关键物件；正常衣着、非露骨画面。","仅在上述场景实际发生、褚采薇确实到场、相关同席者也实际在场，且已接入的正常新图与该画面吻合时，输出[褚采薇][sfw][4]。未换图或场景不符时不调用此编号。","","暂用原日常图，新画面计划待接入"
"褚采薇","日常","sfw","5","褚采薇/sfw/5.png","https://cdn.jsdelivr.net/gh/lsr756480586-dev/baicao-images@main/%E8%A4%9A%E9%87%87%E8%96%87/sfw/5.png","https://cdn.jsdelivr.net/gh/Yehehua1311/mu-pig@main/%E9%98%BF%E6%96%AF%E7%89%B9%E4%B8%BD%E5%BE%B7%C2%B7%E9%9C%B2%E6%98%93%E4%B8%9D/sfw/%E9%98%BF%E6%96%AF%E7%89%B9%E4%B8%BD%E5%BE%B7%C2%B7%E9%9C%B2%E6%98%93%E4%B8%9D_sfw_5.png","人物实际在场，进行园务汇报、种粮育药、修器织染、用餐饮茶或公开会面，且画面适合当前情节。","褚采薇在白帝城商铺挑选生活物资；半身构图，突出人物与关键物件；正常衣着、非露骨画面。","仅在上述场景实际发生、褚采薇确实到场、相关同席者也实际在场，且已接入的正常新图与该画面吻合时，输出[褚采薇][sfw][5]。未换图或场景不符时不调用此编号。","","暂用原日常图，新画面计划待接入"
"褚采薇","日常","sfw","6","褚采薇/sfw/6.png","https://cdn.jsdelivr.net/gh/lsr756480586-dev/baicao-images@main/%E8%A4%9A%E9%87%87%E8%96%87/sfw/6.png","https://cdn.jsdelivr.net/gh/Yehehua1311/mu-pig@main/%E9%98%BF%E6%96%AF%E7%89%B9%E4%B8%BD%E5%BE%B7%C2%B7%E9%9C%B2%E6%98%93%E4%B8%9D/sfw/%E9%98%BF%E6%96%AF%E7%89%B9%E4%B8%BD%E5%BE%B7%C2%B7%E9%9C%B2%E6%98%93%E4%B8%9D_sfw_6.png","人物实际在场，进行园务汇报、种粮育药、修器织染、用餐饮茶或公开会面，且画面适合当前情节。","褚采薇在青州城客栈核对随身物品；半身构图，突出人物与关键物件；正常衣着、非露骨画面。","仅在上述场景实际发生、褚采薇确实到场、相关同席者也实际在场，且已接入的正常新图与该画面吻合时，输出[褚采薇][sfw][6]。未换图或场景不符时不调用此编号。","","暂用原日常图，新画面计划待接入"
"褚采薇","日常","sfw","7","褚采薇/sfw/7.png","https://cdn.jsdelivr.net/gh/lsr756480586-dev/baicao-images@main/%E8%A4%9A%E9%87%87%E8%96%87/sfw/7.png","https://cdn.jsdelivr.net/gh/Yehehua1311/mu-pig@main/%E9%98%BF%E6%96%AF%E7%89%B9%E4%B8%BD%E5%BE%B7%C2%B7%E9%9C%B2%E6%98%93%E4%B8%9D/sfw/%E9%98%BF%E6%96%AF%E7%89%B9%E4%B8%BD%E5%BE%B7%C2%B7%E9%9C%B2%E6%98%93%E4%B8%9D_sfw_7.png","人物实际在场，进行园务汇报、种粮育药、修器织染、用餐饮茶或公开会面，且画面适合当前情节。","褚采薇在百草园食堂同桌用餐；半身构图，突出人物与关键物件；正常衣着、非露骨画面。","仅在上述场景实际发生、褚采薇确实到场、相关同席者也实际在场，且已接入的正常新图与该画面吻合时，输出[褚采薇][sfw][7]。未换图或场景不符时不调用此编号。","","暂用原日常图，新画面计划待接入"
"褚采薇","诊疗照护","肛交","1","褚采薇/肛交/1.png","https://cdn.jsdelivr.net/gh/lsr756480586-dev/baicao-images@main/%E8%A4%9A%E9%87%87%E8%96%87/%E8%82%9B%E4%BA%A4/1.png","https://cdn.jsdelivr.net/gh/Yehehua1311/mu-pig@main/%E9%98%BF%E6%96%AF%E7%89%B9%E4%B8%BD%E5%BE%B7%C2%B7%E9%9C%B2%E6%98%93%E4%B8%9D/nsfw/%E8%82%9B%E4%BA%A4/%E9%98%BF%E6%96%AF%E7%89%B9%E4%B8%BD%E5%BE%B7%C2%B7%E9%9C%B2%E6%98%93%E4%B8%9D_nsfw_%E8%82%9B%E4%BA%A4_1.png","人物实际在场，在药房、诊室或休养房间接受诊察、包扎、调息指导，或照料另一名同处室内的成员；使用正常衣着和非露骨画面。","褚采薇在药房接受药师询问，保持正常衣着；半身构图，突出人物与关键物件；正常衣着、非露骨画面。","仅在上述场景实际发生、褚采薇确实到场、相关同席者也实际在场，且已接入的正常新图与该画面吻合时，输出[褚采薇][肛交][1]。未换图或场景不符时不调用此编号。","","正常图片待接入"
"褚采薇","诊疗照护","肛交","2","褚采薇/肛交/2.png","https://cdn.jsdelivr.net/gh/lsr756480586-dev/baicao-images@main/%E8%A4%9A%E9%87%87%E8%96%87/%E8%82%9B%E4%BA%A4/2.png","https://cdn.jsdelivr.net/gh/Yehehua1311/mu-pig@main/%E9%98%BF%E6%96%AF%E7%89%B9%E4%B8%BD%E5%BE%B7%C2%B7%E9%9C%B2%E6%98%93%E4%B8%9D/nsfw/%E8%82%9B%E4%BA%A4/%E9%98%BF%E6%96%AF%E7%89%B9%E4%B8%BD%E5%BE%B7%C2%B7%E9%9C%B2%E6%98%93%E4%B8%9D_nsfw_%E8%82%9B%E4%BA%A4_2.png","人物实际在场，在药房、诊室或休养房间接受诊察、包扎、调息指导，或照料另一名同处室内的成员；使用正常衣着和非露骨画面。","褚采薇在诊室就座，由医者检查手臂上的小伤；半身构图，突出人物与关键物件；正常衣着、非露骨画面。","仅在上述场景实际发生、褚采薇确实到场、相关同席者也实际在场，且已接入的正常新图与该画面吻合时，输出[褚采薇][肛交][2]。未换图或场景不符时不调用此编号。","","正常图片待接入"
"褚采薇","诊疗照护","肛交","3","褚采薇/肛交/3.png","https://cdn.jsdelivr.net/gh/lsr756480586-dev/baicao-images@main/%E8%A4%9A%E9%87%87%E8%96%87/%E8%82%9B%E4%BA%A4/3.png","https://cdn.jsdelivr.net/gh/Yehehua1311/mu-pig@main/%E9%98%BF%E6%96%AF%E7%89%B9%E4%B8%BD%E5%BE%B7%C2%B7%E9%9C%B2%E6%98%93%E4%B8%9D/nsfw/%E8%82%9B%E4%BA%A4/%E9%98%BF%E6%96%AF%E7%89%B9%E4%B8%BD%E5%BE%B7%C2%B7%E9%9C%B2%E6%98%93%E4%B8%9D_nsfw_%E8%82%9B%E4%BA%A4_3.png","人物实际在场，在药房、诊室或休养房间接受诊察、包扎、调息指导，或照料另一名同处室内的成员；使用正常衣着和非露骨画面。","褚采薇在休养房间接过温水与药盏；半身构图，突出人物与关键物件；正常衣着、非露骨画面。","仅在上述场景实际发生、褚采薇确实到场、相关同席者也实际在场，且已接入的正常新图与该画面吻合时，输出[褚采薇][肛交][3]。未换图或场景不符时不调用此编号。","","正常图片待接入"
"褚采薇","诊疗照护","肛交","4","褚采薇/肛交/4.png","https://cdn.jsdelivr.net/gh/lsr756480586-dev/baicao-images@main/%E8%A4%9A%E9%87%87%E8%96%87/%E8%82%9B%E4%BA%A4/4.png","https://cdn.jsdelivr.net/gh/Yehehua1311/mu-pig@main/%E9%98%BF%E6%96%AF%E7%89%B9%E4%B8%BD%E5%BE%B7%C2%B7%E9%9C%B2%E6%98%93%E4%B8%9D/nsfw/%E8%82%9B%E4%BA%A4/%E9%98%BF%E6%96%AF%E7%89%B9%E4%B8%BD%E5%BE%B7%C2%B7%E9%9C%B2%E6%98%93%E4%B8%9D_nsfw_%E8%82%9B%E4%BA%A4_4.png","人物实际在场，在药房、诊室或休养房间接受诊察、包扎、调息指导，或照料另一名同处室内的成员；使用正常衣着和非露骨画面。","褚采薇在医者指导下安静调息；半身构图，突出人物与关键物件；正常衣着、非露骨画面。","仅在上述场景实际发生、褚采薇确实到场、相关同席者也实际在场，且已接入的正常新图与该画面吻合时，输出[褚采薇][肛交][4]。未换图或场景不符时不调用此编号。","","正常图片待接入"
"褚采薇","诊疗照护","肛交","5","褚采薇/肛交/5.png","https://cdn.jsdelivr.net/gh/lsr756480586-dev/baicao-images@main/%E8%A4%9A%E9%87%87%E8%96%87/%E8%82%9B%E4%BA%A4/5.png","https://cdn.jsdelivr.net/gh/Yehehua1311/mu-pig@main/%E9%98%BF%E6%96%AF%E7%89%B9%E4%B8%BD%E5%BE%B7%C2%B7%E9%9C%B2%E6%98%93%E4%B8%9D/nsfw/%E8%82%9B%E4%BA%A4/%E9%98%BF%E6%96%AF%E7%89%B9%E4%B8%BD%E5%BE%B7%C2%B7%E9%9C%B2%E6%98%93%E4%B8%9D_nsfw_%E8%82%9B%E4%BA%A4_5.png","人物实际在场，在药房、诊室或休养房间接受诊察、包扎、调息指导，或照料另一名同处室内的成员；使用正常衣着和非露骨画面。","褚采薇在室内为另一位实际到场的成员递送药包；半身构图，突出人物与关键物件；正常衣着、非露骨画面。","仅在上述场景实际发生、褚采薇确实到场、相关同席者也实际在场，且已接入的正常新图与该画面吻合时，输出[褚采薇][肛交][5]。未换图或场景不符时不调用此编号。","","正常图片待接入"
"褚采薇","出行护送","足交","1","褚采薇/足交/1.png","https://cdn.jsdelivr.net/gh/lsr756480586-dev/baicao-images@main/%E8%A4%9A%E9%87%87%E8%96%87/%E8%B6%B3%E4%BA%A4/1.png","https://cdn.jsdelivr.net/gh/Yehehua1311/mu-pig@main/%E9%98%BF%E6%96%AF%E7%89%B9%E4%B8%BD%E5%BE%B7%C2%B7%E9%9C%B2%E6%98%93%E4%B8%9D/nsfw/%E8%B6%B3%E4%BA%A4/%E9%98%BF%E6%96%AF%E7%89%B9%E4%B8%BD%E5%BE%B7%C2%B7%E9%9C%B2%E6%98%93%E4%B8%9D_nsfw_%E8%B6%B3%E4%BA%A4_1.png","人物实际随队采购、护送流民、巡守或赶路，并出现与图片对应的出发、行进、避雨、歇脚或归来情境。","褚采薇在百草园院门核对出行物品后准备出发；半身构图，突出人物与关键物件；正常衣着、非露骨画面。","仅在上述场景实际发生、褚采薇确实到场、相关同席者也实际在场，且已接入的正常新图与该画面吻合时，输出[褚采薇][足交][1]。未换图或场景不符时不调用此编号。","","正常图片待接入"
"褚采薇","出行护送","足交","2","褚采薇/足交/2.png","https://cdn.jsdelivr.net/gh/lsr756480586-dev/baicao-images@main/%E8%A4%9A%E9%87%87%E8%96%87/%E8%B6%B3%E4%BA%A4/2.png","https://cdn.jsdelivr.net/gh/Yehehua1311/mu-pig@main/%E9%98%BF%E6%96%AF%E7%89%B9%E4%B8%BD%E5%BE%B7%C2%B7%E9%9C%B2%E6%98%93%E4%B8%9D/nsfw/%E8%B6%B3%E4%BA%A4/%E9%98%BF%E6%96%AF%E7%89%B9%E4%B8%BD%E5%BE%B7%C2%B7%E9%9C%B2%E6%98%93%E4%B8%9D_nsfw_%E8%B6%B3%E4%BA%A4_2.png","人物实际随队采购、护送流民、巡守或赶路，并出现与图片对应的出发、行进、避雨、歇脚或归来情境。","褚采薇在白帝城街道随队采购；半身构图，突出人物与关键物件；正常衣着、非露骨画面。","仅在上述场景实际发生、褚采薇确实到场、相关同席者也实际在场，且已接入的正常新图与该画面吻合时，输出[褚采薇][足交][2]。未换图或场景不符时不调用此编号。","","正常图片待接入"
"褚采薇","出行护送","足交","3","褚采薇/足交/3.png","https://cdn.jsdelivr.net/gh/lsr756480586-dev/baicao-images@main/%E8%A4%9A%E9%87%87%E8%96%87/%E8%B6%B3%E4%BA%A4/3.png","https://cdn.jsdelivr.net/gh/Yehehua1311/mu-pig@main/%E9%98%BF%E6%96%AF%E7%89%B9%E4%B8%BD%E5%BE%B7%C2%B7%E9%9C%B2%E6%98%93%E4%B8%9D/nsfw/%E8%B6%B3%E4%BA%A4/%E9%98%BF%E6%96%AF%E7%89%B9%E4%B8%BD%E5%BE%B7%C2%B7%E9%9C%B2%E6%98%93%E4%B8%9D_nsfw_%E8%B6%B3%E4%BA%A4_3.png","人物实际随队采购、护送流民、巡守或赶路，并出现与图片对应的出发、行进、避雨、歇脚或归来情境。","褚采薇在青州城城门与同行者核对路引；半身构图，突出人物与关键物件；正常衣着、非露骨画面。","仅在上述场景实际发生、褚采薇确实到场、相关同席者也实际在场，且已接入的正常新图与该画面吻合时，输出[褚采薇][足交][3]。未换图或场景不符时不调用此编号。","","正常图片待接入"
"褚采薇","出行护送","足交","4","褚采薇/足交/4.png","https://cdn.jsdelivr.net/gh/lsr756480586-dev/baicao-images@main/%E8%A4%9A%E9%87%87%E8%96%87/%E8%B6%B3%E4%BA%A4/4.png","https://cdn.jsdelivr.net/gh/Yehehua1311/mu-pig@main/%E9%98%BF%E6%96%AF%E7%89%B9%E4%B8%BD%E5%BE%B7%C2%B7%E9%9C%B2%E6%98%93%E4%B8%9D/nsfw/%E8%B6%B3%E4%BA%A4/%E9%98%BF%E6%96%AF%E7%89%B9%E4%B8%BD%E5%BE%B7%C2%B7%E9%9C%B2%E6%98%93%E4%B8%9D_nsfw_%E8%B6%B3%E4%BA%A4_4.png","人物实际随队采购、护送流民、巡守或赶路，并出现与图片对应的出发、行进、避雨、歇脚或归来情境。","褚采薇在商路途中与队伍短暂停步；半身构图，突出人物与关键物件；正常衣着、非露骨画面。","仅在上述场景实际发生、褚采薇确实到场、相关同席者也实际在场，且已接入的正常新图与该画面吻合时，输出[褚采薇][足交][4]。未换图或场景不符时不调用此编号。","","正常图片待接入"
"褚采薇","出行护送","足交","5","褚采薇/足交/5.png","https://cdn.jsdelivr.net/gh/lsr756480586-dev/baicao-images@main/%E8%A4%9A%E9%87%87%E8%96%87/%E8%B6%B3%E4%BA%A4/5.png","https://cdn.jsdelivr.net/gh/Yehehua1311/mu-pig@main/%E9%98%BF%E6%96%AF%E7%89%B9%E4%B8%BD%E5%BE%B7%C2%B7%E9%9C%B2%E6%98%93%E4%B8%9D/nsfw/%E8%B6%B3%E4%BA%A4/%E9%98%BF%E6%96%AF%E7%89%B9%E4%B8%BD%E5%BE%B7%C2%B7%E9%9C%B2%E6%98%93%E4%B8%9D_nsfw_%E8%B6%B3%E4%BA%A4_5.png","人物实际随队采购、护送流民、巡守或赶路，并出现与图片对应的出发、行进、避雨、歇脚或归来情境。","褚采薇在客栈厅内查看实际路线与药苗；半身构图，突出人物与关键物件；正常衣着、非露骨画面。","仅在上述场景实际发生、褚采薇确实到场、相关同席者也实际在场，且已接入的正常新图与该画面吻合时，输出[褚采薇][足交][5]。未换图或场景不符时不调用此编号。","","正常图片待接入"
"褚采薇","私室交谈","口交","1","褚采薇/口交/1.png","https://cdn.jsdelivr.net/gh/lsr756480586-dev/baicao-images@main/%E8%A4%9A%E9%87%87%E8%96%87/%E5%8F%A3%E4%BA%A4/1.png","https://cdn.jsdelivr.net/gh/Yehehua1311/mu-pig@main/%E9%98%BF%E6%96%AF%E7%89%B9%E4%B8%BD%E5%BE%B7%C2%B7%E9%9C%B2%E6%98%93%E4%B8%9D/nsfw/%E5%8F%A3%E4%BA%A4/%E9%98%BF%E6%96%AF%E7%89%B9%E4%B8%BD%E5%BE%B7%C2%B7%E9%9C%B2%E6%98%93%E4%B8%9D_nsfw_%E5%8F%A3%E4%BA%A4_1.png","人物与园主或其他成员确实共同处于书房、茶间、休息室或客房，进行商议、倾诉旧事、解释顾虑或表达关心；亲近按既定人物关系发展。","褚采薇在私人书房与园主同看药苗；半身构图，突出人物与关键物件；正常衣着、非露骨画面。","仅在上述场景实际发生、褚采薇确实到场、相关同席者也实际在场，且已接入的正常新图与该画面吻合时，输出[褚采薇][口交][1]。未换图或场景不符时不调用此编号。","","正常图片待接入"
"褚采薇","私室交谈","口交","2","褚采薇/口交/2.png","https://cdn.jsdelivr.net/gh/lsr756480586-dev/baicao-images@main/%E8%A4%9A%E9%87%87%E8%96%87/%E5%8F%A3%E4%BA%A4/2.png","https://cdn.jsdelivr.net/gh/Yehehua1311/mu-pig@main/%E9%98%BF%E6%96%AF%E7%89%B9%E4%B8%BD%E5%BE%B7%C2%B7%E9%9C%B2%E6%98%93%E4%B8%9D/nsfw/%E5%8F%A3%E4%BA%A4/%E9%98%BF%E6%96%AF%E7%89%B9%E4%B8%BD%E5%BE%B7%C2%B7%E9%9C%B2%E6%98%93%E4%B8%9D_nsfw_%E5%8F%A3%E4%BA%A4_2.png","人物与园主或其他成员确实共同处于书房、茶间、休息室或客房，进行商议、倾诉旧事、解释顾虑或表达关心；亲近按既定人物关系发展。","褚采薇在室内茶间说起个人生活愿望；半身构图，突出人物与关键物件；正常衣着、非露骨画面。","仅在上述场景实际发生、褚采薇确实到场、相关同席者也实际在场，且已接入的正常新图与该画面吻合时，输出[褚采薇][口交][2]。未换图或场景不符时不调用此编号。","","正常图片待接入"
"褚采薇","私室交谈","口交","3","褚采薇/口交/3.png","https://cdn.jsdelivr.net/gh/lsr756480586-dev/baicao-images@main/%E8%A4%9A%E9%87%87%E8%96%87/%E5%8F%A3%E4%BA%A4/3.png","https://cdn.jsdelivr.net/gh/Yehehua1311/mu-pig@main/%E9%98%BF%E6%96%AF%E7%89%B9%E4%B8%BD%E5%BE%B7%C2%B7%E9%9C%B2%E6%98%93%E4%B8%9D/nsfw/%E5%8F%A3%E4%BA%A4/%E9%98%BF%E6%96%AF%E7%89%B9%E4%B8%BD%E5%BE%B7%C2%B7%E9%9C%B2%E6%98%93%E4%B8%9D_nsfw_%E5%8F%A3%E4%BA%A4_3.png","人物与园主或其他成员确实共同处于书房、茶间、休息室或客房，进行商议、倾诉旧事、解释顾虑或表达关心；亲近按既定人物关系发展。","褚采薇在住处待客间谈论已经发生的旧事；半身构图，突出人物与关键物件；正常衣着、非露骨画面。","仅在上述场景实际发生、褚采薇确实到场、相关同席者也实际在场，且已接入的正常新图与该画面吻合时，输出[褚采薇][口交][3]。未换图或场景不符时不调用此编号。","","正常图片待接入"
"褚采薇","私室交谈","口交","4","褚采薇/口交/4.png","https://cdn.jsdelivr.net/gh/lsr756480586-dev/baicao-images@main/%E8%A4%9A%E9%87%87%E8%96%87/%E5%8F%A3%E4%BA%A4/4.png","https://cdn.jsdelivr.net/gh/Yehehua1311/mu-pig@main/%E9%98%BF%E6%96%AF%E7%89%B9%E4%B8%BD%E5%BE%B7%C2%B7%E9%9C%B2%E6%98%93%E4%B8%9D/nsfw/%E5%8F%A3%E4%BA%A4/%E9%98%BF%E6%96%AF%E7%89%B9%E4%B8%BD%E5%BE%B7%C2%B7%E9%9C%B2%E6%98%93%E4%B8%9D_nsfw_%E5%8F%A3%E4%BA%A4_4.png","人物与园主或其他成员确实共同处于书房、茶间、休息室或客房，进行商议、倾诉旧事、解释顾虑或表达关心；亲近按既定人物关系发展。","褚采薇在关门的休息室说明工作顾虑；半身构图，突出人物与关键物件；正常衣着、非露骨画面。","仅在上述场景实际发生、褚采薇确实到场、相关同席者也实际在场，且已接入的正常新图与该画面吻合时，输出[褚采薇][口交][4]。未换图或场景不符时不调用此编号。","","正常图片待接入"
"褚采薇","私室交谈","口交","5","褚采薇/口交/5.png","https://cdn.jsdelivr.net/gh/lsr756480586-dev/baicao-images@main/%E8%A4%9A%E9%87%87%E8%96%87/%E5%8F%A3%E4%BA%A4/5.png","https://cdn.jsdelivr.net/gh/Yehehua1311/mu-pig@main/%E9%98%BF%E6%96%AF%E7%89%B9%E4%B8%BD%E5%BE%B7%C2%B7%E9%9C%B2%E6%98%93%E4%B8%9D/nsfw/%E5%8F%A3%E4%BA%A4/%E9%98%BF%E6%96%AF%E7%89%B9%E4%B8%BD%E5%BE%B7%C2%B7%E9%9C%B2%E6%98%93%E4%B8%9D_nsfw_%E5%8F%A3%E4%BA%A4_5.png","人物与园主或其他成员确实共同处于书房、茶间、休息室或客房，进行商议、倾诉旧事、解释顾虑或表达关心；亲近按既定人物关系发展。","褚采薇在私人小厅向园主解释一场实际争议；半身构图，突出人物与关键物件；正常衣着、非露骨画面。","仅在上述场景实际发生、褚采薇确实到场、相关同席者也实际在场，且已接入的正常新图与该画面吻合时，输出[褚采薇][口交][5]。未换图或场景不符时不调用此编号。","","正常图片待接入"
"褚采薇","私室交谈","口交","6","褚采薇/口交/6.png","https://cdn.jsdelivr.net/gh/lsr756480586-dev/baicao-images@main/%E8%A4%9A%E9%87%87%E8%96%87/%E5%8F%A3%E4%BA%A4/6.png","https://cdn.jsdelivr.net/gh/Yehehua1311/mu-pig@main/%E9%98%BF%E6%96%AF%E7%89%B9%E4%B8%BD%E5%BE%B7%C2%B7%E9%9C%B2%E6%98%93%E4%B8%9D/nsfw/%E5%8F%A3%E4%BA%A4/%E9%98%BF%E6%96%AF%E7%89%B9%E4%B8%BD%E5%BE%B7%C2%B7%E9%9C%B2%E6%98%93%E4%B8%9D_nsfw_%E5%8F%A3%E4%BA%A4_6.png","人物与园主或其他成员确实共同处于书房、茶间、休息室或客房，进行商议、倾诉旧事、解释顾虑或表达关心；亲近按既定人物关系发展。","褚采薇在雨夜书房与园主共读地方志；半身构图，突出人物与关键物件；正常衣着、非露骨画面。","仅在上述场景实际发生、褚采薇确实到场、相关同席者也实际在场，且已接入的正常新图与该画面吻合时，输出[褚采薇][口交][6]。未换图或场景不符时不调用此编号。","","正常图片待接入"
"褚采薇","私室交谈","口交","7","褚采薇/口交/7.png","https://cdn.jsdelivr.net/gh/lsr756480586-dev/baicao-images@main/%E8%A4%9A%E9%87%87%E8%96%87/%E5%8F%A3%E4%BA%A4/7.png","https://cdn.jsdelivr.net/gh/Yehehua1311/mu-pig@main/%E9%98%BF%E6%96%AF%E7%89%B9%E4%B8%BD%E5%BE%B7%C2%B7%E9%9C%B2%E6%98%93%E4%B8%9D/nsfw/%E5%8F%A3%E4%BA%A4/%E9%98%BF%E6%96%AF%E7%89%B9%E4%B8%BD%E5%BE%B7%C2%B7%E9%9C%B2%E6%98%93%E4%B8%9D_nsfw_%E5%8F%A3%E4%BA%A4_7.png","人物与园主或其他成员确实共同处于书房、茶间、休息室或客房，进行商议、倾诉旧事、解释顾虑或表达关心；亲近按既定人物关系发展。","褚采薇在室内与另一位实际到场的成员商议点心包；半身构图，突出人物与关键物件；正常衣着、非露骨画面。","仅在上述场景实际发生、褚采薇确实到场、相关同席者也实际在场，且已接入的正常新图与该画面吻合时，输出[褚采薇][口交][7]。未换图或场景不符时不调用此编号。","","正常图片待接入"
"褚采薇","私室交谈","口交","8","褚采薇/口交/8.png","https://cdn.jsdelivr.net/gh/lsr756480586-dev/baicao-images@main/%E8%A4%9A%E9%87%87%E8%96%87/%E5%8F%A3%E4%BA%A4/8.png","https://cdn.jsdelivr.net/gh/Yehehua1311/mu-pig@main/%E9%98%BF%E6%96%AF%E7%89%B9%E4%B8%BD%E5%BE%B7%C2%B7%E9%9C%B2%E6%98%93%E4%B8%9D/nsfw/%E5%8F%A3%E4%BA%A4/%E9%98%BF%E6%96%AF%E7%89%B9%E4%B8%BD%E5%BE%B7%C2%B7%E9%9C%B2%E6%98%93%E4%B8%9D_nsfw_%E5%8F%A3%E4%BA%A4_8.png","人物与园主或其他成员确实共同处于书房、茶间、休息室或客房，进行商议、倾诉旧事、解释顾虑或表达关心；亲近按既定人物关系发展。","褚采薇在茶案旁表达关心并递上热茶；半身构图，突出人物与关键物件；正常衣着、非露骨画面。","仅在上述场景实际发生、褚采薇确实到场、相关同席者也实际在场，且已接入的正常新图与该画面吻合时，输出[褚采薇][口交][8]。未换图或场景不符时不调用此编号。","","正常图片待接入"
"褚采薇","协作修习","性交","1","褚采薇/性交/1.png","https://cdn.jsdelivr.net/gh/lsr756480586-dev/baicao-images@main/%E8%A4%9A%E9%87%87%E8%96%87/%E6%80%A7%E4%BA%A4/1.png","https://cdn.jsdelivr.net/gh/Yehehua1311/mu-pig@main/%E9%98%BF%E6%96%AF%E7%89%B9%E4%B8%BD%E5%BE%B7%C2%B7%E9%9C%B2%E6%98%93%E4%B8%9D/nsfw/%E6%80%A7%E4%BA%A4/%E9%98%BF%E6%96%AF%E7%89%B9%E4%B8%BD%E5%BE%B7%C2%B7%E9%9C%B2%E6%98%93%E4%B8%9D_nsfw_%E6%80%A7%E4%BA%A4_1.png","人物实际在场，共同研习术法、调试符器、练剑、试制农具兵器或协作完成一项工作，出现与图片对应的操作、指点或成果展示。","褚采薇在工作间与同席者核对药苗的操作或记录步骤；半身构图，突出人物与关键物件；正常衣着、非露骨画面。","仅在上述场景实际发生、褚采薇确实到场、相关同席者也实际在场，且已接入的正常新图与该画面吻合时，输出[褚采薇][性交][1]。未换图或场景不符时不调用此编号。","","正常图片待接入"
"褚采薇","协作修习","性交","2","褚采薇/性交/2.png","https://cdn.jsdelivr.net/gh/lsr756480586-dev/baicao-images@main/%E8%A4%9A%E9%87%87%E8%96%87/%E6%80%A7%E4%BA%A4/2.png","https://cdn.jsdelivr.net/gh/Yehehua1311/mu-pig@main/%E9%98%BF%E6%96%AF%E7%89%B9%E4%B8%BD%E5%BE%B7%C2%B7%E9%9C%B2%E6%98%93%E4%B8%9D/nsfw/%E6%80%A7%E4%BA%A4/%E9%98%BF%E6%96%AF%E7%89%B9%E4%B8%BD%E5%BE%B7%C2%B7%E9%9C%B2%E6%98%93%E4%B8%9D_nsfw_%E6%80%A7%E4%BA%A4_2.png","人物实际在场，共同研习术法、调试符器、练剑、试制农具兵器或协作完成一项工作，出现与图片对应的操作、指点或成果展示。","褚采薇在室内向园主展示与育苗盘有关的专业方法；半身构图，突出人物与关键物件；正常衣着、非露骨画面。","仅在上述场景实际发生、褚采薇确实到场、相关同席者也实际在场，且已接入的正常新图与该画面吻合时，输出[褚采薇][性交][2]。未换图或场景不符时不调用此编号。","","正常图片待接入"
"褚采薇","协作修习","性交","3","褚采薇/性交/3.png","https://cdn.jsdelivr.net/gh/lsr756480586-dev/baicao-images@main/%E8%A4%9A%E9%87%87%E8%96%87/%E6%80%A7%E4%BA%A4/3.png","https://cdn.jsdelivr.net/gh/Yehehua1311/mu-pig@main/%E9%98%BF%E6%96%AF%E7%89%B9%E4%B8%BD%E5%BE%B7%C2%B7%E9%9C%B2%E6%98%93%E4%B8%9D/nsfw/%E6%80%A7%E4%BA%A4/%E9%98%BF%E6%96%AF%E7%89%B9%E4%B8%BD%E5%BE%B7%C2%B7%E9%9C%B2%E6%98%93%E4%B8%9D_nsfw_%E6%80%A7%E4%BA%A4_3.png","人物实际在场，共同研习术法、调试符器、练剑、试制农具兵器或协作完成一项工作，出现与图片对应的操作、指点或成果展示。","褚采薇在工坊参与一项已有能力范围内的协作任务；半身构图，突出人物与关键物件；正常衣着、非露骨画面。","仅在上述场景实际发生、褚采薇确实到场、相关同席者也实际在场，且已接入的正常新图与该画面吻合时，输出[褚采薇][性交][3]。未换图或场景不符时不调用此编号。","","正常图片待接入"
"褚采薇","协作修习","性交","4","褚采薇/性交/4.png","https://cdn.jsdelivr.net/gh/lsr756480586-dev/baicao-images@main/%E8%A4%9A%E9%87%87%E8%96%87/%E6%80%A7%E4%BA%A4/4.png","https://cdn.jsdelivr.net/gh/Yehehua1311/mu-pig@main/%E9%98%BF%E6%96%AF%E7%89%B9%E4%B8%BD%E5%BE%B7%C2%B7%E9%9C%B2%E6%98%93%E4%B8%9D/nsfw/%E6%80%A7%E4%BA%A4/%E9%98%BF%E6%96%AF%E7%89%B9%E4%B8%BD%E5%BE%B7%C2%B7%E9%9C%B2%E6%98%93%E4%B8%9D_nsfw_%E6%80%A7%E4%BA%A4_4.png","人物实际在场，共同研习术法、调试符器、练剑、试制农具兵器或协作完成一项工作，出现与图片对应的操作、指点或成果展示。","褚采薇在书房与同席者共同推演点心包；半身构图，突出人物与关键物件；正常衣着、非露骨画面。","仅在上述场景实际发生、褚采薇确实到场、相关同席者也实际在场，且已接入的正常新图与该画面吻合时，输出[褚采薇][性交][4]。未换图或场景不符时不调用此编号。","","正常图片待接入"
"褚采薇","协作修习","性交","5","褚采薇/性交/5.png","https://cdn.jsdelivr.net/gh/lsr756480586-dev/baicao-images@main/%E8%A4%9A%E9%87%87%E8%96%87/%E6%80%A7%E4%BA%A4/5.png","https://cdn.jsdelivr.net/gh/Yehehua1311/mu-pig@main/%E9%98%BF%E6%96%AF%E7%89%B9%E4%B8%BD%E5%BE%B7%C2%B7%E9%9C%B2%E6%98%93%E4%B8%9D/nsfw/%E6%80%A7%E4%BA%A4/%E9%98%BF%E6%96%AF%E7%89%B9%E4%B8%BD%E5%BE%B7%C2%B7%E9%9C%B2%E6%98%93%E4%B8%9D_nsfw_%E6%80%A7%E4%BA%A4_5.png","人物实际在场，共同研习术法、调试符器、练剑、试制农具兵器或协作完成一项工作，出现与图片对应的操作、指点或成果展示。","褚采薇在练习室学习基础护身动作，不额外获得高阶能力；半身构图，突出人物与关键物件；正常衣着、非露骨画面。","仅在上述场景实际发生、褚采薇确实到场、相关同席者也实际在场，且已接入的正常新图与该画面吻合时，输出[褚采薇][性交][5]。未换图或场景不符时不调用此编号。","","正常图片待接入"
"褚采薇","协作修习","性交","6","褚采薇/性交/6.png","https://cdn.jsdelivr.net/gh/lsr756480586-dev/baicao-images@main/%E8%A4%9A%E9%87%87%E8%96%87/%E6%80%A7%E4%BA%A4/6.png","https://cdn.jsdelivr.net/gh/Yehehua1311/mu-pig@main/%E9%98%BF%E6%96%AF%E7%89%B9%E4%B8%BD%E5%BE%B7%C2%B7%E9%9C%B2%E6%98%93%E4%B8%9D/nsfw/%E6%80%A7%E4%BA%A4/%E9%98%BF%E6%96%AF%E7%89%B9%E4%B8%BD%E5%BE%B7%C2%B7%E9%9C%B2%E6%98%93%E4%B8%9D_nsfw_%E6%80%A7%E4%BA%A4_6.png","人物实际在场，共同研习术法、调试符器、练剑、试制农具兵器或协作完成一项工作，出现与图片对应的操作、指点或成果展示。","褚采薇在工作台旁协助记录一次实际测试结果；半身构图，突出人物与关键物件；正常衣着、非露骨画面。","仅在上述场景实际发生、褚采薇确实到场、相关同席者也实际在场，且已接入的正常新图与该画面吻合时，输出[褚采薇][性交][6]。未换图或场景不符时不调用此编号。","","正常图片待接入"
"褚采薇","协作修习","性交","7","褚采薇/性交/7.png","https://cdn.jsdelivr.net/gh/lsr756480586-dev/baicao-images@main/%E8%A4%9A%E9%87%87%E8%96%87/%E6%80%A7%E4%BA%A4/7.png","https://cdn.jsdelivr.net/gh/Yehehua1311/mu-pig@main/%E9%98%BF%E6%96%AF%E7%89%B9%E4%B8%BD%E5%BE%B7%C2%B7%E9%9C%B2%E6%98%93%E4%B8%9D/nsfw/%E6%80%A7%E4%BA%A4/%E9%98%BF%E6%96%AF%E7%89%B9%E4%B8%BD%E5%BE%B7%C2%B7%E9%9C%B2%E6%98%93%E4%B8%9D_nsfw_%E6%80%A7%E4%BA%A4_7.png","人物实际在场，共同研习术法、调试符器、练剑、试制农具兵器或协作完成一项工作，出现与图片对应的操作、指点或成果展示。","褚采薇在室内向实际到场的成员请教一个具体问题；半身构图，突出人物与关键物件；正常衣着、非露骨画面。","仅在上述场景实际发生、褚采薇确实到场、相关同席者也实际在场，且已接入的正常新图与该画面吻合时，输出[褚采薇][性交][7]。未换图或场景不符时不调用此编号。","","正常图片待接入"
"褚采薇","协作修习","性交","8","褚采薇/性交/8.png","https://cdn.jsdelivr.net/gh/lsr756480586-dev/baicao-images@main/%E8%A4%9A%E9%87%87%E8%96%87/%E6%80%A7%E4%BA%A4/8.png","https://cdn.jsdelivr.net/gh/Yehehua1311/mu-pig@main/%E9%98%BF%E6%96%AF%E7%89%B9%E4%B8%BD%E5%BE%B7%C2%B7%E9%9C%B2%E6%98%93%E4%B8%9D/nsfw/%E6%80%A7%E4%BA%A4/%E9%98%BF%E6%96%AF%E7%89%B9%E4%B8%BD%E5%BE%B7%C2%B7%E9%9C%B2%E6%98%93%E4%B8%9D_nsfw_%E6%80%A7%E4%BA%A4_8.png","人物实际在场，共同研习术法、调试符器、练剑、试制农具兵器或协作完成一项工作，出现与图片对应的操作、指点或成果展示。","褚采薇在完成协作后展示已制作或整理的成果；半身构图，突出人物与关键物件；正常衣着、非露骨画面。","仅在上述场景实际发生、褚采薇确实到场、相关同席者也实际在场，且已接入的正常新图与该画面吻合时，输出[褚采薇][性交][8]。未换图或场景不符时不调用此编号。","","正常图片待接入"
"褚采薇","协作修习","性交","9","褚采薇/性交/9.png","https://cdn.jsdelivr.net/gh/lsr756480586-dev/baicao-images@main/%E8%A4%9A%E9%87%87%E8%96%87/%E6%80%A7%E4%BA%A4/9.png","https://cdn.jsdelivr.net/gh/Yehehua1311/mu-pig@main/%E9%98%BF%E6%96%AF%E7%89%B9%E4%B8%BD%E5%BE%B7%C2%B7%E9%9C%B2%E6%98%93%E4%B8%9D/nsfw/%E6%80%A7%E4%BA%A4/%E9%98%BF%E6%96%AF%E7%89%B9%E4%B8%BD%E5%BE%B7%C2%B7%E9%9C%B2%E6%98%93%E4%B8%9D_nsfw_%E6%80%A7%E4%BA%A4_9.png","人物实际在场，共同研习术法、调试符器、练剑、试制农具兵器或协作完成一项工作，出现与图片对应的操作、指点或成果展示。","褚采薇在遇到失误时指认问题并重新核对步骤；半身构图，突出人物与关键物件；正常衣着、非露骨画面。","仅在上述场景实际发生、褚采薇确实到场、相关同席者也实际在场，且已接入的正常新图与该画面吻合时，输出[褚采薇][性交][9]。未换图或场景不符时不调用此编号。","","正常图片待接入"
"林曦","立绘","","","林曦/立绘.png","https://cdn.jsdelivr.net/gh/lsr756480586-dev/baicao-images@main/%E6%9E%97%E6%9B%A6/%E7%AB%8B%E7%BB%98.png","https://cdn.jsdelivr.net/gh/Yehehua1311/mu-pig@main/%E4%BC%8A%E8%8E%8E%E8%B4%9D%E6%8B%89/sfw/%E4%BC%8A%E8%8E%8E%E8%B4%9D%E6%8B%89_sfw_2.png","在人物菜单、状态栏或人物图库中显示该人物时使用。","林曦身着已确定的日常衣装，正面人物立绘，背景简洁。","人物菜单、状态栏或图库实际显示该人物时使用。","","立绘"
"林曦","日常","sfw","1","林曦/sfw/1.png","https://cdn.jsdelivr.net/gh/lsr756480586-dev/baicao-images@main/%E6%9E%97%E6%9B%A6/sfw/1.png","https://cdn.jsdelivr.net/gh/Yehehua1311/mu-pig@main/%E4%BC%8A%E8%8E%8E%E8%B4%9D%E6%8B%89/sfw/%E4%BC%8A%E8%8E%8E%E8%B4%9D%E6%8B%89_sfw_1.png","人物实际在场，进行园务汇报、种粮育药、修器织染、用餐饮茶或公开会面，且画面适合当前情节。","林曦在岗位工作间展示符灯并汇报进展；半身构图，突出人物与关键物件；正常衣着、非露骨画面。","仅在上述场景实际发生、林曦确实到场、相关同席者也实际在场，且已接入的正常新图与该画面吻合时，输出[林曦][sfw][1]。未换图或场景不符时不调用此编号。","","暂用原日常图，新画面计划待接入"
"林曦","日常","sfw","2","林曦/sfw/2.png","https://cdn.jsdelivr.net/gh/lsr756480586-dev/baicao-images@main/%E6%9E%97%E6%9B%A6/sfw/2.png","https://cdn.jsdelivr.net/gh/Yehehua1311/mu-pig@main/%E4%BC%8A%E8%8E%8E%E8%B4%9D%E6%8B%89/sfw/%E4%BC%8A%E8%8E%8E%E8%B4%9D%E6%8B%89_sfw_2.png","人物实际在场，进行园务汇报、种粮育药、修器织染、用餐饮茶或公开会面，且画面适合当前情节。","林曦在室内茶间准备清茶；半身构图，突出人物与关键物件；正常衣着、非露骨画面。","仅在上述场景实际发生、林曦确实到场、相关同席者也实际在场，且已接入的正常新图与该画面吻合时，输出[林曦][sfw][2]。未换图或场景不符时不调用此编号。","","暂用原日常图，新画面计划待接入"
"林曦","日常","sfw","3","林曦/sfw/3.png","https://cdn.jsdelivr.net/gh/lsr756480586-dev/baicao-images@main/%E6%9E%97%E6%9B%A6/sfw/3.png","https://cdn.jsdelivr.net/gh/Yehehua1311/mu-pig@main/%E4%BC%8A%E8%8E%8E%E8%B4%9D%E6%8B%89/sfw/%E4%BC%8A%E8%8E%8E%E8%B4%9D%E6%8B%89_sfw_3.png","人物实际在场，进行园务汇报、种粮育药、修器织染、用餐饮茶或公开会面，且画面适合当前情节。","林曦在窗边翻阅与符片有关的记录；半身构图，突出人物与关键物件；正常衣着、非露骨画面。","仅在上述场景实际发生、林曦确实到场、相关同席者也实际在场，且已接入的正常新图与该画面吻合时，输出[林曦][sfw][3]。未换图或场景不符时不调用此编号。","","暂用原日常图，新画面计划待接入"
"林曦","日常","sfw","4","林曦/sfw/4.png","https://cdn.jsdelivr.net/gh/lsr756480586-dev/baicao-images@main/%E6%9E%97%E6%9B%A6/sfw/4.png","https://cdn.jsdelivr.net/gh/Yehehua1311/mu-pig@main/%E4%BC%8A%E8%8E%8E%E8%B4%9D%E6%8B%89/sfw/%E4%BC%8A%E8%8E%8E%E8%B4%9D%E6%8B%89_sfw_4.png","人物实际在场，进行园务汇报、种粮育药、修器织染、用餐饮茶或公开会面，且画面适合当前情节。","林曦在工作结束后收整维修图纸；半身构图，突出人物与关键物件；正常衣着、非露骨画面。","仅在上述场景实际发生、林曦确实到场、相关同席者也实际在场，且已接入的正常新图与该画面吻合时，输出[林曦][sfw][4]。未换图或场景不符时不调用此编号。","","暂用原日常图，新画面计划待接入"
"林曦","日常","sfw","5","林曦/sfw/5.png","https://cdn.jsdelivr.net/gh/lsr756480586-dev/baicao-images@main/%E6%9E%97%E6%9B%A6/sfw/5.png","https://cdn.jsdelivr.net/gh/Yehehua1311/mu-pig@main/%E4%BC%8A%E8%8E%8E%E8%B4%9D%E6%8B%89/sfw/%E4%BC%8A%E8%8E%8E%E8%B4%9D%E6%8B%89_sfw_5.png","人物实际在场，进行园务汇报、种粮育药、修器织染、用餐饮茶或公开会面，且画面适合当前情节。","林曦在白帝城商铺挑选生活物资；半身构图，突出人物与关键物件；正常衣着、非露骨画面。","仅在上述场景实际发生、林曦确实到场、相关同席者也实际在场，且已接入的正常新图与该画面吻合时，输出[林曦][sfw][5]。未换图或场景不符时不调用此编号。","","暂用原日常图，新画面计划待接入"
"林曦","日常","sfw","6","林曦/sfw/6.png","https://cdn.jsdelivr.net/gh/lsr756480586-dev/baicao-images@main/%E6%9E%97%E6%9B%A6/sfw/6.png","https://cdn.jsdelivr.net/gh/Yehehua1311/mu-pig@main/%E4%BC%8A%E8%8E%8E%E8%B4%9D%E6%8B%89/sfw/%E4%BC%8A%E8%8E%8E%E8%B4%9D%E6%8B%89_sfw_6.png","人物实际在场，进行园务汇报、种粮育药、修器织染、用餐饮茶或公开会面，且画面适合当前情节。","林曦在青州城客栈核对随身物品；半身构图，突出人物与关键物件；正常衣着、非露骨画面。","仅在上述场景实际发生、林曦确实到场、相关同席者也实际在场，且已接入的正常新图与该画面吻合时，输出[林曦][sfw][6]。未换图或场景不符时不调用此编号。","","暂用原日常图，新画面计划待接入"
"林曦","日常","sfw","7","林曦/sfw/7.png","https://cdn.jsdelivr.net/gh/lsr756480586-dev/baicao-images@main/%E6%9E%97%E6%9B%A6/sfw/7.png","https://cdn.jsdelivr.net/gh/Yehehua1311/mu-pig@main/%E4%BC%8A%E8%8E%8E%E8%B4%9D%E6%8B%89/sfw/%E4%BC%8A%E8%8E%8E%E8%B4%9D%E6%8B%89_sfw_7.png","人物实际在场，进行园务汇报、种粮育药、修器织染、用餐饮茶或公开会面，且画面适合当前情节。","林曦在百草园食堂同桌用餐；半身构图，突出人物与关键物件；正常衣着、非露骨画面。","仅在上述场景实际发生、林曦确实到场、相关同席者也实际在场，且已接入的正常新图与该画面吻合时，输出[林曦][sfw][7]。未换图或场景不符时不调用此编号。","","暂用原日常图，新画面计划待接入"
"林曦","日常","sfw","8","林曦/sfw/8.png","https://cdn.jsdelivr.net/gh/lsr756480586-dev/baicao-images@main/%E6%9E%97%E6%9B%A6/sfw/8.png","https://cdn.jsdelivr.net/gh/Yehehua1311/mu-pig@main/%E4%BC%8A%E8%8E%8E%E8%B4%9D%E6%8B%89/sfw/%E4%BC%8A%E8%8E%8E%E8%B4%9D%E6%8B%89_sfw_8.png","人物实际在场，进行园务汇报、种粮育药、修器织染、用餐饮茶或公开会面，且画面适合当前情节。","林曦在回廊停步看雨；半身构图，突出人物与关键物件；正常衣着、非露骨画面。","仅在上述场景实际发生、林曦确实到场、相关同席者也实际在场，且已接入的正常新图与该画面吻合时，输出[林曦][sfw][8]。未换图或场景不符时不调用此编号。","","暂用原日常图，新画面计划待接入"
"林曦","诊疗照护","肛交","1","林曦/肛交/1.png","https://cdn.jsdelivr.net/gh/lsr756480586-dev/baicao-images@main/%E6%9E%97%E6%9B%A6/%E8%82%9B%E4%BA%A4/1.png","https://cdn.jsdelivr.net/gh/Yehehua1311/mu-pig@main/%E4%BC%8A%E8%8E%8E%E8%B4%9D%E6%8B%89/nsfw/%E8%82%9B%E4%BA%A4/%E4%BC%8A%E8%8E%8E%E8%B4%9D%E6%8B%89_nsfw_%E8%82%9B%E4%BA%A4_1.png","人物实际在场，在药房、诊室或休养房间接受诊察、包扎、调息指导，或照料另一名同处室内的成员；使用正常衣着和非露骨画面。","林曦在药房接受药师询问，保持正常衣着；半身构图，突出人物与关键物件；正常衣着、非露骨画面。","仅在上述场景实际发生、林曦确实到场、相关同席者也实际在场，且已接入的正常新图与该画面吻合时，输出[林曦][肛交][1]。未换图或场景不符时不调用此编号。","","正常图片待接入"
"林曦","诊疗照护","肛交","2","林曦/肛交/2.png","https://cdn.jsdelivr.net/gh/lsr756480586-dev/baicao-images@main/%E6%9E%97%E6%9B%A6/%E8%82%9B%E4%BA%A4/2.png","https://cdn.jsdelivr.net/gh/Yehehua1311/mu-pig@main/%E4%BC%8A%E8%8E%8E%E8%B4%9D%E6%8B%89/nsfw/%E8%82%9B%E4%BA%A4/%E4%BC%8A%E8%8E%8E%E8%B4%9D%E6%8B%89_nsfw_%E8%82%9B%E4%BA%A4_2.png","人物实际在场，在药房、诊室或休养房间接受诊察、包扎、调息指导，或照料另一名同处室内的成员；使用正常衣着和非露骨画面。","林曦在诊室就座，由医者检查手臂上的小伤；半身构图，突出人物与关键物件；正常衣着、非露骨画面。","仅在上述场景实际发生、林曦确实到场、相关同席者也实际在场，且已接入的正常新图与该画面吻合时，输出[林曦][肛交][2]。未换图或场景不符时不调用此编号。","","正常图片待接入"
"林曦","诊疗照护","肛交","3","林曦/肛交/3.png","https://cdn.jsdelivr.net/gh/lsr756480586-dev/baicao-images@main/%E6%9E%97%E6%9B%A6/%E8%82%9B%E4%BA%A4/3.png","https://cdn.jsdelivr.net/gh/Yehehua1311/mu-pig@main/%E4%BC%8A%E8%8E%8E%E8%B4%9D%E6%8B%89/nsfw/%E8%82%9B%E4%BA%A4/%E4%BC%8A%E8%8E%8E%E8%B4%9D%E6%8B%89_nsfw_%E8%82%9B%E4%BA%A4_3.png","人物实际在场，在药房、诊室或休养房间接受诊察、包扎、调息指导，或照料另一名同处室内的成员；使用正常衣着和非露骨画面。","林曦在休养房间接过温水与药盏；半身构图，突出人物与关键物件；正常衣着、非露骨画面。","仅在上述场景实际发生、林曦确实到场、相关同席者也实际在场，且已接入的正常新图与该画面吻合时，输出[林曦][肛交][3]。未换图或场景不符时不调用此编号。","","正常图片待接入"
"林曦","诊疗照护","肛交","4","林曦/肛交/4.png","https://cdn.jsdelivr.net/gh/lsr756480586-dev/baicao-images@main/%E6%9E%97%E6%9B%A6/%E8%82%9B%E4%BA%A4/4.png","https://cdn.jsdelivr.net/gh/Yehehua1311/mu-pig@main/%E4%BC%8A%E8%8E%8E%E8%B4%9D%E6%8B%89/nsfw/%E8%82%9B%E4%BA%A4/%E4%BC%8A%E8%8E%8E%E8%B4%9D%E6%8B%89_nsfw_%E8%82%9B%E4%BA%A4_4.png","人物实际在场，在药房、诊室或休养房间接受诊察、包扎、调息指导，或照料另一名同处室内的成员；使用正常衣着和非露骨画面。","林曦在医者指导下安静调息；半身构图，突出人物与关键物件；正常衣着、非露骨画面。","仅在上述场景实际发生、林曦确实到场、相关同席者也实际在场，且已接入的正常新图与该画面吻合时，输出[林曦][肛交][4]。未换图或场景不符时不调用此编号。","","正常图片待接入"
"林曦","诊疗照护","肛交","5","林曦/肛交/5.png","https://cdn.jsdelivr.net/gh/lsr756480586-dev/baicao-images@main/%E6%9E%97%E6%9B%A6/%E8%82%9B%E4%BA%A4/5.png","https://cdn.jsdelivr.net/gh/Yehehua1311/mu-pig@main/%E4%BC%8A%E8%8E%8E%E8%B4%9D%E6%8B%89/nsfw/%E8%82%9B%E4%BA%A4/%E4%BC%8A%E8%8E%8E%E8%B4%9D%E6%8B%89_nsfw_%E8%82%9B%E4%BA%A4_5.png","人物实际在场，在药房、诊室或休养房间接受诊察、包扎、调息指导，或照料另一名同处室内的成员；使用正常衣着和非露骨画面。","林曦在室内为另一位实际到场的成员递送药包；半身构图，突出人物与关键物件；正常衣着、非露骨画面。","仅在上述场景实际发生、林曦确实到场、相关同席者也实际在场，且已接入的正常新图与该画面吻合时，输出[林曦][肛交][5]。未换图或场景不符时不调用此编号。","","正常图片待接入"
"林曦","诊疗照护","肛交","6","林曦/肛交/6.png","https://cdn.jsdelivr.net/gh/lsr756480586-dev/baicao-images@main/%E6%9E%97%E6%9B%A6/%E8%82%9B%E4%BA%A4/6.png","https://cdn.jsdelivr.net/gh/Yehehua1311/mu-pig@main/%E4%BC%8A%E8%8E%8E%E8%B4%9D%E6%8B%89/nsfw/%E8%82%9B%E4%BA%A4/%E4%BC%8A%E8%8E%8E%E8%B4%9D%E6%8B%89_nsfw_%E8%82%9B%E4%BA%A4_6.png","人物实际在场，在药房、诊室或休养房间接受诊察、包扎、调息指导，或照料另一名同处室内的成员；使用正常衣着和非露骨画面。","林曦在休养室靠枕休息，室内有人陪伴；半身构图，突出人物与关键物件；正常衣着、非露骨画面。","仅在上述场景实际发生、林曦确实到场、相关同席者也实际在场，且已接入的正常新图与该画面吻合时，输出[林曦][肛交][6]。未换图或场景不符时不调用此编号。","","正常图片待接入"
"林曦","出行护送","足交","1","林曦/足交/1.png","https://cdn.jsdelivr.net/gh/lsr756480586-dev/baicao-images@main/%E6%9E%97%E6%9B%A6/%E8%B6%B3%E4%BA%A4/1.png","https://cdn.jsdelivr.net/gh/Yehehua1311/mu-pig@main/%E4%BC%8A%E8%8E%8E%E8%B4%9D%E6%8B%89/nsfw/%E8%B6%B3%E4%BA%A4/%E4%BC%8A%E8%8E%8E%E8%B4%9D%E6%8B%89_nsfw_%E8%B6%B3%E4%BA%A4_1.png","人物实际随队采购、护送流民、巡守或赶路，并出现与图片对应的出发、行进、避雨、歇脚或归来情境。","林曦在百草园院门核对出行物品后准备出发；半身构图，突出人物与关键物件；正常衣着、非露骨画面。","仅在上述场景实际发生、林曦确实到场、相关同席者也实际在场，且已接入的正常新图与该画面吻合时，输出[林曦][足交][1]。未换图或场景不符时不调用此编号。","","正常图片待接入"
"林曦","出行护送","足交","2","林曦/足交/2.png","https://cdn.jsdelivr.net/gh/lsr756480586-dev/baicao-images@main/%E6%9E%97%E6%9B%A6/%E8%B6%B3%E4%BA%A4/2.png","https://cdn.jsdelivr.net/gh/Yehehua1311/mu-pig@main/%E4%BC%8A%E8%8E%8E%E8%B4%9D%E6%8B%89/nsfw/%E8%B6%B3%E4%BA%A4/%E4%BC%8A%E8%8E%8E%E8%B4%9D%E6%8B%89_nsfw_%E8%B6%B3%E4%BA%A4_2.png","人物实际随队采购、护送流民、巡守或赶路，并出现与图片对应的出发、行进、避雨、歇脚或归来情境。","林曦在白帝城街道随队采购；半身构图，突出人物与关键物件；正常衣着、非露骨画面。","仅在上述场景实际发生、林曦确实到场、相关同席者也实际在场，且已接入的正常新图与该画面吻合时，输出[林曦][足交][2]。未换图或场景不符时不调用此编号。","","正常图片待接入"
"林曦","出行护送","足交","3","林曦/足交/3.png","https://cdn.jsdelivr.net/gh/lsr756480586-dev/baicao-images@main/%E6%9E%97%E6%9B%A6/%E8%B6%B3%E4%BA%A4/3.png","https://cdn.jsdelivr.net/gh/Yehehua1311/mu-pig@main/%E4%BC%8A%E8%8E%8E%E8%B4%9D%E6%8B%89/nsfw/%E8%B6%B3%E4%BA%A4/%E4%BC%8A%E8%8E%8E%E8%B4%9D%E6%8B%89_nsfw_%E8%B6%B3%E4%BA%A4_3.png","人物实际随队采购、护送流民、巡守或赶路，并出现与图片对应的出发、行进、避雨、歇脚或归来情境。","林曦在青州城城门与同行者核对路引；半身构图，突出人物与关键物件；正常衣着、非露骨画面。","仅在上述场景实际发生、林曦确实到场、相关同席者也实际在场，且已接入的正常新图与该画面吻合时，输出[林曦][足交][3]。未换图或场景不符时不调用此编号。","","正常图片待接入"
"林曦","出行护送","足交","4","林曦/足交/4.png","https://cdn.jsdelivr.net/gh/lsr756480586-dev/baicao-images@main/%E6%9E%97%E6%9B%A6/%E8%B6%B3%E4%BA%A4/4.png","https://cdn.jsdelivr.net/gh/Yehehua1311/mu-pig@main/%E4%BC%8A%E8%8E%8E%E8%B4%9D%E6%8B%89/nsfw/%E8%B6%B3%E4%BA%A4/%E4%BC%8A%E8%8E%8E%E8%B4%9D%E6%8B%89_nsfw_%E8%B6%B3%E4%BA%A4_4.png","人物实际随队采购、护送流民、巡守或赶路，并出现与图片对应的出发、行进、避雨、歇脚或归来情境。","林曦在商路途中与队伍短暂停步；半身构图，突出人物与关键物件；正常衣着、非露骨画面。","仅在上述场景实际发生、林曦确实到场、相关同席者也实际在场，且已接入的正常新图与该画面吻合时，输出[林曦][足交][4]。未换图或场景不符时不调用此编号。","","正常图片待接入"
"林曦","私室交谈","口交","1","林曦/口交/1.png","https://cdn.jsdelivr.net/gh/lsr756480586-dev/baicao-images@main/%E6%9E%97%E6%9B%A6/%E5%8F%A3%E4%BA%A4/1.png","https://cdn.jsdelivr.net/gh/Yehehua1311/mu-pig@main/%E4%BC%8A%E8%8E%8E%E8%B4%9D%E6%8B%89/nsfw/%E5%8F%A3%E4%BA%A4/%E4%BC%8A%E8%8E%8E%E8%B4%9D%E6%8B%89_nsfw_%E5%8F%A3%E4%BA%A4_1.png","人物与园主或其他成员确实共同处于书房、茶间、休息室或客房，进行商议、倾诉旧事、解释顾虑或表达关心；亲近按既定人物关系发展。","林曦在私人书房与园主同看符灯；半身构图，突出人物与关键物件；正常衣着、非露骨画面。","仅在上述场景实际发生、林曦确实到场、相关同席者也实际在场，且已接入的正常新图与该画面吻合时，输出[林曦][口交][1]。未换图或场景不符时不调用此编号。","","正常图片待接入"
"林曦","私室交谈","口交","2","林曦/口交/2.png","https://cdn.jsdelivr.net/gh/lsr756480586-dev/baicao-images@main/%E6%9E%97%E6%9B%A6/%E5%8F%A3%E4%BA%A4/2.png","https://cdn.jsdelivr.net/gh/Yehehua1311/mu-pig@main/%E4%BC%8A%E8%8E%8E%E8%B4%9D%E6%8B%89/nsfw/%E5%8F%A3%E4%BA%A4/%E4%BC%8A%E8%8E%8E%E8%B4%9D%E6%8B%89_nsfw_%E5%8F%A3%E4%BA%A4_2.png","人物与园主或其他成员确实共同处于书房、茶间、休息室或客房，进行商议、倾诉旧事、解释顾虑或表达关心；亲近按既定人物关系发展。","林曦在室内茶间说起个人生活愿望；半身构图，突出人物与关键物件；正常衣着、非露骨画面。","仅在上述场景实际发生、林曦确实到场、相关同席者也实际在场，且已接入的正常新图与该画面吻合时，输出[林曦][口交][2]。未换图或场景不符时不调用此编号。","","正常图片待接入"
"林曦","私室交谈","口交","3","林曦/口交/3.png","https://cdn.jsdelivr.net/gh/lsr756480586-dev/baicao-images@main/%E6%9E%97%E6%9B%A6/%E5%8F%A3%E4%BA%A4/3.png","https://cdn.jsdelivr.net/gh/Yehehua1311/mu-pig@main/%E4%BC%8A%E8%8E%8E%E8%B4%9D%E6%8B%89/nsfw/%E5%8F%A3%E4%BA%A4/%E4%BC%8A%E8%8E%8E%E8%B4%9D%E6%8B%89_nsfw_%E5%8F%A3%E4%BA%A4_3.png","人物与园主或其他成员确实共同处于书房、茶间、休息室或客房，进行商议、倾诉旧事、解释顾虑或表达关心；亲近按既定人物关系发展。","林曦在住处待客间谈论已经发生的旧事；半身构图，突出人物与关键物件；正常衣着、非露骨画面。","仅在上述场景实际发生、林曦确实到场、相关同席者也实际在场，且已接入的正常新图与该画面吻合时，输出[林曦][口交][3]。未换图或场景不符时不调用此编号。","","正常图片待接入"
"林曦","私室交谈","口交","4","林曦/口交/4.png","https://cdn.jsdelivr.net/gh/lsr756480586-dev/baicao-images@main/%E6%9E%97%E6%9B%A6/%E5%8F%A3%E4%BA%A4/4.png","https://cdn.jsdelivr.net/gh/Yehehua1311/mu-pig@main/%E4%BC%8A%E8%8E%8E%E8%B4%9D%E6%8B%89/nsfw/%E5%8F%A3%E4%BA%A4/%E4%BC%8A%E8%8E%8E%E8%B4%9D%E6%8B%89_nsfw_%E5%8F%A3%E4%BA%A4_4.png","人物与园主或其他成员确实共同处于书房、茶间、休息室或客房，进行商议、倾诉旧事、解释顾虑或表达关心；亲近按既定人物关系发展。","林曦在关门的休息室说明工作顾虑；半身构图，突出人物与关键物件；正常衣着、非露骨画面。","仅在上述场景实际发生、林曦确实到场、相关同席者也实际在场，且已接入的正常新图与该画面吻合时，输出[林曦][口交][4]。未换图或场景不符时不调用此编号。","","正常图片待接入"
"林曦","私室交谈","口交","5","林曦/口交/5.png","https://cdn.jsdelivr.net/gh/lsr756480586-dev/baicao-images@main/%E6%9E%97%E6%9B%A6/%E5%8F%A3%E4%BA%A4/5.png","https://cdn.jsdelivr.net/gh/Yehehua1311/mu-pig@main/%E4%BC%8A%E8%8E%8E%E8%B4%9D%E6%8B%89/nsfw/%E5%8F%A3%E4%BA%A4/%E4%BC%8A%E8%8E%8E%E8%B4%9D%E6%8B%89_nsfw_%E5%8F%A3%E4%BA%A4_5.png","人物与园主或其他成员确实共同处于书房、茶间、休息室或客房，进行商议、倾诉旧事、解释顾虑或表达关心；亲近按既定人物关系发展。","林曦在私人小厅向园主解释一场实际争议；半身构图，突出人物与关键物件；正常衣着、非露骨画面。","仅在上述场景实际发生、林曦确实到场、相关同席者也实际在场，且已接入的正常新图与该画面吻合时，输出[林曦][口交][5]。未换图或场景不符时不调用此编号。","","正常图片待接入"
"林曦","私室交谈","口交","6","林曦/口交/6.png","https://cdn.jsdelivr.net/gh/lsr756480586-dev/baicao-images@main/%E6%9E%97%E6%9B%A6/%E5%8F%A3%E4%BA%A4/6.png","https://cdn.jsdelivr.net/gh/Yehehua1311/mu-pig@main/%E4%BC%8A%E8%8E%8E%E8%B4%9D%E6%8B%89/nsfw/%E5%8F%A3%E4%BA%A4/%E4%BC%8A%E8%8E%8E%E8%B4%9D%E6%8B%89_nsfw_%E5%8F%A3%E4%BA%A4_6.png","人物与园主或其他成员确实共同处于书房、茶间、休息室或客房，进行商议、倾诉旧事、解释顾虑或表达关心；亲近按既定人物关系发展。","林曦在雨夜书房与园主共读地方志；半身构图，突出人物与关键物件；正常衣着、非露骨画面。","仅在上述场景实际发生、林曦确实到场、相关同席者也实际在场，且已接入的正常新图与该画面吻合时，输出[林曦][口交][6]。未换图或场景不符时不调用此编号。","","正常图片待接入"
"林曦","私室交谈","口交","7","林曦/口交/7.png","https://cdn.jsdelivr.net/gh/lsr756480586-dev/baicao-images@main/%E6%9E%97%E6%9B%A6/%E5%8F%A3%E4%BA%A4/7.png","https://cdn.jsdelivr.net/gh/Yehehua1311/mu-pig@main/%E4%BC%8A%E8%8E%8E%E8%B4%9D%E6%8B%89/nsfw/%E5%8F%A3%E4%BA%A4/%E4%BC%8A%E8%8E%8E%E8%B4%9D%E6%8B%89_nsfw_%E5%8F%A3%E4%BA%A4_7.png","人物与园主或其他成员确实共同处于书房、茶间、休息室或客房，进行商议、倾诉旧事、解释顾虑或表达关心；亲近按既定人物关系发展。","林曦在室内与另一位实际到场的成员商议维修图纸；半身构图，突出人物与关键物件；正常衣着、非露骨画面。","仅在上述场景实际发生、林曦确实到场、相关同席者也实际在场，且已接入的正常新图与该画面吻合时，输出[林曦][口交][7]。未换图或场景不符时不调用此编号。","","正常图片待接入"
"林曦","私室交谈","口交","8","林曦/口交/8.png","https://cdn.jsdelivr.net/gh/lsr756480586-dev/baicao-images@main/%E6%9E%97%E6%9B%A6/%E5%8F%A3%E4%BA%A4/8.png","https://cdn.jsdelivr.net/gh/Yehehua1311/mu-pig@main/%E4%BC%8A%E8%8E%8E%E8%B4%9D%E6%8B%89/nsfw/%E5%8F%A3%E4%BA%A4/%E4%BC%8A%E8%8E%8E%E8%B4%9D%E6%8B%89_nsfw_%E5%8F%A3%E4%BA%A4_8.png","人物与园主或其他成员确实共同处于书房、茶间、休息室或客房，进行商议、倾诉旧事、解释顾虑或表达关心；亲近按既定人物关系发展。","林曦在茶案旁表达关心并递上热茶；半身构图，突出人物与关键物件；正常衣着、非露骨画面。","仅在上述场景实际发生、林曦确实到场、相关同席者也实际在场，且已接入的正常新图与该画面吻合时，输出[林曦][口交][8]。未换图或场景不符时不调用此编号。","","正常图片待接入"
"林曦","私室交谈","口交","9","林曦/口交/9.png","https://cdn.jsdelivr.net/gh/lsr756480586-dev/baicao-images@main/%E6%9E%97%E6%9B%A6/%E5%8F%A3%E4%BA%A4/9.png","https://cdn.jsdelivr.net/gh/Yehehua1311/mu-pig@main/%E4%BC%8A%E8%8E%8E%E8%B4%9D%E6%8B%89/nsfw/%E5%8F%A3%E4%BA%A4/%E4%BC%8A%E8%8E%8E%E8%B4%9D%E6%8B%89_nsfw_%E5%8F%A3%E4%BA%A4_9.png","人物与园主或其他成员确实共同处于书房、茶间、休息室或客房，进行商议、倾诉旧事、解释顾虑或表达关心；亲近按既定人物关系发展。","林曦在休息间将尚未解决的问题写在便笺上；半身构图，突出人物与关键物件；正常衣着、非露骨画面。","仅在上述场景实际发生、林曦确实到场、相关同席者也实际在场，且已接入的正常新图与该画面吻合时，输出[林曦][口交][9]。未换图或场景不符时不调用此编号。","","正常图片待接入"
"林曦","私室交谈","口交","10","林曦/口交/10.png","https://cdn.jsdelivr.net/gh/lsr756480586-dev/baicao-images@main/%E6%9E%97%E6%9B%A6/%E5%8F%A3%E4%BA%A4/10.png","https://cdn.jsdelivr.net/gh/Yehehua1311/mu-pig@main/%E4%BC%8A%E8%8E%8E%E8%B4%9D%E6%8B%89/nsfw/%E5%8F%A3%E4%BA%A4/%E4%BC%8A%E8%8E%8E%E8%B4%9D%E6%8B%89_nsfw_%E5%8F%A3%E4%BA%A4_10.png","人物与园主或其他成员确实共同处于书房、茶间、休息室或客房，进行商议、倾诉旧事、解释顾虑或表达关心；亲近按既定人物关系发展。","林曦在灯下谈完正事后轻松闲聊；半身构图，突出人物与关键物件；正常衣着、非露骨画面。","仅在上述场景实际发生、林曦确实到场、相关同席者也实际在场，且已接入的正常新图与该画面吻合时，输出[林曦][口交][10]。未换图或场景不符时不调用此编号。","","正常图片待接入"
"林曦","私室交谈","口交","11","林曦/口交/11.png","https://cdn.jsdelivr.net/gh/lsr756480586-dev/baicao-images@main/%E6%9E%97%E6%9B%A6/%E5%8F%A3%E4%BA%A4/11.png","https://cdn.jsdelivr.net/gh/Yehehua1311/mu-pig@main/%E4%BC%8A%E8%8E%8E%E8%B4%9D%E6%8B%89/nsfw/%E5%8F%A3%E4%BA%A4/%E4%BC%8A%E8%8E%8E%E8%B4%9D%E6%8B%89_nsfw_%E5%8F%A3%E4%BA%A4_11.png","人物与园主或其他成员确实共同处于书房、茶间、休息室或客房，进行商议、倾诉旧事、解释顾虑或表达关心；亲近按既定人物关系发展。","林曦在私人书房与园主同看符灯；较宽构图，交代人物与场所；正常衣着、非露骨画面。","仅在上述场景实际发生、林曦确实到场、相关同席者也实际在场，且已接入的正常新图与该画面吻合时，输出[林曦][口交][11]。未换图或场景不符时不调用此编号。","","正常图片待接入"
"林曦","私室交谈","口交","12","林曦/口交/12.png","https://cdn.jsdelivr.net/gh/lsr756480586-dev/baicao-images@main/%E6%9E%97%E6%9B%A6/%E5%8F%A3%E4%BA%A4/12.png","https://cdn.jsdelivr.net/gh/Yehehua1311/mu-pig@main/%E4%BC%8A%E8%8E%8E%E8%B4%9D%E6%8B%89/nsfw/%E5%8F%A3%E4%BA%A4/%E4%BC%8A%E8%8E%8E%E8%B4%9D%E6%8B%89_nsfw_%E5%8F%A3%E4%BA%A4_12.png","人物与园主或其他成员确实共同处于书房、茶间、休息室或客房，进行商议、倾诉旧事、解释顾虑或表达关心；亲近按既定人物关系发展。","林曦在室内茶间说起个人生活愿望；较宽构图，交代人物与场所；正常衣着、非露骨画面。","仅在上述场景实际发生、林曦确实到场、相关同席者也实际在场，且已接入的正常新图与该画面吻合时，输出[林曦][口交][12]。未换图或场景不符时不调用此编号。","","正常图片待接入"
"林曦","协作修习","性交","1","林曦/性交/1.png","https://cdn.jsdelivr.net/gh/lsr756480586-dev/baicao-images@main/%E6%9E%97%E6%9B%A6/%E6%80%A7%E4%BA%A4/1.png","https://cdn.jsdelivr.net/gh/Yehehua1311/mu-pig@main/%E4%BC%8A%E8%8E%8E%E8%B4%9D%E6%8B%89/nsfw/%E6%80%A7%E4%BA%A4/%E4%BC%8A%E8%8E%8E%E8%B4%9D%E6%8B%89_nsfw_%E6%80%A7%E4%BA%A4_1.png","人物实际在场，共同研习术法、调试符器、练剑、试制农具兵器或协作完成一项工作，出现与图片对应的操作、指点或成果展示。","林曦在工作间与同席者核对符灯的操作或记录步骤；半身构图，突出人物与关键物件；正常衣着、非露骨画面。","仅在上述场景实际发生、林曦确实到场、相关同席者也实际在场，且已接入的正常新图与该画面吻合时，输出[林曦][性交][1]。未换图或场景不符时不调用此编号。","","正常图片待接入"
"林曦","协作修习","性交","2","林曦/性交/2.png","https://cdn.jsdelivr.net/gh/lsr756480586-dev/baicao-images@main/%E6%9E%97%E6%9B%A6/%E6%80%A7%E4%BA%A4/2.png","https://cdn.jsdelivr.net/gh/Yehehua1311/mu-pig@main/%E4%BC%8A%E8%8E%8E%E8%B4%9D%E6%8B%89/nsfw/%E6%80%A7%E4%BA%A4/%E4%BC%8A%E8%8E%8E%E8%B4%9D%E6%8B%89_nsfw_%E6%80%A7%E4%BA%A4_2.png","人物实际在场，共同研习术法、调试符器、练剑、试制农具兵器或协作完成一项工作，出现与图片对应的操作、指点或成果展示。","林曦在室内向园主展示与符片有关的专业方法；半身构图，突出人物与关键物件；正常衣着、非露骨画面。","仅在上述场景实际发生、林曦确实到场、相关同席者也实际在场，且已接入的正常新图与该画面吻合时，输出[林曦][性交][2]。未换图或场景不符时不调用此编号。","","正常图片待接入"
"林曦","协作修习","性交","3","林曦/性交/3.png","https://cdn.jsdelivr.net/gh/lsr756480586-dev/baicao-images@main/%E6%9E%97%E6%9B%A6/%E6%80%A7%E4%BA%A4/3.png","https://cdn.jsdelivr.net/gh/Yehehua1311/mu-pig@main/%E4%BC%8A%E8%8E%8E%E8%B4%9D%E6%8B%89/nsfw/%E6%80%A7%E4%BA%A4/%E4%BC%8A%E8%8E%8E%E8%B4%9D%E6%8B%89_nsfw_%E6%80%A7%E4%BA%A4_3.png","人物实际在场，共同研习术法、调试符器、练剑、试制农具兵器或协作完成一项工作，出现与图片对应的操作、指点或成果展示。","林曦在工坊参与一项已有能力范围内的协作任务；半身构图，突出人物与关键物件；正常衣着、非露骨画面。","仅在上述场景实际发生、林曦确实到场、相关同席者也实际在场，且已接入的正常新图与该画面吻合时，输出[林曦][性交][3]。未换图或场景不符时不调用此编号。","","正常图片待接入"
"林曦","协作修习","性交","4","林曦/性交/4.png","https://cdn.jsdelivr.net/gh/lsr756480586-dev/baicao-images@main/%E6%9E%97%E6%9B%A6/%E6%80%A7%E4%BA%A4/4.png","https://cdn.jsdelivr.net/gh/Yehehua1311/mu-pig@main/%E4%BC%8A%E8%8E%8E%E8%B4%9D%E6%8B%89/nsfw/%E6%80%A7%E4%BA%A4/%E4%BC%8A%E8%8E%8E%E8%B4%9D%E6%8B%89_nsfw_%E6%80%A7%E4%BA%A4_4.png","人物实际在场，共同研习术法、调试符器、练剑、试制农具兵器或协作完成一项工作，出现与图片对应的操作、指点或成果展示。","林曦在书房与同席者共同推演维修图纸；半身构图，突出人物与关键物件；正常衣着、非露骨画面。","仅在上述场景实际发生、林曦确实到场、相关同席者也实际在场，且已接入的正常新图与该画面吻合时，输出[林曦][性交][4]。未换图或场景不符时不调用此编号。","","正常图片待接入"
"林曦","协作修习","性交","5","林曦/性交/5.png","https://cdn.jsdelivr.net/gh/lsr756480586-dev/baicao-images@main/%E6%9E%97%E6%9B%A6/%E6%80%A7%E4%BA%A4/5.png","https://cdn.jsdelivr.net/gh/Yehehua1311/mu-pig@main/%E4%BC%8A%E8%8E%8E%E8%B4%9D%E6%8B%89/nsfw/%E6%80%A7%E4%BA%A4/%E4%BC%8A%E8%8E%8E%E8%B4%9D%E6%8B%89_nsfw_%E6%80%A7%E4%BA%A4_5.png","人物实际在场，共同研习术法、调试符器、练剑、试制农具兵器或协作完成一项工作，出现与图片对应的操作、指点或成果展示。","林曦在练习室学习基础护身动作，不额外获得高阶能力；半身构图，突出人物与关键物件；正常衣着、非露骨画面。","仅在上述场景实际发生、林曦确实到场、相关同席者也实际在场，且已接入的正常新图与该画面吻合时，输出[林曦][性交][5]。未换图或场景不符时不调用此编号。","","正常图片待接入"
"林曦","协作修习","性交","6","林曦/性交/6.png","https://cdn.jsdelivr.net/gh/lsr756480586-dev/baicao-images@main/%E6%9E%97%E6%9B%A6/%E6%80%A7%E4%BA%A4/6.png","https://cdn.jsdelivr.net/gh/Yehehua1311/mu-pig@main/%E4%BC%8A%E8%8E%8E%E8%B4%9D%E6%8B%89/nsfw/%E6%80%A7%E4%BA%A4/%E4%BC%8A%E8%8E%8E%E8%B4%9D%E6%8B%89_nsfw_%E6%80%A7%E4%BA%A4_6.png","人物实际在场，共同研习术法、调试符器、练剑、试制农具兵器或协作完成一项工作，出现与图片对应的操作、指点或成果展示。","林曦在工作台旁协助记录一次实际测试结果；半身构图，突出人物与关键物件；正常衣着、非露骨画面。","仅在上述场景实际发生、林曦确实到场、相关同席者也实际在场，且已接入的正常新图与该画面吻合时，输出[林曦][性交][6]。未换图或场景不符时不调用此编号。","","正常图片待接入"
"林曦","协作修习","性交","7","林曦/性交/7.png","https://cdn.jsdelivr.net/gh/lsr756480586-dev/baicao-images@main/%E6%9E%97%E6%9B%A6/%E6%80%A7%E4%BA%A4/7.png","https://cdn.jsdelivr.net/gh/Yehehua1311/mu-pig@main/%E4%BC%8A%E8%8E%8E%E8%B4%9D%E6%8B%89/nsfw/%E6%80%A7%E4%BA%A4/%E4%BC%8A%E8%8E%8E%E8%B4%9D%E6%8B%89_nsfw_%E6%80%A7%E4%BA%A4_7.png","人物实际在场，共同研习术法、调试符器、练剑、试制农具兵器或协作完成一项工作，出现与图片对应的操作、指点或成果展示。","林曦在室内向实际到场的成员请教一个具体问题；半身构图，突出人物与关键物件；正常衣着、非露骨画面。","仅在上述场景实际发生、林曦确实到场、相关同席者也实际在场，且已接入的正常新图与该画面吻合时，输出[林曦][性交][7]。未换图或场景不符时不调用此编号。","","正常图片待接入"
"林曦","协作修习","性交","8","林曦/性交/8.png","https://cdn.jsdelivr.net/gh/lsr756480586-dev/baicao-images@main/%E6%9E%97%E6%9B%A6/%E6%80%A7%E4%BA%A4/8.png","https://cdn.jsdelivr.net/gh/Yehehua1311/mu-pig@main/%E4%BC%8A%E8%8E%8E%E8%B4%9D%E6%8B%89/nsfw/%E6%80%A7%E4%BA%A4/%E4%BC%8A%E8%8E%8E%E8%B4%9D%E6%8B%89_nsfw_%E6%80%A7%E4%BA%A4_8.png","人物实际在场，共同研习术法、调试符器、练剑、试制农具兵器或协作完成一项工作，出现与图片对应的操作、指点或成果展示。","林曦在完成协作后展示已制作或整理的成果；半身构图，突出人物与关键物件；正常衣着、非露骨画面。","仅在上述场景实际发生、林曦确实到场、相关同席者也实际在场，且已接入的正常新图与该画面吻合时，输出[林曦][性交][8]。未换图或场景不符时不调用此编号。","","正常图片待接入"
"林曦","协作修习","性交","9","林曦/性交/9.png","https://cdn.jsdelivr.net/gh/lsr756480586-dev/baicao-images@main/%E6%9E%97%E6%9B%A6/%E6%80%A7%E4%BA%A4/9.png","https://cdn.jsdelivr.net/gh/Yehehua1311/mu-pig@main/%E4%BC%8A%E8%8E%8E%E8%B4%9D%E6%8B%89/nsfw/%E6%80%A7%E4%BA%A4/%E4%BC%8A%E8%8E%8E%E8%B4%9D%E6%8B%89_nsfw_%E6%80%A7%E4%BA%A4_9.png","人物实际在场，共同研习术法、调试符器、练剑、试制农具兵器或协作完成一项工作，出现与图片对应的操作、指点或成果展示。","林曦在遇到失误时指认问题并重新核对步骤；半身构图，突出人物与关键物件；正常衣着、非露骨画面。","仅在上述场景实际发生、林曦确实到场、相关同席者也实际在场，且已接入的正常新图与该画面吻合时，输出[林曦][性交][9]。未换图或场景不符时不调用此编号。","","正常图片待接入"
"林曦","协作修习","性交","10","林曦/性交/10.png","https://cdn.jsdelivr.net/gh/lsr756480586-dev/baicao-images@main/%E6%9E%97%E6%9B%A6/%E6%80%A7%E4%BA%A4/10.png","https://cdn.jsdelivr.net/gh/Yehehua1311/mu-pig@main/%E4%BC%8A%E8%8E%8E%E8%B4%9D%E6%8B%89/nsfw/%E6%80%A7%E4%BA%A4/%E4%BC%8A%E8%8E%8E%E8%B4%9D%E6%8B%89_nsfw_%E6%80%A7%E4%BA%A4_10.png","人物实际在场，共同研习术法、调试符器、练剑、试制农具兵器或协作完成一项工作，出现与图片对应的操作、指点或成果展示。","林曦在休息室与同席者总结已经完成的练习；半身构图，突出人物与关键物件；正常衣着、非露骨画面。","仅在上述场景实际发生、林曦确实到场、相关同席者也实际在场，且已接入的正常新图与该画面吻合时，输出[林曦][性交][10]。未换图或场景不符时不调用此编号。","","正常图片待接入"
"林曦","协作修习","性交","11","林曦/性交/11.png","https://cdn.jsdelivr.net/gh/lsr756480586-dev/baicao-images@main/%E6%9E%97%E6%9B%A6/%E6%80%A7%E4%BA%A4/11.png","https://cdn.jsdelivr.net/gh/Yehehua1311/mu-pig@main/%E4%BC%8A%E8%8E%8E%E8%B4%9D%E6%8B%89/nsfw/%E6%80%A7%E4%BA%A4/%E4%BC%8A%E8%8E%8E%E8%B4%9D%E6%8B%89_nsfw_%E6%80%A7%E4%BA%A4_11.png","人物实际在场，共同研习术法、调试符器、练剑、试制农具兵器或协作完成一项工作，出现与图片对应的操作、指点或成果展示。","林曦在工作间与同席者核对符灯的操作或记录步骤；较宽构图，交代人物与场所；正常衣着、非露骨画面。","仅在上述场景实际发生、林曦确实到场、相关同席者也实际在场，且已接入的正常新图与该画面吻合时，输出[林曦][性交][11]。未换图或场景不符时不调用此编号。","","正常图片待接入"
"林曦","协作修习","性交","12","林曦/性交/12.png","https://cdn.jsdelivr.net/gh/lsr756480586-dev/baicao-images@main/%E6%9E%97%E6%9B%A6/%E6%80%A7%E4%BA%A4/12.png","https://cdn.jsdelivr.net/gh/Yehehua1311/mu-pig@main/%E4%BC%8A%E8%8E%8E%E8%B4%9D%E6%8B%89/nsfw/%E6%80%A7%E4%BA%A4/%E4%BC%8A%E8%8E%8E%E8%B4%9D%E6%8B%89_nsfw_%E6%80%A7%E4%BA%A4_12.png","人物实际在场，共同研习术法、调试符器、练剑、试制农具兵器或协作完成一项工作，出现与图片对应的操作、指点或成果展示。","林曦在室内向园主展示与符片有关的专业方法；较宽构图，交代人物与场所；正常衣着、非露骨画面。","仅在上述场景实际发生、林曦确实到场、相关同席者也实际在场，且已接入的正常新图与该画面吻合时，输出[林曦][性交][12]。未换图或场景不符时不调用此编号。","","正常图片待接入"
"林曦","协作修习","性交","13","林曦/性交/13.png","https://cdn.jsdelivr.net/gh/lsr756480586-dev/baicao-images@main/%E6%9E%97%E6%9B%A6/%E6%80%A7%E4%BA%A4/13.png","https://cdn.jsdelivr.net/gh/Yehehua1311/mu-pig@main/%E4%BC%8A%E8%8E%8E%E8%B4%9D%E6%8B%89/nsfw/%E6%80%A7%E4%BA%A4/%E4%BC%8A%E8%8E%8E%E8%B4%9D%E6%8B%89_nsfw_%E6%80%A7%E4%BA%A4_13.png","人物实际在场，共同研习术法、调试符器、练剑、试制农具兵器或协作完成一项工作，出现与图片对应的操作、指点或成果展示。","林曦在工坊参与一项已有能力范围内的协作任务；较宽构图，交代人物与场所；正常衣着、非露骨画面。","仅在上述场景实际发生、林曦确实到场、相关同席者也实际在场，且已接入的正常新图与该画面吻合时，输出[林曦][性交][13]。未换图或场景不符时不调用此编号。","","正常图片待接入"
"林曦","协作修习","性交","14","林曦/性交/14.png","https://cdn.jsdelivr.net/gh/lsr756480586-dev/baicao-images@main/%E6%9E%97%E6%9B%A6/%E6%80%A7%E4%BA%A4/14.png","https://cdn.jsdelivr.net/gh/Yehehua1311/mu-pig@main/%E4%BC%8A%E8%8E%8E%E8%B4%9D%E6%8B%89/nsfw/%E6%80%A7%E4%BA%A4/%E4%BC%8A%E8%8E%8E%E8%B4%9D%E6%8B%89_nsfw_%E6%80%A7%E4%BA%A4_14.png","人物实际在场，共同研习术法、调试符器、练剑、试制农具兵器或协作完成一项工作，出现与图片对应的操作、指点或成果展示。","林曦在书房与同席者共同推演维修图纸；较宽构图，交代人物与场所；正常衣着、非露骨画面。","仅在上述场景实际发生、林曦确实到场、相关同席者也实际在场，且已接入的正常新图与该画面吻合时，输出[林曦][性交][14]。未换图或场景不符时不调用此编号。","","正常图片待接入"
"王思慕","立绘","","","王思慕/立绘.png","https://cdn.jsdelivr.net/gh/lsr756480586-dev/baicao-images@main/%E7%8E%8B%E6%80%9D%E6%85%95/%E7%AB%8B%E7%BB%98.png","https://cdn.jsdelivr.net/gh/Yehehua1311/mu-pig@main/%E7%BB%B4%E5%A4%9A%E5%88%A9%E4%BA%9A/sfw/%E7%BB%B4%E5%A4%9A%E5%88%A9%E4%BA%9A_sfw_4.png","在人物菜单、状态栏或人物图库中显示该人物时使用。","王思慕身着已确定的日常衣装，正面人物立绘，背景简洁。","人物菜单、状态栏或图库实际显示该人物时使用。","","立绘"
"王思慕","日常","sfw","1","王思慕/sfw/1.png","https://cdn.jsdelivr.net/gh/lsr756480586-dev/baicao-images@main/%E7%8E%8B%E6%80%9D%E6%85%95/sfw/1.png","https://cdn.jsdelivr.net/gh/Yehehua1311/mu-pig@main/%E7%BB%B4%E5%A4%9A%E5%88%A9%E4%BA%9A/sfw/%E7%BB%B4%E5%A4%9A%E5%88%A9%E4%BA%9A_sfw_1.png","人物实际在场，进行园务汇报、种粮育药、修器织染、用餐饮茶或公开会面，且画面适合当前情节。","王思慕在岗位工作间展示账簿并汇报进展；半身构图，突出人物与关键物件；正常衣着、非露骨画面。","仅在上述场景实际发生、王思慕确实到场、相关同席者也实际在场，且已接入的正常新图与该画面吻合时，输出[王思慕][sfw][1]。未换图或场景不符时不调用此编号。","","暂用原日常图，新画面计划待接入"
"王思慕","日常","sfw","2","王思慕/sfw/2.png","https://cdn.jsdelivr.net/gh/lsr756480586-dev/baicao-images@main/%E7%8E%8B%E6%80%9D%E6%85%95/sfw/2.png","https://cdn.jsdelivr.net/gh/Yehehua1311/mu-pig@main/%E7%BB%B4%E5%A4%9A%E5%88%A9%E4%BA%9A/sfw/%E7%BB%B4%E5%A4%9A%E5%88%A9%E4%BA%9A_sfw_2.png","人物实际在场，进行园务汇报、种粮育药、修器织染、用餐饮茶或公开会面，且画面适合当前情节。","王思慕在室内茶间准备清茶；半身构图，突出人物与关键物件；正常衣着、非露骨画面。","仅在上述场景实际发生、王思慕确实到场、相关同席者也实际在场，且已接入的正常新图与该画面吻合时，输出[王思慕][sfw][2]。未换图或场景不符时不调用此编号。","","暂用原日常图，新画面计划待接入"
"王思慕","日常","sfw","3","王思慕/sfw/3.png","https://cdn.jsdelivr.net/gh/lsr756480586-dev/baicao-images@main/%E7%8E%8B%E6%80%9D%E6%85%95/sfw/3.png","https://cdn.jsdelivr.net/gh/Yehehua1311/mu-pig@main/%E7%BB%B4%E5%A4%9A%E5%88%A9%E4%BA%9A/sfw/%E7%BB%B4%E5%A4%9A%E5%88%A9%E4%BA%9A_sfw_3.png","人物实际在场，进行园务汇报、种粮育药、修器织染、用餐饮茶或公开会面，且画面适合当前情节。","王思慕在窗边翻阅与工资清单有关的记录；半身构图，突出人物与关键物件；正常衣着、非露骨画面。","仅在上述场景实际发生、王思慕确实到场、相关同席者也实际在场，且已接入的正常新图与该画面吻合时，输出[王思慕][sfw][3]。未换图或场景不符时不调用此编号。","","暂用原日常图，新画面计划待接入"
"王思慕","日常","sfw","4","王思慕/sfw/4.png","https://cdn.jsdelivr.net/gh/lsr756480586-dev/baicao-images@main/%E7%8E%8B%E6%80%9D%E6%85%95/sfw/4.png","https://cdn.jsdelivr.net/gh/Yehehua1311/mu-pig@main/%E7%BB%B4%E5%A4%9A%E5%88%A9%E4%BA%9A/sfw/%E7%BB%B4%E5%A4%9A%E5%88%A9%E4%BA%9A_sfw_4.png","人物实际在场，进行园务汇报、种粮育药、修器织染、用餐饮茶或公开会面，且画面适合当前情节。","王思慕在工作结束后收整契约；半身构图，突出人物与关键物件；正常衣着、非露骨画面。","仅在上述场景实际发生、王思慕确实到场、相关同席者也实际在场，且已接入的正常新图与该画面吻合时，输出[王思慕][sfw][4]。未换图或场景不符时不调用此编号。","","暂用原日常图，新画面计划待接入"
"王思慕","日常","sfw","5","王思慕/sfw/5.png","https://cdn.jsdelivr.net/gh/lsr756480586-dev/baicao-images@main/%E7%8E%8B%E6%80%9D%E6%85%95/sfw/5.png","https://cdn.jsdelivr.net/gh/Yehehua1311/mu-pig@main/%E7%BB%B4%E5%A4%9A%E5%88%A9%E4%BA%9A/sfw/%E7%BB%B4%E5%A4%9A%E5%88%A9%E4%BA%9A_sfw_5.png","人物实际在场，进行园务汇报、种粮育药、修器织染、用餐饮茶或公开会面，且画面适合当前情节。","王思慕在白帝城商铺挑选生活物资；半身构图，突出人物与关键物件；正常衣着、非露骨画面。","仅在上述场景实际发生、王思慕确实到场、相关同席者也实际在场，且已接入的正常新图与该画面吻合时，输出[王思慕][sfw][5]。未换图或场景不符时不调用此编号。","","暂用原日常图，新画面计划待接入"
"王思慕","日常","sfw","6","王思慕/sfw/6.png","https://cdn.jsdelivr.net/gh/lsr756480586-dev/baicao-images@main/%E7%8E%8B%E6%80%9D%E6%85%95/sfw/6.png","https://cdn.jsdelivr.net/gh/Yehehua1311/mu-pig@main/%E7%BB%B4%E5%A4%9A%E5%88%A9%E4%BA%9A/sfw/%E7%BB%B4%E5%A4%9A%E5%88%A9%E4%BA%9A_sfw_6.png","人物实际在场，进行园务汇报、种粮育药、修器织染、用餐饮茶或公开会面，且画面适合当前情节。","王思慕在青州城客栈核对随身物品；半身构图，突出人物与关键物件；正常衣着、非露骨画面。","仅在上述场景实际发生、王思慕确实到场、相关同席者也实际在场，且已接入的正常新图与该画面吻合时，输出[王思慕][sfw][6]。未换图或场景不符时不调用此编号。","","暂用原日常图，新画面计划待接入"
"王思慕","日常","sfw","7","王思慕/sfw/7.png","https://cdn.jsdelivr.net/gh/lsr756480586-dev/baicao-images@main/%E7%8E%8B%E6%80%9D%E6%85%95/sfw/7.png","https://cdn.jsdelivr.net/gh/Yehehua1311/mu-pig@main/%E7%BB%B4%E5%A4%9A%E5%88%A9%E4%BA%9A/sfw/%E7%BB%B4%E5%A4%9A%E5%88%A9%E4%BA%9A_sfw_7.png","人物实际在场，进行园务汇报、种粮育药、修器织染、用餐饮茶或公开会面，且画面适合当前情节。","王思慕在百草园食堂同桌用餐；半身构图，突出人物与关键物件；正常衣着、非露骨画面。","仅在上述场景实际发生、王思慕确实到场、相关同席者也实际在场，且已接入的正常新图与该画面吻合时，输出[王思慕][sfw][7]。未换图或场景不符时不调用此编号。","","暂用原日常图，新画面计划待接入"
"王思慕","日常","sfw","8","王思慕/sfw/8.png","https://cdn.jsdelivr.net/gh/lsr756480586-dev/baicao-images@main/%E7%8E%8B%E6%80%9D%E6%85%95/sfw/8.png","https://cdn.jsdelivr.net/gh/Yehehua1311/mu-pig@main/%E7%BB%B4%E5%A4%9A%E5%88%A9%E4%BA%9A/sfw/%E7%BB%B4%E5%A4%9A%E5%88%A9%E4%BA%9A_sfw_8.png","人物实际在场，进行园务汇报、种粮育药、修器织染、用餐饮茶或公开会面，且画面适合当前情节。","王思慕在回廊停步看雨；半身构图，突出人物与关键物件；正常衣着、非露骨画面。","仅在上述场景实际发生、王思慕确实到场、相关同席者也实际在场，且已接入的正常新图与该画面吻合时，输出[王思慕][sfw][8]。未换图或场景不符时不调用此编号。","","暂用原日常图，新画面计划待接入"
"王思慕","日常","sfw","9","王思慕/sfw/9.png","https://cdn.jsdelivr.net/gh/lsr756480586-dev/baicao-images@main/%E7%8E%8B%E6%80%9D%E6%85%95/sfw/9.png","https://cdn.jsdelivr.net/gh/Yehehua1311/mu-pig@main/%E7%BB%B4%E5%A4%9A%E5%88%A9%E4%BA%9A/sfw/%E7%BB%B4%E5%A4%9A%E5%88%A9%E4%BA%9A_sfw_9.png","人物实际在场，进行园务汇报、种粮育药、修器织染、用餐饮茶或公开会面，且画面适合当前情节。","王思慕在院门接待实际到访的来客；半身构图，突出人物与关键物件；正常衣着、非露骨画面。","仅在上述场景实际发生、王思慕确实到场、相关同席者也实际在场，且已接入的正常新图与该画面吻合时，输出[王思慕][sfw][9]。未换图或场景不符时不调用此编号。","","暂用原日常图，新画面计划待接入"
"王思慕","日常","sfw","10","王思慕/sfw/10.png","https://cdn.jsdelivr.net/gh/lsr756480586-dev/baicao-images@main/%E7%8E%8B%E6%80%9D%E6%85%95/sfw/10.png","https://cdn.jsdelivr.net/gh/Yehehua1311/mu-pig@main/%E7%BB%B4%E5%A4%9A%E5%88%A9%E4%BA%9A/sfw/%E7%BB%B4%E5%A4%9A%E5%88%A9%E4%BA%9A_sfw_10.png","人物实际在场，进行园务汇报、种粮育药、修器织染、用餐饮茶或公开会面，且画面适合当前情节。","王思慕在灯下整理次日工作安排；半身构图，突出人物与关键物件；正常衣着、非露骨画面。","仅在上述场景实际发生、王思慕确实到场、相关同席者也实际在场，且已接入的正常新图与该画面吻合时，输出[王思慕][sfw][10]。未换图或场景不符时不调用此编号。","","暂用原日常图，新画面计划待接入"
"王思慕","诊疗照护","肛交","1","王思慕/肛交/1.png","https://cdn.jsdelivr.net/gh/lsr756480586-dev/baicao-images@main/%E7%8E%8B%E6%80%9D%E6%85%95/%E8%82%9B%E4%BA%A4/1.png","https://cdn.jsdelivr.net/gh/Yehehua1311/mu-pig@main/%E7%BB%B4%E5%A4%9A%E5%88%A9%E4%BA%9A/nsfw/%E8%82%9B%E4%BA%A4/%E7%BB%B4%E5%A4%9A%E5%88%A9%E4%BA%9A_nsfw_%E8%82%9B%E4%BA%A4_1.png","人物实际在场，在药房、诊室或休养房间接受诊察、包扎、调息指导，或照料另一名同处室内的成员；使用正常衣着和非露骨画面。","王思慕在药房接受药师询问，保持正常衣着；半身构图，突出人物与关键物件；正常衣着、非露骨画面。","仅在上述场景实际发生、王思慕确实到场、相关同席者也实际在场，且已接入的正常新图与该画面吻合时，输出[王思慕][肛交][1]。未换图或场景不符时不调用此编号。","","正常图片待接入"
"王思慕","诊疗照护","肛交","2","王思慕/肛交/2.png","https://cdn.jsdelivr.net/gh/lsr756480586-dev/baicao-images@main/%E7%8E%8B%E6%80%9D%E6%85%95/%E8%82%9B%E4%BA%A4/2.png","https://cdn.jsdelivr.net/gh/Yehehua1311/mu-pig@main/%E7%BB%B4%E5%A4%9A%E5%88%A9%E4%BA%9A/nsfw/%E8%82%9B%E4%BA%A4/%E7%BB%B4%E5%A4%9A%E5%88%A9%E4%BA%9A_nsfw_%E8%82%9B%E4%BA%A4_2.png","人物实际在场，在药房、诊室或休养房间接受诊察、包扎、调息指导，或照料另一名同处室内的成员；使用正常衣着和非露骨画面。","王思慕在诊室就座，由医者检查手臂上的小伤；半身构图，突出人物与关键物件；正常衣着、非露骨画面。","仅在上述场景实际发生、王思慕确实到场、相关同席者也实际在场，且已接入的正常新图与该画面吻合时，输出[王思慕][肛交][2]。未换图或场景不符时不调用此编号。","","正常图片待接入"
"王思慕","诊疗照护","肛交","3","王思慕/肛交/3.png","https://cdn.jsdelivr.net/gh/lsr756480586-dev/baicao-images@main/%E7%8E%8B%E6%80%9D%E6%85%95/%E8%82%9B%E4%BA%A4/3.png","https://cdn.jsdelivr.net/gh/Yehehua1311/mu-pig@main/%E7%BB%B4%E5%A4%9A%E5%88%A9%E4%BA%9A/nsfw/%E8%82%9B%E4%BA%A4/%E7%BB%B4%E5%A4%9A%E5%88%A9%E4%BA%9A_nsfw_%E8%82%9B%E4%BA%A4_3.png","人物实际在场，在药房、诊室或休养房间接受诊察、包扎、调息指导，或照料另一名同处室内的成员；使用正常衣着和非露骨画面。","王思慕在休养房间接过温水与药盏；半身构图，突出人物与关键物件；正常衣着、非露骨画面。","仅在上述场景实际发生、王思慕确实到场、相关同席者也实际在场，且已接入的正常新图与该画面吻合时，输出[王思慕][肛交][3]。未换图或场景不符时不调用此编号。","","正常图片待接入"
"王思慕","诊疗照护","肛交","4","王思慕/肛交/4.png","https://cdn.jsdelivr.net/gh/lsr756480586-dev/baicao-images@main/%E7%8E%8B%E6%80%9D%E6%85%95/%E8%82%9B%E4%BA%A4/4.png","https://cdn.jsdelivr.net/gh/Yehehua1311/mu-pig@main/%E7%BB%B4%E5%A4%9A%E5%88%A9%E4%BA%9A/nsfw/%E8%82%9B%E4%BA%A4/%E7%BB%B4%E5%A4%9A%E5%88%A9%E4%BA%9A_nsfw_%E8%82%9B%E4%BA%A4_4.png","人物实际在场，在药房、诊室或休养房间接受诊察、包扎、调息指导，或照料另一名同处室内的成员；使用正常衣着和非露骨画面。","王思慕在医者指导下安静调息；半身构图，突出人物与关键物件；正常衣着、非露骨画面。","仅在上述场景实际发生、王思慕确实到场、相关同席者也实际在场，且已接入的正常新图与该画面吻合时，输出[王思慕][肛交][4]。未换图或场景不符时不调用此编号。","","正常图片待接入"
"王思慕","诊疗照护","肛交","5","王思慕/肛交/5.png","https://cdn.jsdelivr.net/gh/lsr756480586-dev/baicao-images@main/%E7%8E%8B%E6%80%9D%E6%85%95/%E8%82%9B%E4%BA%A4/5.png","https://cdn.jsdelivr.net/gh/Yehehua1311/mu-pig@main/%E7%BB%B4%E5%A4%9A%E5%88%A9%E4%BA%9A/nsfw/%E8%82%9B%E4%BA%A4/%E7%BB%B4%E5%A4%9A%E5%88%A9%E4%BA%9A_nsfw_%E8%82%9B%E4%BA%A4_5.png","人物实际在场，在药房、诊室或休养房间接受诊察、包扎、调息指导，或照料另一名同处室内的成员；使用正常衣着和非露骨画面。","王思慕在室内为另一位实际到场的成员递送药包；半身构图，突出人物与关键物件；正常衣着、非露骨画面。","仅在上述场景实际发生、王思慕确实到场、相关同席者也实际在场，且已接入的正常新图与该画面吻合时，输出[王思慕][肛交][5]。未换图或场景不符时不调用此编号。","","正常图片待接入"
"王思慕","诊疗照护","肛交","6","王思慕/肛交/6.png","https://cdn.jsdelivr.net/gh/lsr756480586-dev/baicao-images@main/%E7%8E%8B%E6%80%9D%E6%85%95/%E8%82%9B%E4%BA%A4/6.png","https://cdn.jsdelivr.net/gh/Yehehua1311/mu-pig@main/%E7%BB%B4%E5%A4%9A%E5%88%A9%E4%BA%9A/nsfw/%E8%82%9B%E4%BA%A4/%E7%BB%B4%E5%A4%9A%E5%88%A9%E4%BA%9A_nsfw_%E8%82%9B%E4%BA%A4_6.png","人物实际在场，在药房、诊室或休养房间接受诊察、包扎、调息指导，或照料另一名同处室内的成员；使用正常衣着和非露骨画面。","王思慕在休养室靠枕休息，室内有人陪伴；半身构图，突出人物与关键物件；正常衣着、非露骨画面。","仅在上述场景实际发生、王思慕确实到场、相关同席者也实际在场，且已接入的正常新图与该画面吻合时，输出[王思慕][肛交][6]。未换图或场景不符时不调用此编号。","","正常图片待接入"
"王思慕","出行护送","足交","1","王思慕/足交/1.png","https://cdn.jsdelivr.net/gh/lsr756480586-dev/baicao-images@main/%E7%8E%8B%E6%80%9D%E6%85%95/%E8%B6%B3%E4%BA%A4/1.png","https://cdn.jsdelivr.net/gh/Yehehua1311/mu-pig@main/%E7%BB%B4%E5%A4%9A%E5%88%A9%E4%BA%9A/nsfw/%E8%B6%B3%E4%BA%A4/%E7%BB%B4%E5%A4%9A%E5%88%A9%E4%BA%9A_nsfw_%E8%B6%B3%E4%BA%A4_1.png","人物实际随队采购、护送流民、巡守或赶路，并出现与图片对应的出发、行进、避雨、歇脚或归来情境。","王思慕在百草园院门核对出行物品后准备出发；半身构图，突出人物与关键物件；正常衣着、非露骨画面。","仅在上述场景实际发生、王思慕确实到场、相关同席者也实际在场，且已接入的正常新图与该画面吻合时，输出[王思慕][足交][1]。未换图或场景不符时不调用此编号。","","正常图片待接入"
"王思慕","出行护送","足交","2","王思慕/足交/2.png","https://cdn.jsdelivr.net/gh/lsr756480586-dev/baicao-images@main/%E7%8E%8B%E6%80%9D%E6%85%95/%E8%B6%B3%E4%BA%A4/2.png","https://cdn.jsdelivr.net/gh/Yehehua1311/mu-pig@main/%E7%BB%B4%E5%A4%9A%E5%88%A9%E4%BA%9A/nsfw/%E8%B6%B3%E4%BA%A4/%E7%BB%B4%E5%A4%9A%E5%88%A9%E4%BA%9A_nsfw_%E8%B6%B3%E4%BA%A4_2.png","人物实际随队采购、护送流民、巡守或赶路，并出现与图片对应的出发、行进、避雨、歇脚或归来情境。","王思慕在白帝城街道随队采购；半身构图，突出人物与关键物件；正常衣着、非露骨画面。","仅在上述场景实际发生、王思慕确实到场、相关同席者也实际在场，且已接入的正常新图与该画面吻合时，输出[王思慕][足交][2]。未换图或场景不符时不调用此编号。","","正常图片待接入"
"王思慕","出行护送","足交","3","王思慕/足交/3.png","https://cdn.jsdelivr.net/gh/lsr756480586-dev/baicao-images@main/%E7%8E%8B%E6%80%9D%E6%85%95/%E8%B6%B3%E4%BA%A4/3.png","https://cdn.jsdelivr.net/gh/Yehehua1311/mu-pig@main/%E7%BB%B4%E5%A4%9A%E5%88%A9%E4%BA%9A/nsfw/%E8%B6%B3%E4%BA%A4/%E7%BB%B4%E5%A4%9A%E5%88%A9%E4%BA%9A_nsfw_%E8%B6%B3%E4%BA%A4_3.png","人物实际随队采购、护送流民、巡守或赶路，并出现与图片对应的出发、行进、避雨、歇脚或归来情境。","王思慕在青州城城门与同行者核对路引；半身构图，突出人物与关键物件；正常衣着、非露骨画面。","仅在上述场景实际发生、王思慕确实到场、相关同席者也实际在场，且已接入的正常新图与该画面吻合时，输出[王思慕][足交][3]。未换图或场景不符时不调用此编号。","","正常图片待接入"
"王思慕","私室交谈","口交","1","王思慕/口交/1.png","https://cdn.jsdelivr.net/gh/lsr756480586-dev/baicao-images@main/%E7%8E%8B%E6%80%9D%E6%85%95/%E5%8F%A3%E4%BA%A4/1.png","https://cdn.jsdelivr.net/gh/Yehehua1311/mu-pig@main/%E7%BB%B4%E5%A4%9A%E5%88%A9%E4%BA%9A/nsfw/%E5%8F%A3%E4%BA%A4/%E7%BB%B4%E5%A4%9A%E5%88%A9%E4%BA%9A_nsfw_%E5%8F%A3%E4%BA%A4_1.png","人物与园主或其他成员确实共同处于书房、茶间、休息室或客房，进行商议、倾诉旧事、解释顾虑或表达关心；亲近按既定人物关系发展。","王思慕在私人书房与园主同看账簿；半身构图，突出人物与关键物件；正常衣着、非露骨画面。","仅在上述场景实际发生、王思慕确实到场、相关同席者也实际在场，且已接入的正常新图与该画面吻合时，输出[王思慕][口交][1]。未换图或场景不符时不调用此编号。","","正常图片待接入"
"王思慕","私室交谈","口交","2","王思慕/口交/2.png","https://cdn.jsdelivr.net/gh/lsr756480586-dev/baicao-images@main/%E7%8E%8B%E6%80%9D%E6%85%95/%E5%8F%A3%E4%BA%A4/2.png","https://cdn.jsdelivr.net/gh/Yehehua1311/mu-pig@main/%E7%BB%B4%E5%A4%9A%E5%88%A9%E4%BA%9A/nsfw/%E5%8F%A3%E4%BA%A4/%E7%BB%B4%E5%A4%9A%E5%88%A9%E4%BA%9A_nsfw_%E5%8F%A3%E4%BA%A4_2.png","人物与园主或其他成员确实共同处于书房、茶间、休息室或客房，进行商议、倾诉旧事、解释顾虑或表达关心；亲近按既定人物关系发展。","王思慕在室内茶间说起个人生活愿望；半身构图，突出人物与关键物件；正常衣着、非露骨画面。","仅在上述场景实际发生、王思慕确实到场、相关同席者也实际在场，且已接入的正常新图与该画面吻合时，输出[王思慕][口交][2]。未换图或场景不符时不调用此编号。","","正常图片待接入"
"王思慕","私室交谈","口交","3","王思慕/口交/3.png","https://cdn.jsdelivr.net/gh/lsr756480586-dev/baicao-images@main/%E7%8E%8B%E6%80%9D%E6%85%95/%E5%8F%A3%E4%BA%A4/3.png","https://cdn.jsdelivr.net/gh/Yehehua1311/mu-pig@main/%E7%BB%B4%E5%A4%9A%E5%88%A9%E4%BA%9A/nsfw/%E5%8F%A3%E4%BA%A4/%E7%BB%B4%E5%A4%9A%E5%88%A9%E4%BA%9A_nsfw_%E5%8F%A3%E4%BA%A4_3.png","人物与园主或其他成员确实共同处于书房、茶间、休息室或客房，进行商议、倾诉旧事、解释顾虑或表达关心；亲近按既定人物关系发展。","王思慕在住处待客间谈论已经发生的旧事；半身构图，突出人物与关键物件；正常衣着、非露骨画面。","仅在上述场景实际发生、王思慕确实到场、相关同席者也实际在场，且已接入的正常新图与该画面吻合时，输出[王思慕][口交][3]。未换图或场景不符时不调用此编号。","","正常图片待接入"
"王思慕","私室交谈","口交","4","王思慕/口交/4.png","https://cdn.jsdelivr.net/gh/lsr756480586-dev/baicao-images@main/%E7%8E%8B%E6%80%9D%E6%85%95/%E5%8F%A3%E4%BA%A4/4.png","https://cdn.jsdelivr.net/gh/Yehehua1311/mu-pig@main/%E7%BB%B4%E5%A4%9A%E5%88%A9%E4%BA%9A/nsfw/%E5%8F%A3%E4%BA%A4/%E7%BB%B4%E5%A4%9A%E5%88%A9%E4%BA%9A_nsfw_%E5%8F%A3%E4%BA%A4_4.png","人物与园主或其他成员确实共同处于书房、茶间、休息室或客房，进行商议、倾诉旧事、解释顾虑或表达关心；亲近按既定人物关系发展。","王思慕在关门的休息室说明工作顾虑；半身构图，突出人物与关键物件；正常衣着、非露骨画面。","仅在上述场景实际发生、王思慕确实到场、相关同席者也实际在场，且已接入的正常新图与该画面吻合时，输出[王思慕][口交][4]。未换图或场景不符时不调用此编号。","","正常图片待接入"
"王思慕","私室交谈","口交","5","王思慕/口交/5.png","https://cdn.jsdelivr.net/gh/lsr756480586-dev/baicao-images@main/%E7%8E%8B%E6%80%9D%E6%85%95/%E5%8F%A3%E4%BA%A4/5.png","https://cdn.jsdelivr.net/gh/Yehehua1311/mu-pig@main/%E7%BB%B4%E5%A4%9A%E5%88%A9%E4%BA%9A/nsfw/%E5%8F%A3%E4%BA%A4/%E7%BB%B4%E5%A4%9A%E5%88%A9%E4%BA%9A_nsfw_%E5%8F%A3%E4%BA%A4_5.png","人物与园主或其他成员确实共同处于书房、茶间、休息室或客房，进行商议、倾诉旧事、解释顾虑或表达关心；亲近按既定人物关系发展。","王思慕在私人小厅向园主解释一场实际争议；半身构图，突出人物与关键物件；正常衣着、非露骨画面。","仅在上述场景实际发生、王思慕确实到场、相关同席者也实际在场，且已接入的正常新图与该画面吻合时，输出[王思慕][口交][5]。未换图或场景不符时不调用此编号。","","正常图片待接入"
"王思慕","私室交谈","口交","6","王思慕/口交/6.png","https://cdn.jsdelivr.net/gh/lsr756480586-dev/baicao-images@main/%E7%8E%8B%E6%80%9D%E6%85%95/%E5%8F%A3%E4%BA%A4/6.png","https://cdn.jsdelivr.net/gh/Yehehua1311/mu-pig@main/%E7%BB%B4%E5%A4%9A%E5%88%A9%E4%BA%9A/nsfw/%E5%8F%A3%E4%BA%A4/%E7%BB%B4%E5%A4%9A%E5%88%A9%E4%BA%9A_nsfw_%E5%8F%A3%E4%BA%A4_6.png","人物与园主或其他成员确实共同处于书房、茶间、休息室或客房，进行商议、倾诉旧事、解释顾虑或表达关心；亲近按既定人物关系发展。","王思慕在雨夜书房与园主共读地方志；半身构图，突出人物与关键物件；正常衣着、非露骨画面。","仅在上述场景实际发生、王思慕确实到场、相关同席者也实际在场，且已接入的正常新图与该画面吻合时，输出[王思慕][口交][6]。未换图或场景不符时不调用此编号。","","正常图片待接入"
"王思慕","协作修习","性交","1","王思慕/性交/1.png","https://cdn.jsdelivr.net/gh/lsr756480586-dev/baicao-images@main/%E7%8E%8B%E6%80%9D%E6%85%95/%E6%80%A7%E4%BA%A4/1.png","https://cdn.jsdelivr.net/gh/Yehehua1311/mu-pig@main/%E7%BB%B4%E5%A4%9A%E5%88%A9%E4%BA%9A/nsfw/%E6%80%A7%E4%BA%A4/%E7%BB%B4%E5%A4%9A%E5%88%A9%E4%BA%9A_nsfw_%E6%80%A7%E4%BA%A4_1.png","人物实际在场，共同研习术法、调试符器、练剑、试制农具兵器或协作完成一项工作，出现与图片对应的操作、指点或成果展示。","王思慕在工作间与同席者核对账簿的操作或记录步骤；半身构图，突出人物与关键物件；正常衣着、非露骨画面。","仅在上述场景实际发生、王思慕确实到场、相关同席者也实际在场，且已接入的正常新图与该画面吻合时，输出[王思慕][性交][1]。未换图或场景不符时不调用此编号。","","正常图片待接入"
"王思慕","协作修习","性交","2","王思慕/性交/2.png","https://cdn.jsdelivr.net/gh/lsr756480586-dev/baicao-images@main/%E7%8E%8B%E6%80%9D%E6%85%95/%E6%80%A7%E4%BA%A4/2.png","https://cdn.jsdelivr.net/gh/Yehehua1311/mu-pig@main/%E7%BB%B4%E5%A4%9A%E5%88%A9%E4%BA%9A/nsfw/%E6%80%A7%E4%BA%A4/%E7%BB%B4%E5%A4%9A%E5%88%A9%E4%BA%9A_nsfw_%E6%80%A7%E4%BA%A4_2.png","人物实际在场，共同研习术法、调试符器、练剑、试制农具兵器或协作完成一项工作，出现与图片对应的操作、指点或成果展示。","王思慕在室内向园主展示与工资清单有关的专业方法；半身构图，突出人物与关键物件；正常衣着、非露骨画面。","仅在上述场景实际发生、王思慕确实到场、相关同席者也实际在场，且已接入的正常新图与该画面吻合时，输出[王思慕][性交][2]。未换图或场景不符时不调用此编号。","","正常图片待接入"
"王思慕","协作修习","性交","3","王思慕/性交/3.png","https://cdn.jsdelivr.net/gh/lsr756480586-dev/baicao-images@main/%E7%8E%8B%E6%80%9D%E6%85%95/%E6%80%A7%E4%BA%A4/3.png","https://cdn.jsdelivr.net/gh/Yehehua1311/mu-pig@main/%E7%BB%B4%E5%A4%9A%E5%88%A9%E4%BA%9A/nsfw/%E6%80%A7%E4%BA%A4/%E7%BB%B4%E5%A4%9A%E5%88%A9%E4%BA%9A_nsfw_%E6%80%A7%E4%BA%A4_3.png","人物实际在场，共同研习术法、调试符器、练剑、试制农具兵器或协作完成一项工作，出现与图片对应的操作、指点或成果展示。","王思慕在工坊参与一项已有能力范围内的协作任务；半身构图，突出人物与关键物件；正常衣着、非露骨画面。","仅在上述场景实际发生、王思慕确实到场、相关同席者也实际在场，且已接入的正常新图与该画面吻合时，输出[王思慕][性交][3]。未换图或场景不符时不调用此编号。","","正常图片待接入"
"王思慕","协作修习","性交","4","王思慕/性交/4.png","https://cdn.jsdelivr.net/gh/lsr756480586-dev/baicao-images@main/%E7%8E%8B%E6%80%9D%E6%85%95/%E6%80%A7%E4%BA%A4/4.png","https://cdn.jsdelivr.net/gh/Yehehua1311/mu-pig@main/%E7%BB%B4%E5%A4%9A%E5%88%A9%E4%BA%9A/nsfw/%E6%80%A7%E4%BA%A4/%E7%BB%B4%E5%A4%9A%E5%88%A9%E4%BA%9A_nsfw_%E6%80%A7%E4%BA%A4_4.png","人物实际在场，共同研习术法、调试符器、练剑、试制农具兵器或协作完成一项工作，出现与图片对应的操作、指点或成果展示。","王思慕在书房与同席者共同推演契约；半身构图，突出人物与关键物件；正常衣着、非露骨画面。","仅在上述场景实际发生、王思慕确实到场、相关同席者也实际在场，且已接入的正常新图与该画面吻合时，输出[王思慕][性交][4]。未换图或场景不符时不调用此编号。","","正常图片待接入"
"王思慕","协作修习","性交","5","王思慕/性交/5.png","https://cdn.jsdelivr.net/gh/lsr756480586-dev/baicao-images@main/%E7%8E%8B%E6%80%9D%E6%85%95/%E6%80%A7%E4%BA%A4/5.png","https://cdn.jsdelivr.net/gh/Yehehua1311/mu-pig@main/%E7%BB%B4%E5%A4%9A%E5%88%A9%E4%BA%9A/nsfw/%E6%80%A7%E4%BA%A4/%E7%BB%B4%E5%A4%9A%E5%88%A9%E4%BA%9A_nsfw_%E6%80%A7%E4%BA%A4_5.png","人物实际在场，共同研习术法、调试符器、练剑、试制农具兵器或协作完成一项工作，出现与图片对应的操作、指点或成果展示。","王思慕在练习室学习基础护身动作，不额外获得高阶能力；半身构图，突出人物与关键物件；正常衣着、非露骨画面。","仅在上述场景实际发生、王思慕确实到场、相关同席者也实际在场，且已接入的正常新图与该画面吻合时，输出[王思慕][性交][5]。未换图或场景不符时不调用此编号。","","正常图片待接入"
"王思慕","协作修习","性交","6","王思慕/性交/6.png","https://cdn.jsdelivr.net/gh/lsr756480586-dev/baicao-images@main/%E7%8E%8B%E6%80%9D%E6%85%95/%E6%80%A7%E4%BA%A4/6.png","https://cdn.jsdelivr.net/gh/Yehehua1311/mu-pig@main/%E7%BB%B4%E5%A4%9A%E5%88%A9%E4%BA%9A/nsfw/%E6%80%A7%E4%BA%A4/%E7%BB%B4%E5%A4%9A%E5%88%A9%E4%BA%9A_nsfw_%E6%80%A7%E4%BA%A4_6.png","人物实际在场，共同研习术法、调试符器、练剑、试制农具兵器或协作完成一项工作，出现与图片对应的操作、指点或成果展示。","王思慕在工作台旁协助记录一次实际测试结果；半身构图，突出人物与关键物件；正常衣着、非露骨画面。","仅在上述场景实际发生、王思慕确实到场、相关同席者也实际在场，且已接入的正常新图与该画面吻合时，输出[王思慕][性交][6]。未换图或场景不符时不调用此编号。","","正常图片待接入"
"王思慕","协作修习","性交","7","王思慕/性交/7.png","https://cdn.jsdelivr.net/gh/lsr756480586-dev/baicao-images@main/%E7%8E%8B%E6%80%9D%E6%85%95/%E6%80%A7%E4%BA%A4/7.png","https://cdn.jsdelivr.net/gh/Yehehua1311/mu-pig@main/%E7%BB%B4%E5%A4%9A%E5%88%A9%E4%BA%9A/nsfw/%E6%80%A7%E4%BA%A4/%E7%BB%B4%E5%A4%9A%E5%88%A9%E4%BA%9A_nsfw_%E6%80%A7%E4%BA%A4_7.png","人物实际在场，共同研习术法、调试符器、练剑、试制农具兵器或协作完成一项工作，出现与图片对应的操作、指点或成果展示。","王思慕在室内向实际到场的成员请教一个具体问题；半身构图，突出人物与关键物件；正常衣着、非露骨画面。","仅在上述场景实际发生、王思慕确实到场、相关同席者也实际在场，且已接入的正常新图与该画面吻合时，输出[王思慕][性交][7]。未换图或场景不符时不调用此编号。","","正常图片待接入"
"王思慕","协作修习","性交","8","王思慕/性交/8.png","https://cdn.jsdelivr.net/gh/lsr756480586-dev/baicao-images@main/%E7%8E%8B%E6%80%9D%E6%85%95/%E6%80%A7%E4%BA%A4/8.png","https://cdn.jsdelivr.net/gh/Yehehua1311/mu-pig@main/%E7%BB%B4%E5%A4%9A%E5%88%A9%E4%BA%9A/nsfw/%E6%80%A7%E4%BA%A4/%E7%BB%B4%E5%A4%9A%E5%88%A9%E4%BA%9A_nsfw_%E6%80%A7%E4%BA%A4_8.png","人物实际在场，共同研习术法、调试符器、练剑、试制农具兵器或协作完成一项工作，出现与图片对应的操作、指点或成果展示。","王思慕在完成协作后展示已制作或整理的成果；半身构图，突出人物与关键物件；正常衣着、非露骨画面。","仅在上述场景实际发生、王思慕确实到场、相关同席者也实际在场，且已接入的正常新图与该画面吻合时，输出[王思慕][性交][8]。未换图或场景不符时不调用此编号。","","正常图片待接入"
"王思慕","协作修习","性交","9","王思慕/性交/9.png","https://cdn.jsdelivr.net/gh/lsr756480586-dev/baicao-images@main/%E7%8E%8B%E6%80%9D%E6%85%95/%E6%80%A7%E4%BA%A4/9.png","https://cdn.jsdelivr.net/gh/Yehehua1311/mu-pig@main/%E7%BB%B4%E5%A4%9A%E5%88%A9%E4%BA%9A/nsfw/%E6%80%A7%E4%BA%A4/%E7%BB%B4%E5%A4%9A%E5%88%A9%E4%BA%9A_nsfw_%E6%80%A7%E4%BA%A4_9.png","人物实际在场，共同研习术法、调试符器、练剑、试制农具兵器或协作完成一项工作，出现与图片对应的操作、指点或成果展示。","王思慕在遇到失误时指认问题并重新核对步骤；半身构图，突出人物与关键物件；正常衣着、非露骨画面。","仅在上述场景实际发生、王思慕确实到场、相关同席者也实际在场，且已接入的正常新图与该画面吻合时，输出[王思慕][性交][9]。未换图或场景不符时不调用此编号。","","正常图片待接入"
"鸾钰","立绘","","","鸾钰/立绘.png","https://cdn.jsdelivr.net/gh/lsr756480586-dev/baicao-images@main/%E9%B8%BE%E9%92%B0/%E7%AB%8B%E7%BB%98.png","https://cdn.jsdelivr.net/gh/Yehehua1311/mu-pig@main/%E7%A5%9E%E5%AE%AB%E5%AF%BA%E5%87%9B/sfw/%E7%A5%9E%E5%AE%AB%E5%AF%BA%E5%87%9B_sfw_3.png","在人物菜单、状态栏或人物图库中显示该人物时使用。","鸾钰身着已确定的日常衣装，正面人物立绘，背景简洁。","人物菜单、状态栏或图库实际显示该人物时使用。","","立绘"
"鸾钰","日常","sfw","1","鸾钰/sfw/1.png","https://cdn.jsdelivr.net/gh/lsr756480586-dev/baicao-images@main/%E9%B8%BE%E9%92%B0/sfw/1.png","https://cdn.jsdelivr.net/gh/Yehehua1311/mu-pig@main/%E7%A5%9E%E5%AE%AB%E5%AF%BA%E5%87%9B/sfw/%E7%A5%9E%E5%AE%AB%E5%AF%BA%E5%87%9B_sfw_1.png","人物实际在场，进行园务汇报、种粮育药、修器织染、用餐饮茶或公开会面，且画面适合当前情节。","鸾钰在岗位工作间展示水渠图并汇报进展；半身构图，突出人物与关键物件；正常衣着、非露骨画面。","仅在上述场景实际发生、鸾钰确实到场、相关同席者也实际在场，且已接入的正常新图与该画面吻合时，输出[鸾钰][sfw][1]。未换图或场景不符时不调用此编号。","","暂用原日常图，新画面计划待接入"
"鸾钰","日常","sfw","2","鸾钰/sfw/2.png","https://cdn.jsdelivr.net/gh/lsr756480586-dev/baicao-images@main/%E9%B8%BE%E9%92%B0/sfw/2.png","https://cdn.jsdelivr.net/gh/Yehehua1311/mu-pig@main/%E7%A5%9E%E5%AE%AB%E5%AF%BA%E5%87%9B/sfw/%E7%A5%9E%E5%AE%AB%E5%AF%BA%E5%87%9B_sfw_2.png","人物实际在场，进行园务汇报、种粮育药、修器织染、用餐饮茶或公开会面，且画面适合当前情节。","鸾钰在室内茶间准备清茶；半身构图，突出人物与关键物件；正常衣着、非露骨画面。","仅在上述场景实际发生、鸾钰确实到场、相关同席者也实际在场，且已接入的正常新图与该画面吻合时，输出[鸾钰][sfw][2]。未换图或场景不符时不调用此编号。","","暂用原日常图，新画面计划待接入"
"鸾钰","日常","sfw","3","鸾钰/sfw/3.png","https://cdn.jsdelivr.net/gh/lsr756480586-dev/baicao-images@main/%E9%B8%BE%E9%92%B0/sfw/3.png","https://cdn.jsdelivr.net/gh/Yehehua1311/mu-pig@main/%E7%A5%9E%E5%AE%AB%E5%AF%BA%E5%87%9B/sfw/%E7%A5%9E%E5%AE%AB%E5%AF%BA%E5%87%9B_sfw_3.png","人物实际在场，进行园务汇报、种粮育药、修器织染、用餐饮茶或公开会面，且画面适合当前情节。","鸾钰在窗边翻阅与机关构件有关的记录；半身构图，突出人物与关键物件；正常衣着、非露骨画面。","仅在上述场景实际发生、鸾钰确实到场、相关同席者也实际在场，且已接入的正常新图与该画面吻合时，输出[鸾钰][sfw][3]。未换图或场景不符时不调用此编号。","","暂用原日常图，新画面计划待接入"
"鸾钰","日常","sfw","4","鸾钰/sfw/4.png","https://cdn.jsdelivr.net/gh/lsr756480586-dev/baicao-images@main/%E9%B8%BE%E9%92%B0/sfw/4.png","https://cdn.jsdelivr.net/gh/Yehehua1311/mu-pig@main/%E7%A5%9E%E5%AE%AB%E5%AF%BA%E5%87%9B/sfw/%E7%A5%9E%E5%AE%AB%E5%AF%BA%E5%87%9B_sfw_4.png","人物实际在场，进行园务汇报、种粮育药、修器织染、用餐饮茶或公开会面，且画面适合当前情节。","鸾钰在工作结束后收整闸门模型；半身构图，突出人物与关键物件；正常衣着、非露骨画面。","仅在上述场景实际发生、鸾钰确实到场、相关同席者也实际在场，且已接入的正常新图与该画面吻合时，输出[鸾钰][sfw][4]。未换图或场景不符时不调用此编号。","","暂用原日常图，新画面计划待接入"
"鸾钰","日常","sfw","5","鸾钰/sfw/5.png","https://cdn.jsdelivr.net/gh/lsr756480586-dev/baicao-images@main/%E9%B8%BE%E9%92%B0/sfw/5.png","https://cdn.jsdelivr.net/gh/Yehehua1311/mu-pig@main/%E7%A5%9E%E5%AE%AB%E5%AF%BA%E5%87%9B/sfw/%E7%A5%9E%E5%AE%AB%E5%AF%BA%E5%87%9B_sfw_5.png","人物实际在场，进行园务汇报、种粮育药、修器织染、用餐饮茶或公开会面，且画面适合当前情节。","鸾钰在白帝城商铺挑选生活物资；半身构图，突出人物与关键物件；正常衣着、非露骨画面。","仅在上述场景实际发生、鸾钰确实到场、相关同席者也实际在场，且已接入的正常新图与该画面吻合时，输出[鸾钰][sfw][5]。未换图或场景不符时不调用此编号。","","暂用原日常图，新画面计划待接入"
"鸾钰","日常","sfw","6","鸾钰/sfw/6.png","https://cdn.jsdelivr.net/gh/lsr756480586-dev/baicao-images@main/%E9%B8%BE%E9%92%B0/sfw/6.png","https://cdn.jsdelivr.net/gh/Yehehua1311/mu-pig@main/%E7%A5%9E%E5%AE%AB%E5%AF%BA%E5%87%9B/sfw/%E7%A5%9E%E5%AE%AB%E5%AF%BA%E5%87%9B_sfw_6.png","人物实际在场，进行园务汇报、种粮育药、修器织染、用餐饮茶或公开会面，且画面适合当前情节。","鸾钰在青州城客栈核对随身物品；半身构图，突出人物与关键物件；正常衣着、非露骨画面。","仅在上述场景实际发生、鸾钰确实到场、相关同席者也实际在场，且已接入的正常新图与该画面吻合时，输出[鸾钰][sfw][6]。未换图或场景不符时不调用此编号。","","暂用原日常图，新画面计划待接入"
"鸾钰","日常","sfw","7","鸾钰/sfw/7.png","https://cdn.jsdelivr.net/gh/lsr756480586-dev/baicao-images@main/%E9%B8%BE%E9%92%B0/sfw/7.png","https://cdn.jsdelivr.net/gh/Yehehua1311/mu-pig@main/%E7%A5%9E%E5%AE%AB%E5%AF%BA%E5%87%9B/sfw/%E7%A5%9E%E5%AE%AB%E5%AF%BA%E5%87%9B_sfw_7.png","人物实际在场，进行园务汇报、种粮育药、修器织染、用餐饮茶或公开会面，且画面适合当前情节。","鸾钰在百草园食堂同桌用餐；半身构图，突出人物与关键物件；正常衣着、非露骨画面。","仅在上述场景实际发生、鸾钰确实到场、相关同席者也实际在场，且已接入的正常新图与该画面吻合时，输出[鸾钰][sfw][7]。未换图或场景不符时不调用此编号。","","暂用原日常图，新画面计划待接入"
"鸾钰","日常","sfw","8","鸾钰/sfw/8.png","https://cdn.jsdelivr.net/gh/lsr756480586-dev/baicao-images@main/%E9%B8%BE%E9%92%B0/sfw/8.png","https://cdn.jsdelivr.net/gh/Yehehua1311/mu-pig@main/%E7%A5%9E%E5%AE%AB%E5%AF%BA%E5%87%9B/sfw/%E7%A5%9E%E5%AE%AB%E5%AF%BA%E5%87%9B_sfw_8.png","人物实际在场，进行园务汇报、种粮育药、修器织染、用餐饮茶或公开会面，且画面适合当前情节。","鸾钰在回廊停步看雨；半身构图，突出人物与关键物件；正常衣着、非露骨画面。","仅在上述场景实际发生、鸾钰确实到场、相关同席者也实际在场，且已接入的正常新图与该画面吻合时，输出[鸾钰][sfw][8]。未换图或场景不符时不调用此编号。","","暂用原日常图，新画面计划待接入"
"鸾钰","日常","sfw","9","鸾钰/sfw/9.png","https://cdn.jsdelivr.net/gh/lsr756480586-dev/baicao-images@main/%E9%B8%BE%E9%92%B0/sfw/9.png","https://cdn.jsdelivr.net/gh/Yehehua1311/mu-pig@main/%E7%A5%9E%E5%AE%AB%E5%AF%BA%E5%87%9B/sfw/%E7%A5%9E%E5%AE%AB%E5%AF%BA%E5%87%9B_sfw_9.png","人物实际在场，进行园务汇报、种粮育药、修器织染、用餐饮茶或公开会面，且画面适合当前情节。","鸾钰在院门接待实际到访的来客；半身构图，突出人物与关键物件；正常衣着、非露骨画面。","仅在上述场景实际发生、鸾钰确实到场、相关同席者也实际在场，且已接入的正常新图与该画面吻合时，输出[鸾钰][sfw][9]。未换图或场景不符时不调用此编号。","","暂用原日常图，新画面计划待接入"
"鸾钰","诊疗照护","肛交","1","鸾钰/肛交/1.png","https://cdn.jsdelivr.net/gh/lsr756480586-dev/baicao-images@main/%E9%B8%BE%E9%92%B0/%E8%82%9B%E4%BA%A4/1.png","https://cdn.jsdelivr.net/gh/Yehehua1311/mu-pig@main/%E7%A5%9E%E5%AE%AB%E5%AF%BA%E5%87%9B/nsfw/%E8%82%9B%E4%BA%A4/%E7%A5%9E%E5%AE%AB%E5%AF%BA%E5%87%9B_nsfw_%E8%82%9B%E4%BA%A4_1.png","人物实际在场，在药房、诊室或休养房间接受诊察、包扎、调息指导，或照料另一名同处室内的成员；使用正常衣着和非露骨画面。","鸾钰在药房接受药师询问，保持正常衣着；半身构图，突出人物与关键物件；正常衣着、非露骨画面。","仅在上述场景实际发生、鸾钰确实到场、相关同席者也实际在场，且已接入的正常新图与该画面吻合时，输出[鸾钰][肛交][1]。未换图或场景不符时不调用此编号。","","正常图片待接入"
"鸾钰","诊疗照护","肛交","2","鸾钰/肛交/2.png","https://cdn.jsdelivr.net/gh/lsr756480586-dev/baicao-images@main/%E9%B8%BE%E9%92%B0/%E8%82%9B%E4%BA%A4/2.png","https://cdn.jsdelivr.net/gh/Yehehua1311/mu-pig@main/%E7%A5%9E%E5%AE%AB%E5%AF%BA%E5%87%9B/nsfw/%E8%82%9B%E4%BA%A4/%E7%A5%9E%E5%AE%AB%E5%AF%BA%E5%87%9B_nsfw_%E8%82%9B%E4%BA%A4_2.png","人物实际在场，在药房、诊室或休养房间接受诊察、包扎、调息指导，或照料另一名同处室内的成员；使用正常衣着和非露骨画面。","鸾钰在诊室就座，由医者检查手臂上的小伤；半身构图，突出人物与关键物件；正常衣着、非露骨画面。","仅在上述场景实际发生、鸾钰确实到场、相关同席者也实际在场，且已接入的正常新图与该画面吻合时，输出[鸾钰][肛交][2]。未换图或场景不符时不调用此编号。","","正常图片待接入"
"鸾钰","诊疗照护","肛交","3","鸾钰/肛交/3.png","https://cdn.jsdelivr.net/gh/lsr756480586-dev/baicao-images@main/%E9%B8%BE%E9%92%B0/%E8%82%9B%E4%BA%A4/3.png","https://cdn.jsdelivr.net/gh/Yehehua1311/mu-pig@main/%E7%A5%9E%E5%AE%AB%E5%AF%BA%E5%87%9B/nsfw/%E8%82%9B%E4%BA%A4/%E7%A5%9E%E5%AE%AB%E5%AF%BA%E5%87%9B_nsfw_%E8%82%9B%E4%BA%A4_3.png","人物实际在场，在药房、诊室或休养房间接受诊察、包扎、调息指导，或照料另一名同处室内的成员；使用正常衣着和非露骨画面。","鸾钰在休养房间接过温水与药盏；半身构图，突出人物与关键物件；正常衣着、非露骨画面。","仅在上述场景实际发生、鸾钰确实到场、相关同席者也实际在场，且已接入的正常新图与该画面吻合时，输出[鸾钰][肛交][3]。未换图或场景不符时不调用此编号。","","正常图片待接入"
"鸾钰","诊疗照护","肛交","4","鸾钰/肛交/4.png","https://cdn.jsdelivr.net/gh/lsr756480586-dev/baicao-images@main/%E9%B8%BE%E9%92%B0/%E8%82%9B%E4%BA%A4/4.png","https://cdn.jsdelivr.net/gh/Yehehua1311/mu-pig@main/%E7%A5%9E%E5%AE%AB%E5%AF%BA%E5%87%9B/nsfw/%E8%82%9B%E4%BA%A4/%E7%A5%9E%E5%AE%AB%E5%AF%BA%E5%87%9B_nsfw_%E8%82%9B%E4%BA%A4_4.png","人物实际在场，在药房、诊室或休养房间接受诊察、包扎、调息指导，或照料另一名同处室内的成员；使用正常衣着和非露骨画面。","鸾钰在医者指导下安静调息；半身构图，突出人物与关键物件；正常衣着、非露骨画面。","仅在上述场景实际发生、鸾钰确实到场、相关同席者也实际在场，且已接入的正常新图与该画面吻合时，输出[鸾钰][肛交][4]。未换图或场景不符时不调用此编号。","","正常图片待接入"
"鸾钰","诊疗照护","肛交","5","鸾钰/肛交/5.png","https://cdn.jsdelivr.net/gh/lsr756480586-dev/baicao-images@main/%E9%B8%BE%E9%92%B0/%E8%82%9B%E4%BA%A4/5.png","https://cdn.jsdelivr.net/gh/Yehehua1311/mu-pig@main/%E7%A5%9E%E5%AE%AB%E5%AF%BA%E5%87%9B/nsfw/%E8%82%9B%E4%BA%A4/%E7%A5%9E%E5%AE%AB%E5%AF%BA%E5%87%9B_nsfw_%E8%82%9B%E4%BA%A4_5.png","人物实际在场，在药房、诊室或休养房间接受诊察、包扎、调息指导，或照料另一名同处室内的成员；使用正常衣着和非露骨画面。","鸾钰在室内为另一位实际到场的成员递送药包；半身构图，突出人物与关键物件；正常衣着、非露骨画面。","仅在上述场景实际发生、鸾钰确实到场、相关同席者也实际在场，且已接入的正常新图与该画面吻合时，输出[鸾钰][肛交][5]。未换图或场景不符时不调用此编号。","","正常图片待接入"
"鸾钰","诊疗照护","肛交","6","鸾钰/肛交/6.png","https://cdn.jsdelivr.net/gh/lsr756480586-dev/baicao-images@main/%E9%B8%BE%E9%92%B0/%E8%82%9B%E4%BA%A4/6.png","https://cdn.jsdelivr.net/gh/Yehehua1311/mu-pig@main/%E7%A5%9E%E5%AE%AB%E5%AF%BA%E5%87%9B/nsfw/%E8%82%9B%E4%BA%A4/%E7%A5%9E%E5%AE%AB%E5%AF%BA%E5%87%9B_nsfw_%E8%82%9B%E4%BA%A4_6.png","人物实际在场，在药房、诊室或休养房间接受诊察、包扎、调息指导，或照料另一名同处室内的成员；使用正常衣着和非露骨画面。","鸾钰在休养室靠枕休息，室内有人陪伴；半身构图，突出人物与关键物件；正常衣着、非露骨画面。","仅在上述场景实际发生、鸾钰确实到场、相关同席者也实际在场，且已接入的正常新图与该画面吻合时，输出[鸾钰][肛交][6]。未换图或场景不符时不调用此编号。","","正常图片待接入"
"鸾钰","诊疗照护","肛交","7","鸾钰/肛交/7.png","https://cdn.jsdelivr.net/gh/lsr756480586-dev/baicao-images@main/%E9%B8%BE%E9%92%B0/%E8%82%9B%E4%BA%A4/7.png","https://cdn.jsdelivr.net/gh/Yehehua1311/mu-pig@main/%E7%A5%9E%E5%AE%AB%E5%AF%BA%E5%87%9B/nsfw/%E8%82%9B%E4%BA%A4/%E7%A5%9E%E5%AE%AB%E5%AF%BA%E5%87%9B_nsfw_%E8%82%9B%E4%BA%A4_7.png","人物实际在场，在药房、诊室或休养房间接受诊察、包扎、调息指导，或照料另一名同处室内的成员；使用正常衣着和非露骨画面。","鸾钰在诊室核对实际处方和复诊安排；半身构图，突出人物与关键物件；正常衣着、非露骨画面。","仅在上述场景实际发生、鸾钰确实到场、相关同席者也实际在场，且已接入的正常新图与该画面吻合时，输出[鸾钰][肛交][7]。未换图或场景不符时不调用此编号。","","正常图片待接入"
"鸾钰","诊疗照护","肛交","8","鸾钰/肛交/8.png","https://cdn.jsdelivr.net/gh/lsr756480586-dev/baicao-images@main/%E9%B8%BE%E9%92%B0/%E8%82%9B%E4%BA%A4/8.png","https://cdn.jsdelivr.net/gh/Yehehua1311/mu-pig@main/%E7%A5%9E%E5%AE%AB%E5%AF%BA%E5%87%9B/nsfw/%E8%82%9B%E4%BA%A4/%E7%A5%9E%E5%AE%AB%E5%AF%BA%E5%87%9B_nsfw_%E8%82%9B%E4%BA%A4_8.png","人物实际在场，在药房、诊室或休养房间接受诊察、包扎、调息指导，或照料另一名同处室内的成员；使用正常衣着和非露骨画面。","鸾钰在药房整理常用药物与干净绷带；半身构图，突出人物与关键物件；正常衣着、非露骨画面。","仅在上述场景实际发生、鸾钰确实到场、相关同席者也实际在场，且已接入的正常新图与该画面吻合时，输出[鸾钰][肛交][8]。未换图或场景不符时不调用此编号。","","正常图片待接入"
"鸾钰","诊疗照护","肛交","9","鸾钰/肛交/9.png","https://cdn.jsdelivr.net/gh/lsr756480586-dev/baicao-images@main/%E9%B8%BE%E9%92%B0/%E8%82%9B%E4%BA%A4/9.png","https://cdn.jsdelivr.net/gh/Yehehua1311/mu-pig@main/%E7%A5%9E%E5%AE%AB%E5%AF%BA%E5%87%9B/nsfw/%E8%82%9B%E4%BA%A4/%E7%A5%9E%E5%AE%AB%E5%AF%BA%E5%87%9B_nsfw_%E8%82%9B%E4%BA%A4_9.png","人物实际在场，在药房、诊室或休养房间接受诊察、包扎、调息指导，或照料另一名同处室内的成员；使用正常衣着和非露骨画面。","鸾钰在疲劳缓解后向同处室内的人说明身体情况；半身构图，突出人物与关键物件；正常衣着、非露骨画面。","仅在上述场景实际发生、鸾钰确实到场、相关同席者也实际在场，且已接入的正常新图与该画面吻合时，输出[鸾钰][肛交][9]。未换图或场景不符时不调用此编号。","","正常图片待接入"
"鸾钰","诊疗照护","肛交","10","鸾钰/肛交/10.png","https://cdn.jsdelivr.net/gh/lsr756480586-dev/baicao-images@main/%E9%B8%BE%E9%92%B0/%E8%82%9B%E4%BA%A4/10.png","https://cdn.jsdelivr.net/gh/Yehehua1311/mu-pig@main/%E7%A5%9E%E5%AE%AB%E5%AF%BA%E5%87%9B/nsfw/%E8%82%9B%E4%BA%A4/%E7%A5%9E%E5%AE%AB%E5%AF%BA%E5%87%9B_nsfw_%E8%82%9B%E4%BA%A4_10.png","人物实际在场，在药房、诊室或休养房间接受诊察、包扎、调息指导，或照料另一名同处室内的成员；使用正常衣着和非露骨画面。","鸾钰在室内协助准备清洁伤口所需的正常用品；半身构图，突出人物与关键物件；正常衣着、非露骨画面。","仅在上述场景实际发生、鸾钰确实到场、相关同席者也实际在场，且已接入的正常新图与该画面吻合时，输出[鸾钰][肛交][10]。未换图或场景不符时不调用此编号。","","正常图片待接入"
"鸾钰","诊疗照护","肛交","11","鸾钰/肛交/11.png","https://cdn.jsdelivr.net/gh/lsr756480586-dev/baicao-images@main/%E9%B8%BE%E9%92%B0/%E8%82%9B%E4%BA%A4/11.png","https://cdn.jsdelivr.net/gh/Yehehua1311/mu-pig@main/%E7%A5%9E%E5%AE%AB%E5%AF%BA%E5%87%9B/nsfw/%E8%82%9B%E4%BA%A4/%E7%A5%9E%E5%AE%AB%E5%AF%BA%E5%87%9B_nsfw_%E8%82%9B%E4%BA%A4_11.png","人物实际在场，在药房、诊室或休养房间接受诊察、包扎、调息指导，或照料另一名同处室内的成员；使用正常衣着和非露骨画面。","鸾钰在药房接受药师询问，保持正常衣着；较宽构图，交代人物与场所；正常衣着、非露骨画面。","仅在上述场景实际发生、鸾钰确实到场、相关同席者也实际在场，且已接入的正常新图与该画面吻合时，输出[鸾钰][肛交][11]。未换图或场景不符时不调用此编号。","","正常图片待接入"
"鸾钰","诊疗照护","肛交","12","鸾钰/肛交/12.png","https://cdn.jsdelivr.net/gh/lsr756480586-dev/baicao-images@main/%E9%B8%BE%E9%92%B0/%E8%82%9B%E4%BA%A4/12.png","https://cdn.jsdelivr.net/gh/Yehehua1311/mu-pig@main/%E7%A5%9E%E5%AE%AB%E5%AF%BA%E5%87%9B/nsfw/%E8%82%9B%E4%BA%A4/%E7%A5%9E%E5%AE%AB%E5%AF%BA%E5%87%9B_nsfw_%E8%82%9B%E4%BA%A4_12.png","人物实际在场，在药房、诊室或休养房间接受诊察、包扎、调息指导，或照料另一名同处室内的成员；使用正常衣着和非露骨画面。","鸾钰在诊室就座，由医者检查手臂上的小伤；较宽构图，交代人物与场所；正常衣着、非露骨画面。","仅在上述场景实际发生、鸾钰确实到场、相关同席者也实际在场，且已接入的正常新图与该画面吻合时，输出[鸾钰][肛交][12]。未换图或场景不符时不调用此编号。","","正常图片待接入"
"鸾钰","出行护送","足交","1","鸾钰/足交/1.png","https://cdn.jsdelivr.net/gh/lsr756480586-dev/baicao-images@main/%E9%B8%BE%E9%92%B0/%E8%B6%B3%E4%BA%A4/1.png","https://cdn.jsdelivr.net/gh/Yehehua1311/mu-pig@main/%E7%A5%9E%E5%AE%AB%E5%AF%BA%E5%87%9B/nsfw/%E8%B6%B3%E4%BA%A4/%E7%A5%9E%E5%AE%AB%E5%AF%BA%E5%87%9B_nsfw_%E8%B6%B3%E4%BA%A4_1.png","人物实际随队采购、护送流民、巡守或赶路，并出现与图片对应的出发、行进、避雨、歇脚或归来情境。","鸾钰在百草园院门核对出行物品后准备出发；半身构图，突出人物与关键物件；正常衣着、非露骨画面。","仅在上述场景实际发生、鸾钰确实到场、相关同席者也实际在场，且已接入的正常新图与该画面吻合时，输出[鸾钰][足交][1]。未换图或场景不符时不调用此编号。","","正常图片待接入"
"鸾钰","出行护送","足交","2","鸾钰/足交/2.png","https://cdn.jsdelivr.net/gh/lsr756480586-dev/baicao-images@main/%E9%B8%BE%E9%92%B0/%E8%B6%B3%E4%BA%A4/2.png","https://cdn.jsdelivr.net/gh/Yehehua1311/mu-pig@main/%E7%A5%9E%E5%AE%AB%E5%AF%BA%E5%87%9B/nsfw/%E8%B6%B3%E4%BA%A4/%E7%A5%9E%E5%AE%AB%E5%AF%BA%E5%87%9B_nsfw_%E8%B6%B3%E4%BA%A4_2.png","人物实际随队采购、护送流民、巡守或赶路，并出现与图片对应的出发、行进、避雨、歇脚或归来情境。","鸾钰在白帝城街道随队采购；半身构图，突出人物与关键物件；正常衣着、非露骨画面。","仅在上述场景实际发生、鸾钰确实到场、相关同席者也实际在场，且已接入的正常新图与该画面吻合时，输出[鸾钰][足交][2]。未换图或场景不符时不调用此编号。","","正常图片待接入"
"鸾钰","私室交谈","口交","1","鸾钰/口交/1.png","https://cdn.jsdelivr.net/gh/lsr756480586-dev/baicao-images@main/%E9%B8%BE%E9%92%B0/%E5%8F%A3%E4%BA%A4/1.png","https://cdn.jsdelivr.net/gh/Yehehua1311/mu-pig@main/%E7%A5%9E%E5%AE%AB%E5%AF%BA%E5%87%9B/nsfw/%E5%8F%A3%E4%BA%A4/%E7%A5%9E%E5%AE%AB%E5%AF%BA%E5%87%9B_nsfw_%E5%8F%A3%E4%BA%A4_1.png","人物与园主或其他成员确实共同处于书房、茶间、休息室或客房，进行商议、倾诉旧事、解释顾虑或表达关心；亲近按既定人物关系发展。","鸾钰在私人书房与园主同看水渠图；半身构图，突出人物与关键物件；正常衣着、非露骨画面。","仅在上述场景实际发生、鸾钰确实到场、相关同席者也实际在场，且已接入的正常新图与该画面吻合时，输出[鸾钰][口交][1]。未换图或场景不符时不调用此编号。","","正常图片待接入"
"鸾钰","私室交谈","口交","2","鸾钰/口交/2.png","https://cdn.jsdelivr.net/gh/lsr756480586-dev/baicao-images@main/%E9%B8%BE%E9%92%B0/%E5%8F%A3%E4%BA%A4/2.png","https://cdn.jsdelivr.net/gh/Yehehua1311/mu-pig@main/%E7%A5%9E%E5%AE%AB%E5%AF%BA%E5%87%9B/nsfw/%E5%8F%A3%E4%BA%A4/%E7%A5%9E%E5%AE%AB%E5%AF%BA%E5%87%9B_nsfw_%E5%8F%A3%E4%BA%A4_2.png","人物与园主或其他成员确实共同处于书房、茶间、休息室或客房，进行商议、倾诉旧事、解释顾虑或表达关心；亲近按既定人物关系发展。","鸾钰在室内茶间说起个人生活愿望；半身构图，突出人物与关键物件；正常衣着、非露骨画面。","仅在上述场景实际发生、鸾钰确实到场、相关同席者也实际在场，且已接入的正常新图与该画面吻合时，输出[鸾钰][口交][2]。未换图或场景不符时不调用此编号。","","正常图片待接入"
"鸾钰","私室交谈","口交","3","鸾钰/口交/3.png","https://cdn.jsdelivr.net/gh/lsr756480586-dev/baicao-images@main/%E9%B8%BE%E9%92%B0/%E5%8F%A3%E4%BA%A4/3.png","https://cdn.jsdelivr.net/gh/Yehehua1311/mu-pig@main/%E7%A5%9E%E5%AE%AB%E5%AF%BA%E5%87%9B/nsfw/%E5%8F%A3%E4%BA%A4/%E7%A5%9E%E5%AE%AB%E5%AF%BA%E5%87%9B_nsfw_%E5%8F%A3%E4%BA%A4_3.png","人物与园主或其他成员确实共同处于书房、茶间、休息室或客房，进行商议、倾诉旧事、解释顾虑或表达关心；亲近按既定人物关系发展。","鸾钰在住处待客间谈论已经发生的旧事；半身构图，突出人物与关键物件；正常衣着、非露骨画面。","仅在上述场景实际发生、鸾钰确实到场、相关同席者也实际在场，且已接入的正常新图与该画面吻合时，输出[鸾钰][口交][3]。未换图或场景不符时不调用此编号。","","正常图片待接入"
"鸾钰","私室交谈","口交","4","鸾钰/口交/4.png","https://cdn.jsdelivr.net/gh/lsr756480586-dev/baicao-images@main/%E9%B8%BE%E9%92%B0/%E5%8F%A3%E4%BA%A4/4.png","https://cdn.jsdelivr.net/gh/Yehehua1311/mu-pig@main/%E7%A5%9E%E5%AE%AB%E5%AF%BA%E5%87%9B/nsfw/%E5%8F%A3%E4%BA%A4/%E7%A5%9E%E5%AE%AB%E5%AF%BA%E5%87%9B_nsfw_%E5%8F%A3%E4%BA%A4_4.png","人物与园主或其他成员确实共同处于书房、茶间、休息室或客房，进行商议、倾诉旧事、解释顾虑或表达关心；亲近按既定人物关系发展。","鸾钰在关门的休息室说明工作顾虑；半身构图，突出人物与关键物件；正常衣着、非露骨画面。","仅在上述场景实际发生、鸾钰确实到场、相关同席者也实际在场，且已接入的正常新图与该画面吻合时，输出[鸾钰][口交][4]。未换图或场景不符时不调用此编号。","","正常图片待接入"
"鸾钰","私室交谈","口交","5","鸾钰/口交/5.png","https://cdn.jsdelivr.net/gh/lsr756480586-dev/baicao-images@main/%E9%B8%BE%E9%92%B0/%E5%8F%A3%E4%BA%A4/5.png","https://cdn.jsdelivr.net/gh/Yehehua1311/mu-pig@main/%E7%A5%9E%E5%AE%AB%E5%AF%BA%E5%87%9B/nsfw/%E5%8F%A3%E4%BA%A4/%E7%A5%9E%E5%AE%AB%E5%AF%BA%E5%87%9B_nsfw_%E5%8F%A3%E4%BA%A4_5.png","人物与园主或其他成员确实共同处于书房、茶间、休息室或客房，进行商议、倾诉旧事、解释顾虑或表达关心；亲近按既定人物关系发展。","鸾钰在私人小厅向园主解释一场实际争议；半身构图，突出人物与关键物件；正常衣着、非露骨画面。","仅在上述场景实际发生、鸾钰确实到场、相关同席者也实际在场，且已接入的正常新图与该画面吻合时，输出[鸾钰][口交][5]。未换图或场景不符时不调用此编号。","","正常图片待接入"
"鸾钰","私室交谈","口交","6","鸾钰/口交/6.png","https://cdn.jsdelivr.net/gh/lsr756480586-dev/baicao-images@main/%E9%B8%BE%E9%92%B0/%E5%8F%A3%E4%BA%A4/6.png","https://cdn.jsdelivr.net/gh/Yehehua1311/mu-pig@main/%E7%A5%9E%E5%AE%AB%E5%AF%BA%E5%87%9B/nsfw/%E5%8F%A3%E4%BA%A4/%E7%A5%9E%E5%AE%AB%E5%AF%BA%E5%87%9B_nsfw_%E5%8F%A3%E4%BA%A4_6.png","人物与园主或其他成员确实共同处于书房、茶间、休息室或客房，进行商议、倾诉旧事、解释顾虑或表达关心；亲近按既定人物关系发展。","鸾钰在雨夜书房与园主共读地方志；半身构图，突出人物与关键物件；正常衣着、非露骨画面。","仅在上述场景实际发生、鸾钰确实到场、相关同席者也实际在场，且已接入的正常新图与该画面吻合时，输出[鸾钰][口交][6]。未换图或场景不符时不调用此编号。","","正常图片待接入"
"鸾钰","私室交谈","口交","7","鸾钰/口交/7.png","https://cdn.jsdelivr.net/gh/lsr756480586-dev/baicao-images@main/%E9%B8%BE%E9%92%B0/%E5%8F%A3%E4%BA%A4/7.png","https://cdn.jsdelivr.net/gh/Yehehua1311/mu-pig@main/%E7%A5%9E%E5%AE%AB%E5%AF%BA%E5%87%9B/nsfw/%E5%8F%A3%E4%BA%A4/%E7%A5%9E%E5%AE%AB%E5%AF%BA%E5%87%9B_nsfw_%E5%8F%A3%E4%BA%A4_7.png","人物与园主或其他成员确实共同处于书房、茶间、休息室或客房，进行商议、倾诉旧事、解释顾虑或表达关心；亲近按既定人物关系发展。","鸾钰在室内与另一位实际到场的成员商议闸门模型；半身构图，突出人物与关键物件；正常衣着、非露骨画面。","仅在上述场景实际发生、鸾钰确实到场、相关同席者也实际在场，且已接入的正常新图与该画面吻合时，输出[鸾钰][口交][7]。未换图或场景不符时不调用此编号。","","正常图片待接入"
"鸾钰","协作修习","性交","1","鸾钰/性交/1.png","https://cdn.jsdelivr.net/gh/lsr756480586-dev/baicao-images@main/%E9%B8%BE%E9%92%B0/%E6%80%A7%E4%BA%A4/1.png","https://cdn.jsdelivr.net/gh/Yehehua1311/mu-pig@main/%E7%A5%9E%E5%AE%AB%E5%AF%BA%E5%87%9B/nsfw/%E6%80%A7%E4%BA%A4/%E7%A5%9E%E5%AE%AB%E5%AF%BA%E5%87%9B_nsfw_%E6%80%A7%E4%BA%A4_1.png","人物实际在场，共同研习术法、调试符器、练剑、试制农具兵器或协作完成一项工作，出现与图片对应的操作、指点或成果展示。","鸾钰在工作间与同席者核对水渠图的操作或记录步骤；半身构图，突出人物与关键物件；正常衣着、非露骨画面。","仅在上述场景实际发生、鸾钰确实到场、相关同席者也实际在场，且已接入的正常新图与该画面吻合时，输出[鸾钰][性交][1]。未换图或场景不符时不调用此编号。","","正常图片待接入"
"鸾钰","协作修习","性交","2","鸾钰/性交/2.png","https://cdn.jsdelivr.net/gh/lsr756480586-dev/baicao-images@main/%E9%B8%BE%E9%92%B0/%E6%80%A7%E4%BA%A4/2.png","https://cdn.jsdelivr.net/gh/Yehehua1311/mu-pig@main/%E7%A5%9E%E5%AE%AB%E5%AF%BA%E5%87%9B/nsfw/%E6%80%A7%E4%BA%A4/%E7%A5%9E%E5%AE%AB%E5%AF%BA%E5%87%9B_nsfw_%E6%80%A7%E4%BA%A4_2.png","人物实际在场，共同研习术法、调试符器、练剑、试制农具兵器或协作完成一项工作，出现与图片对应的操作、指点或成果展示。","鸾钰在室内向园主展示与机关构件有关的专业方法；半身构图，突出人物与关键物件；正常衣着、非露骨画面。","仅在上述场景实际发生、鸾钰确实到场、相关同席者也实际在场，且已接入的正常新图与该画面吻合时，输出[鸾钰][性交][2]。未换图或场景不符时不调用此编号。","","正常图片待接入"
"鸾钰","协作修习","性交","3","鸾钰/性交/3.png","https://cdn.jsdelivr.net/gh/lsr756480586-dev/baicao-images@main/%E9%B8%BE%E9%92%B0/%E6%80%A7%E4%BA%A4/3.png","https://cdn.jsdelivr.net/gh/Yehehua1311/mu-pig@main/%E7%A5%9E%E5%AE%AB%E5%AF%BA%E5%87%9B/nsfw/%E6%80%A7%E4%BA%A4/%E7%A5%9E%E5%AE%AB%E5%AF%BA%E5%87%9B_nsfw_%E6%80%A7%E4%BA%A4_3.png","人物实际在场，共同研习术法、调试符器、练剑、试制农具兵器或协作完成一项工作，出现与图片对应的操作、指点或成果展示。","鸾钰在工坊参与一项已有能力范围内的协作任务；半身构图，突出人物与关键物件；正常衣着、非露骨画面。","仅在上述场景实际发生、鸾钰确实到场、相关同席者也实际在场，且已接入的正常新图与该画面吻合时，输出[鸾钰][性交][3]。未换图或场景不符时不调用此编号。","","正常图片待接入"
"鸾钰","协作修习","性交","4","鸾钰/性交/4.png","https://cdn.jsdelivr.net/gh/lsr756480586-dev/baicao-images@main/%E9%B8%BE%E9%92%B0/%E6%80%A7%E4%BA%A4/4.png","https://cdn.jsdelivr.net/gh/Yehehua1311/mu-pig@main/%E7%A5%9E%E5%AE%AB%E5%AF%BA%E5%87%9B/nsfw/%E6%80%A7%E4%BA%A4/%E7%A5%9E%E5%AE%AB%E5%AF%BA%E5%87%9B_nsfw_%E6%80%A7%E4%BA%A4_4.png","人物实际在场，共同研习术法、调试符器、练剑、试制农具兵器或协作完成一项工作，出现与图片对应的操作、指点或成果展示。","鸾钰在书房与同席者共同推演闸门模型；半身构图，突出人物与关键物件；正常衣着、非露骨画面。","仅在上述场景实际发生、鸾钰确实到场、相关同席者也实际在场，且已接入的正常新图与该画面吻合时，输出[鸾钰][性交][4]。未换图或场景不符时不调用此编号。","","正常图片待接入"
"鸾钰","协作修习","性交","5","鸾钰/性交/5.png","https://cdn.jsdelivr.net/gh/lsr756480586-dev/baicao-images@main/%E9%B8%BE%E9%92%B0/%E6%80%A7%E4%BA%A4/5.png","https://cdn.jsdelivr.net/gh/Yehehua1311/mu-pig@main/%E7%A5%9E%E5%AE%AB%E5%AF%BA%E5%87%9B/nsfw/%E6%80%A7%E4%BA%A4/%E7%A5%9E%E5%AE%AB%E5%AF%BA%E5%87%9B_nsfw_%E6%80%A7%E4%BA%A4_5.png","人物实际在场，共同研习术法、调试符器、练剑、试制农具兵器或协作完成一项工作，出现与图片对应的操作、指点或成果展示。","鸾钰在练习室学习基础护身动作，不额外获得高阶能力；半身构图，突出人物与关键物件；正常衣着、非露骨画面。","仅在上述场景实际发生、鸾钰确实到场、相关同席者也实际在场，且已接入的正常新图与该画面吻合时，输出[鸾钰][性交][5]。未换图或场景不符时不调用此编号。","","正常图片待接入"
"鸾钰","协作修习","性交","6","鸾钰/性交/6.png","https://cdn.jsdelivr.net/gh/lsr756480586-dev/baicao-images@main/%E9%B8%BE%E9%92%B0/%E6%80%A7%E4%BA%A4/6.png","https://cdn.jsdelivr.net/gh/Yehehua1311/mu-pig@main/%E7%A5%9E%E5%AE%AB%E5%AF%BA%E5%87%9B/nsfw/%E6%80%A7%E4%BA%A4/%E7%A5%9E%E5%AE%AB%E5%AF%BA%E5%87%9B_nsfw_%E6%80%A7%E4%BA%A4_6.png","人物实际在场，共同研习术法、调试符器、练剑、试制农具兵器或协作完成一项工作，出现与图片对应的操作、指点或成果展示。","鸾钰在工作台旁协助记录一次实际测试结果；半身构图，突出人物与关键物件；正常衣着、非露骨画面。","仅在上述场景实际发生、鸾钰确实到场、相关同席者也实际在场，且已接入的正常新图与该画面吻合时，输出[鸾钰][性交][6]。未换图或场景不符时不调用此编号。","","正常图片待接入"
"鸾钰","协作修习","性交","7","鸾钰/性交/7.png","https://cdn.jsdelivr.net/gh/lsr756480586-dev/baicao-images@main/%E9%B8%BE%E9%92%B0/%E6%80%A7%E4%BA%A4/7.png","https://cdn.jsdelivr.net/gh/Yehehua1311/mu-pig@main/%E7%A5%9E%E5%AE%AB%E5%AF%BA%E5%87%9B/nsfw/%E6%80%A7%E4%BA%A4/%E7%A5%9E%E5%AE%AB%E5%AF%BA%E5%87%9B_nsfw_%E6%80%A7%E4%BA%A4_7.png","人物实际在场，共同研习术法、调试符器、练剑、试制农具兵器或协作完成一项工作，出现与图片对应的操作、指点或成果展示。","鸾钰在室内向实际到场的成员请教一个具体问题；半身构图，突出人物与关键物件；正常衣着、非露骨画面。","仅在上述场景实际发生、鸾钰确实到场、相关同席者也实际在场，且已接入的正常新图与该画面吻合时，输出[鸾钰][性交][7]。未换图或场景不符时不调用此编号。","","正常图片待接入"
"鸾钰","协作修习","性交","8","鸾钰/性交/8.png","https://cdn.jsdelivr.net/gh/lsr756480586-dev/baicao-images@main/%E9%B8%BE%E9%92%B0/%E6%80%A7%E4%BA%A4/8.png","https://cdn.jsdelivr.net/gh/Yehehua1311/mu-pig@main/%E7%A5%9E%E5%AE%AB%E5%AF%BA%E5%87%9B/nsfw/%E6%80%A7%E4%BA%A4/%E7%A5%9E%E5%AE%AB%E5%AF%BA%E5%87%9B_nsfw_%E6%80%A7%E4%BA%A4_8.png","人物实际在场，共同研习术法、调试符器、练剑、试制农具兵器或协作完成一项工作，出现与图片对应的操作、指点或成果展示。","鸾钰在完成协作后展示已制作或整理的成果；半身构图，突出人物与关键物件；正常衣着、非露骨画面。","仅在上述场景实际发生、鸾钰确实到场、相关同席者也实际在场，且已接入的正常新图与该画面吻合时，输出[鸾钰][性交][8]。未换图或场景不符时不调用此编号。","","正常图片待接入"
"鸾钰","协作修习","性交","9","鸾钰/性交/9.png","https://cdn.jsdelivr.net/gh/lsr756480586-dev/baicao-images@main/%E9%B8%BE%E9%92%B0/%E6%80%A7%E4%BA%A4/9.png","https://cdn.jsdelivr.net/gh/Yehehua1311/mu-pig@main/%E7%A5%9E%E5%AE%AB%E5%AF%BA%E5%87%9B/nsfw/%E6%80%A7%E4%BA%A4/%E7%A5%9E%E5%AE%AB%E5%AF%BA%E5%87%9B_nsfw_%E6%80%A7%E4%BA%A4_9.png","人物实际在场，共同研习术法、调试符器、练剑、试制农具兵器或协作完成一项工作，出现与图片对应的操作、指点或成果展示。","鸾钰在遇到失误时指认问题并重新核对步骤；半身构图，突出人物与关键物件；正常衣着、非露骨画面。","仅在上述场景实际发生、鸾钰确实到场、相关同席者也实际在场，且已接入的正常新图与该画面吻合时，输出[鸾钰][性交][9]。未换图或场景不符时不调用此编号。","","正常图片待接入"
"鸾钰","协作修习","性交","10","鸾钰/性交/10.png","https://cdn.jsdelivr.net/gh/lsr756480586-dev/baicao-images@main/%E9%B8%BE%E9%92%B0/%E6%80%A7%E4%BA%A4/10.png","https://cdn.jsdelivr.net/gh/Yehehua1311/mu-pig@main/%E7%A5%9E%E5%AE%AB%E5%AF%BA%E5%87%9B/nsfw/%E6%80%A7%E4%BA%A4/%E7%A5%9E%E5%AE%AB%E5%AF%BA%E5%87%9B_nsfw_%E6%80%A7%E4%BA%A4_10.png","人物实际在场，共同研习术法、调试符器、练剑、试制农具兵器或协作完成一项工作，出现与图片对应的操作、指点或成果展示。","鸾钰在休息室与同席者总结已经完成的练习；半身构图，突出人物与关键物件；正常衣着、非露骨画面。","仅在上述场景实际发生、鸾钰确实到场、相关同席者也实际在场，且已接入的正常新图与该画面吻合时，输出[鸾钰][性交][10]。未换图或场景不符时不调用此编号。","","正常图片待接入"
"鸾钰","协作修习","性交","11","鸾钰/性交/11.png","https://cdn.jsdelivr.net/gh/lsr756480586-dev/baicao-images@main/%E9%B8%BE%E9%92%B0/%E6%80%A7%E4%BA%A4/11.png","https://cdn.jsdelivr.net/gh/Yehehua1311/mu-pig@main/%E7%A5%9E%E5%AE%AB%E5%AF%BA%E5%87%9B/nsfw/%E6%80%A7%E4%BA%A4/%E7%A5%9E%E5%AE%AB%E5%AF%BA%E5%87%9B_nsfw_%E6%80%A7%E4%BA%A4_11.png","人物实际在场，共同研习术法、调试符器、练剑、试制农具兵器或协作完成一项工作，出现与图片对应的操作、指点或成果展示。","鸾钰在工作间与同席者核对水渠图的操作或记录步骤；较宽构图，交代人物与场所；正常衣着、非露骨画面。","仅在上述场景实际发生、鸾钰确实到场、相关同席者也实际在场，且已接入的正常新图与该画面吻合时，输出[鸾钰][性交][11]。未换图或场景不符时不调用此编号。","","正常图片待接入"
"鸾钰","协作修习","性交","12","鸾钰/性交/12.png","https://cdn.jsdelivr.net/gh/lsr756480586-dev/baicao-images@main/%E9%B8%BE%E9%92%B0/%E6%80%A7%E4%BA%A4/12.png","https://cdn.jsdelivr.net/gh/Yehehua1311/mu-pig@main/%E7%A5%9E%E5%AE%AB%E5%AF%BA%E5%87%9B/nsfw/%E6%80%A7%E4%BA%A4/%E7%A5%9E%E5%AE%AB%E5%AF%BA%E5%87%9B_nsfw_%E6%80%A7%E4%BA%A4_12.png","人物实际在场，共同研习术法、调试符器、练剑、试制农具兵器或协作完成一项工作，出现与图片对应的操作、指点或成果展示。","鸾钰在室内向园主展示与机关构件有关的专业方法；较宽构图，交代人物与场所；正常衣着、非露骨画面。","仅在上述场景实际发生、鸾钰确实到场、相关同席者也实际在场，且已接入的正常新图与该画面吻合时，输出[鸾钰][性交][12]。未换图或场景不符时不调用此编号。","","正常图片待接入"
"鸾钰","协作修习","性交","13","鸾钰/性交/13.png","https://cdn.jsdelivr.net/gh/lsr756480586-dev/baicao-images@main/%E9%B8%BE%E9%92%B0/%E6%80%A7%E4%BA%A4/13.png","https://cdn.jsdelivr.net/gh/Yehehua1311/mu-pig@main/%E7%A5%9E%E5%AE%AB%E5%AF%BA%E5%87%9B/nsfw/%E6%80%A7%E4%BA%A4/%E7%A5%9E%E5%AE%AB%E5%AF%BA%E5%87%9B_nsfw_%E6%80%A7%E4%BA%A4_13.png","人物实际在场，共同研习术法、调试符器、练剑、试制农具兵器或协作完成一项工作，出现与图片对应的操作、指点或成果展示。","鸾钰在工坊参与一项已有能力范围内的协作任务；较宽构图，交代人物与场所；正常衣着、非露骨画面。","仅在上述场景实际发生、鸾钰确实到场、相关同席者也实际在场，且已接入的正常新图与该画面吻合时，输出[鸾钰][性交][13]。未换图或场景不符时不调用此编号。","","正常图片待接入"
"浮香","立绘","","","浮香/立绘.png","https://cdn.jsdelivr.net/gh/lsr756480586-dev/baicao-images@main/%E6%B5%AE%E9%A6%99/%E7%AB%8B%E7%BB%98.png","https://i.postimg.cc/kM2qcsNR/1b8a84bb-a02c-4698-92f7-fe698fade27d.png","在人物菜单、状态栏或人物图库中显示该人物时使用。","浮香身着已确定的日常衣装，正面人物立绘，背景简洁。","人物菜单、状态栏或图库实际显示该人物时使用。","","立绘"
"浮香","日常","sfw","1","浮香/sfw/1.png","https://cdn.jsdelivr.net/gh/lsr756480586-dev/baicao-images@main/%E6%B5%AE%E9%A6%99/sfw/1.png","https://cdn.jsdelivr.net/gh/Yehehua1311/mu-pig@main/%E5%85%8B%E6%B4%9B%E4%BC%8A/sfw/%E5%85%8B%E6%B4%9B%E4%BC%8A_sfw_1.png","人物实际在场，进行园务汇报、种粮育药、修器织染、用餐饮茶或公开会面，且画面适合当前情节。","浮香在岗位工作间展示采买单并汇报进展；半身构图，突出人物与关键物件；正常衣着、非露骨画面。","仅在上述场景实际发生、浮香确实到场、相关同席者也实际在场，且已接入的正常新图与该画面吻合时，输出[浮香][sfw][1]。未换图或场景不符时不调用此编号。","","暂用原日常图，新画面计划待接入"
"浮香","日常","sfw","2","浮香/sfw/2.png","https://cdn.jsdelivr.net/gh/lsr756480586-dev/baicao-images@main/%E6%B5%AE%E9%A6%99/sfw/2.png","https://cdn.jsdelivr.net/gh/Yehehua1311/mu-pig@main/%E5%85%8B%E6%B4%9B%E4%BC%8A/sfw/%E5%85%8B%E6%B4%9B%E4%BC%8A_sfw_2.png","人物实际在场，进行园务汇报、种粮育药、修器织染、用餐饮茶或公开会面，且画面适合当前情节。","浮香在室内茶间准备清茶；半身构图，突出人物与关键物件；正常衣着、非露骨画面。","仅在上述场景实际发生、浮香确实到场、相关同席者也实际在场，且已接入的正常新图与该画面吻合时，输出[浮香][sfw][2]。未换图或场景不符时不调用此编号。","","暂用原日常图，新画面计划待接入"
"浮香","日常","sfw","3","浮香/sfw/3.png","https://cdn.jsdelivr.net/gh/lsr756480586-dev/baicao-images@main/%E6%B5%AE%E9%A6%99/sfw/3.png","https://cdn.jsdelivr.net/gh/Yehehua1311/mu-pig@main/%E5%85%8B%E6%B4%9B%E4%BC%8A/sfw/%E5%85%8B%E6%B4%9B%E4%BC%8A_sfw_3.png","人物实际在场，进行园务汇报、种粮育药、修器织染、用餐饮茶或公开会面，且画面适合当前情节。","浮香在窗边翻阅与商路图有关的记录；半身构图，突出人物与关键物件；正常衣着、非露骨画面。","仅在上述场景实际发生、浮香确实到场、相关同席者也实际在场，且已接入的正常新图与该画面吻合时，输出[浮香][sfw][3]。未换图或场景不符时不调用此编号。","","暂用原日常图，新画面计划待接入"
"浮香","日常","sfw","4","浮香/sfw/4.png","https://cdn.jsdelivr.net/gh/lsr756480586-dev/baicao-images@main/%E6%B5%AE%E9%A6%99/sfw/4.png","https://cdn.jsdelivr.net/gh/Yehehua1311/mu-pig@main/%E5%85%8B%E6%B4%9B%E4%BC%8A/sfw/%E5%85%8B%E6%B4%9B%E4%BC%8A_sfw_4.png","人物实际在场，进行园务汇报、种粮育药、修器织染、用餐饮茶或公开会面，且画面适合当前情节。","浮香在工作结束后收整货样；半身构图，突出人物与关键物件；正常衣着、非露骨画面。","仅在上述场景实际发生、浮香确实到场、相关同席者也实际在场，且已接入的正常新图与该画面吻合时，输出[浮香][sfw][4]。未换图或场景不符时不调用此编号。","","暂用原日常图，新画面计划待接入"
"浮香","日常","sfw","5","浮香/sfw/5.png","https://cdn.jsdelivr.net/gh/lsr756480586-dev/baicao-images@main/%E6%B5%AE%E9%A6%99/sfw/5.png","https://cdn.jsdelivr.net/gh/Yehehua1311/mu-pig@main/%E5%85%8B%E6%B4%9B%E4%BC%8A/sfw/%E5%85%8B%E6%B4%9B%E4%BC%8A_sfw_5.png","人物实际在场，进行园务汇报、种粮育药、修器织染、用餐饮茶或公开会面，且画面适合当前情节。","浮香在白帝城商铺挑选生活物资；半身构图，突出人物与关键物件；正常衣着、非露骨画面。","仅在上述场景实际发生、浮香确实到场、相关同席者也实际在场，且已接入的正常新图与该画面吻合时，输出[浮香][sfw][5]。未换图或场景不符时不调用此编号。","","暂用原日常图，新画面计划待接入"
"浮香","日常","sfw","6","浮香/sfw/6.png","https://cdn.jsdelivr.net/gh/lsr756480586-dev/baicao-images@main/%E6%B5%AE%E9%A6%99/sfw/6.png","https://cdn.jsdelivr.net/gh/Yehehua1311/mu-pig@main/%E5%85%8B%E6%B4%9B%E4%BC%8A/sfw/%E5%85%8B%E6%B4%9B%E4%BC%8A_sfw_6.png","人物实际在场，进行园务汇报、种粮育药、修器织染、用餐饮茶或公开会面，且画面适合当前情节。","浮香在青州城客栈核对随身物品；半身构图，突出人物与关键物件；正常衣着、非露骨画面。","仅在上述场景实际发生、浮香确实到场、相关同席者也实际在场，且已接入的正常新图与该画面吻合时，输出[浮香][sfw][6]。未换图或场景不符时不调用此编号。","","暂用原日常图，新画面计划待接入"
"浮香","诊疗照护","肛交","1","浮香/肛交/1.png","https://cdn.jsdelivr.net/gh/lsr756480586-dev/baicao-images@main/%E6%B5%AE%E9%A6%99/%E8%82%9B%E4%BA%A4/1.png","https://cdn.jsdelivr.net/gh/Yehehua1311/mu-pig@main/%E5%85%8B%E6%B4%9B%E4%BC%8A/nsfw/%E8%82%9B%E4%BA%A4/%E5%85%8B%E6%B4%9B%E4%BC%8A_nsfw_%E8%82%9B%E4%BA%A4_1.png","人物实际在场，在药房、诊室或休养房间接受诊察、包扎、调息指导，或照料另一名同处室内的成员；使用正常衣着和非露骨画面。","浮香在药房接受药师询问，保持正常衣着；半身构图，突出人物与关键物件；正常衣着、非露骨画面。","仅在上述场景实际发生、浮香确实到场、相关同席者也实际在场，且已接入的正常新图与该画面吻合时，输出[浮香][肛交][1]。未换图或场景不符时不调用此编号。","","正常图片待接入"
"浮香","诊疗照护","肛交","2","浮香/肛交/2.png","https://cdn.jsdelivr.net/gh/lsr756480586-dev/baicao-images@main/%E6%B5%AE%E9%A6%99/%E8%82%9B%E4%BA%A4/2.png","https://cdn.jsdelivr.net/gh/Yehehua1311/mu-pig@main/%E5%85%8B%E6%B4%9B%E4%BC%8A/nsfw/%E8%82%9B%E4%BA%A4/%E5%85%8B%E6%B4%9B%E4%BC%8A_nsfw_%E8%82%9B%E4%BA%A4_2.png","人物实际在场，在药房、诊室或休养房间接受诊察、包扎、调息指导，或照料另一名同处室内的成员；使用正常衣着和非露骨画面。","浮香在诊室就座，由医者检查手臂上的小伤；半身构图，突出人物与关键物件；正常衣着、非露骨画面。","仅在上述场景实际发生、浮香确实到场、相关同席者也实际在场，且已接入的正常新图与该画面吻合时，输出[浮香][肛交][2]。未换图或场景不符时不调用此编号。","","正常图片待接入"
"浮香","诊疗照护","肛交","3","浮香/肛交/3.png","https://cdn.jsdelivr.net/gh/lsr756480586-dev/baicao-images@main/%E6%B5%AE%E9%A6%99/%E8%82%9B%E4%BA%A4/3.png","https://cdn.jsdelivr.net/gh/Yehehua1311/mu-pig@main/%E5%85%8B%E6%B4%9B%E4%BC%8A/nsfw/%E8%82%9B%E4%BA%A4/%E5%85%8B%E6%B4%9B%E4%BC%8A_nsfw_%E8%82%9B%E4%BA%A4_3.png","人物实际在场，在药房、诊室或休养房间接受诊察、包扎、调息指导，或照料另一名同处室内的成员；使用正常衣着和非露骨画面。","浮香在休养房间接过温水与药盏；半身构图，突出人物与关键物件；正常衣着、非露骨画面。","仅在上述场景实际发生、浮香确实到场、相关同席者也实际在场，且已接入的正常新图与该画面吻合时，输出[浮香][肛交][3]。未换图或场景不符时不调用此编号。","","正常图片待接入"
"浮香","诊疗照护","肛交","4","浮香/肛交/4.png","https://cdn.jsdelivr.net/gh/lsr756480586-dev/baicao-images@main/%E6%B5%AE%E9%A6%99/%E8%82%9B%E4%BA%A4/4.png","https://cdn.jsdelivr.net/gh/Yehehua1311/mu-pig@main/%E5%85%8B%E6%B4%9B%E4%BC%8A/nsfw/%E8%82%9B%E4%BA%A4/%E5%85%8B%E6%B4%9B%E4%BC%8A_nsfw_%E8%82%9B%E4%BA%A4_4.png","人物实际在场，在药房、诊室或休养房间接受诊察、包扎、调息指导，或照料另一名同处室内的成员；使用正常衣着和非露骨画面。","浮香在医者指导下安静调息；半身构图，突出人物与关键物件；正常衣着、非露骨画面。","仅在上述场景实际发生、浮香确实到场、相关同席者也实际在场，且已接入的正常新图与该画面吻合时，输出[浮香][肛交][4]。未换图或场景不符时不调用此编号。","","正常图片待接入"
"浮香","诊疗照护","肛交","5","浮香/肛交/5.png","https://cdn.jsdelivr.net/gh/lsr756480586-dev/baicao-images@main/%E6%B5%AE%E9%A6%99/%E8%82%9B%E4%BA%A4/5.png","https://cdn.jsdelivr.net/gh/Yehehua1311/mu-pig@main/%E5%85%8B%E6%B4%9B%E4%BC%8A/nsfw/%E8%82%9B%E4%BA%A4/%E5%85%8B%E6%B4%9B%E4%BC%8A_nsfw_%E8%82%9B%E4%BA%A4_5.png","人物实际在场，在药房、诊室或休养房间接受诊察、包扎、调息指导，或照料另一名同处室内的成员；使用正常衣着和非露骨画面。","浮香在室内为另一位实际到场的成员递送药包；半身构图，突出人物与关键物件；正常衣着、非露骨画面。","仅在上述场景实际发生、浮香确实到场、相关同席者也实际在场，且已接入的正常新图与该画面吻合时，输出[浮香][肛交][5]。未换图或场景不符时不调用此编号。","","正常图片待接入"
"浮香","诊疗照护","肛交","6","浮香/肛交/6.png","https://cdn.jsdelivr.net/gh/lsr756480586-dev/baicao-images@main/%E6%B5%AE%E9%A6%99/%E8%82%9B%E4%BA%A4/6.png","https://cdn.jsdelivr.net/gh/Yehehua1311/mu-pig@main/%E5%85%8B%E6%B4%9B%E4%BC%8A/nsfw/%E8%82%9B%E4%BA%A4/%E5%85%8B%E6%B4%9B%E4%BC%8A_nsfw_%E8%82%9B%E4%BA%A4_6.png","人物实际在场，在药房、诊室或休养房间接受诊察、包扎、调息指导，或照料另一名同处室内的成员；使用正常衣着和非露骨画面。","浮香在休养室靠枕休息，室内有人陪伴；半身构图，突出人物与关键物件；正常衣着、非露骨画面。","仅在上述场景实际发生、浮香确实到场、相关同席者也实际在场，且已接入的正常新图与该画面吻合时，输出[浮香][肛交][6]。未换图或场景不符时不调用此编号。","","正常图片待接入"
"浮香","诊疗照护","肛交","7","浮香/肛交/7.png","https://cdn.jsdelivr.net/gh/lsr756480586-dev/baicao-images@main/%E6%B5%AE%E9%A6%99/%E8%82%9B%E4%BA%A4/7.png","https://cdn.jsdelivr.net/gh/Yehehua1311/mu-pig@main/%E5%85%8B%E6%B4%9B%E4%BC%8A/nsfw/%E8%82%9B%E4%BA%A4/%E5%85%8B%E6%B4%9B%E4%BC%8A_nsfw_%E8%82%9B%E4%BA%A4_7.png","人物实际在场，在药房、诊室或休养房间接受诊察、包扎、调息指导，或照料另一名同处室内的成员；使用正常衣着和非露骨画面。","浮香在诊室核对实际处方和复诊安排；半身构图，突出人物与关键物件；正常衣着、非露骨画面。","仅在上述场景实际发生、浮香确实到场、相关同席者也实际在场，且已接入的正常新图与该画面吻合时，输出[浮香][肛交][7]。未换图或场景不符时不调用此编号。","","正常图片待接入"
"浮香","诊疗照护","肛交","8","浮香/肛交/8.png","https://cdn.jsdelivr.net/gh/lsr756480586-dev/baicao-images@main/%E6%B5%AE%E9%A6%99/%E8%82%9B%E4%BA%A4/8.png","https://cdn.jsdelivr.net/gh/Yehehua1311/mu-pig@main/%E5%85%8B%E6%B4%9B%E4%BC%8A/nsfw/%E8%82%9B%E4%BA%A4/%E5%85%8B%E6%B4%9B%E4%BC%8A_nsfw_%E8%82%9B%E4%BA%A4_8.png","人物实际在场，在药房、诊室或休养房间接受诊察、包扎、调息指导，或照料另一名同处室内的成员；使用正常衣着和非露骨画面。","浮香在药房整理常用药物与干净绷带；半身构图，突出人物与关键物件；正常衣着、非露骨画面。","仅在上述场景实际发生、浮香确实到场、相关同席者也实际在场，且已接入的正常新图与该画面吻合时，输出[浮香][肛交][8]。未换图或场景不符时不调用此编号。","","正常图片待接入"
"浮香","出行护送","足交","1","浮香/足交/1.png","https://cdn.jsdelivr.net/gh/lsr756480586-dev/baicao-images@main/%E6%B5%AE%E9%A6%99/%E8%B6%B3%E4%BA%A4/1.png","https://cdn.jsdelivr.net/gh/Yehehua1311/mu-pig@main/%E5%85%8B%E6%B4%9B%E4%BC%8A/nsfw/%E8%B6%B3%E4%BA%A4/%E5%85%8B%E6%B4%9B%E4%BC%8A_nsfw_%E8%B6%B3%E4%BA%A4_1.png","人物实际随队采购、护送流民、巡守或赶路，并出现与图片对应的出发、行进、避雨、歇脚或归来情境。","浮香在百草园院门核对出行物品后准备出发；半身构图，突出人物与关键物件；正常衣着、非露骨画面。","仅在上述场景实际发生、浮香确实到场、相关同席者也实际在场，且已接入的正常新图与该画面吻合时，输出[浮香][足交][1]。未换图或场景不符时不调用此编号。","","正常图片待接入"
"浮香","出行护送","足交","2","浮香/足交/2.png","https://cdn.jsdelivr.net/gh/lsr756480586-dev/baicao-images@main/%E6%B5%AE%E9%A6%99/%E8%B6%B3%E4%BA%A4/2.png","https://cdn.jsdelivr.net/gh/Yehehua1311/mu-pig@main/%E5%85%8B%E6%B4%9B%E4%BC%8A/nsfw/%E8%B6%B3%E4%BA%A4/%E5%85%8B%E6%B4%9B%E4%BC%8A_nsfw_%E8%B6%B3%E4%BA%A4_2.png","人物实际随队采购、护送流民、巡守或赶路，并出现与图片对应的出发、行进、避雨、歇脚或归来情境。","浮香在白帝城街道随队采购；半身构图，突出人物与关键物件；正常衣着、非露骨画面。","仅在上述场景实际发生、浮香确实到场、相关同席者也实际在场，且已接入的正常新图与该画面吻合时，输出[浮香][足交][2]。未换图或场景不符时不调用此编号。","","正常图片待接入"
"浮香","出行护送","足交","3","浮香/足交/3.png","https://cdn.jsdelivr.net/gh/lsr756480586-dev/baicao-images@main/%E6%B5%AE%E9%A6%99/%E8%B6%B3%E4%BA%A4/3.png","https://cdn.jsdelivr.net/gh/Yehehua1311/mu-pig@main/%E5%85%8B%E6%B4%9B%E4%BC%8A/nsfw/%E8%B6%B3%E4%BA%A4/%E5%85%8B%E6%B4%9B%E4%BC%8A_nsfw_%E8%B6%B3%E4%BA%A4_3.png","人物实际随队采购、护送流民、巡守或赶路，并出现与图片对应的出发、行进、避雨、歇脚或归来情境。","浮香在青州城城门与同行者核对路引；半身构图，突出人物与关键物件；正常衣着、非露骨画面。","仅在上述场景实际发生、浮香确实到场、相关同席者也实际在场，且已接入的正常新图与该画面吻合时，输出[浮香][足交][3]。未换图或场景不符时不调用此编号。","","正常图片待接入"
"浮香","出行护送","足交","4","浮香/足交/4.png","https://cdn.jsdelivr.net/gh/lsr756480586-dev/baicao-images@main/%E6%B5%AE%E9%A6%99/%E8%B6%B3%E4%BA%A4/4.png","https://cdn.jsdelivr.net/gh/Yehehua1311/mu-pig@main/%E5%85%8B%E6%B4%9B%E4%BC%8A/nsfw/%E8%B6%B3%E4%BA%A4/%E5%85%8B%E6%B4%9B%E4%BC%8A_nsfw_%E8%B6%B3%E4%BA%A4_4.png","人物实际随队采购、护送流民、巡守或赶路，并出现与图片对应的出发、行进、避雨、歇脚或归来情境。","浮香在商路途中与队伍短暂停步；半身构图，突出人物与关键物件；正常衣着、非露骨画面。","仅在上述场景实际发生、浮香确实到场、相关同席者也实际在场，且已接入的正常新图与该画面吻合时，输出[浮香][足交][4]。未换图或场景不符时不调用此编号。","","正常图片待接入"
"浮香","出行护送","足交","5","浮香/足交/5.png","https://cdn.jsdelivr.net/gh/lsr756480586-dev/baicao-images@main/%E6%B5%AE%E9%A6%99/%E8%B6%B3%E4%BA%A4/5.png","https://cdn.jsdelivr.net/gh/Yehehua1311/mu-pig@main/%E5%85%8B%E6%B4%9B%E4%BC%8A/nsfw/%E8%B6%B3%E4%BA%A4/%E5%85%8B%E6%B4%9B%E4%BC%8A_nsfw_%E8%B6%B3%E4%BA%A4_5.png","人物实际随队采购、护送流民、巡守或赶路，并出现与图片对应的出发、行进、避雨、歇脚或归来情境。","浮香在客栈厅内查看实际路线与采买单；半身构图，突出人物与关键物件；正常衣着、非露骨画面。","仅在上述场景实际发生、浮香确实到场、相关同席者也实际在场，且已接入的正常新图与该画面吻合时，输出[浮香][足交][5]。未换图或场景不符时不调用此编号。","","正常图片待接入"
"浮香","私室交谈","口交","1","浮香/口交/1.png","https://cdn.jsdelivr.net/gh/lsr756480586-dev/baicao-images@main/%E6%B5%AE%E9%A6%99/%E5%8F%A3%E4%BA%A4/1.png","https://cdn.jsdelivr.net/gh/Yehehua1311/mu-pig@main/%E5%85%8B%E6%B4%9B%E4%BC%8A/nsfw/%E5%8F%A3%E4%BA%A4/%E5%85%8B%E6%B4%9B%E4%BC%8A_nsfw_%E5%8F%A3%E4%BA%A4_1.png","人物与园主或其他成员确实共同处于书房、茶间、休息室或客房，进行商议、倾诉旧事、解释顾虑或表达关心；亲近按既定人物关系发展。","浮香在私人书房与园主同看采买单；半身构图，突出人物与关键物件；正常衣着、非露骨画面。","仅在上述场景实际发生、浮香确实到场、相关同席者也实际在场，且已接入的正常新图与该画面吻合时，输出[浮香][口交][1]。未换图或场景不符时不调用此编号。","","正常图片待接入"
"浮香","私室交谈","口交","2","浮香/口交/2.png","https://cdn.jsdelivr.net/gh/lsr756480586-dev/baicao-images@main/%E6%B5%AE%E9%A6%99/%E5%8F%A3%E4%BA%A4/2.png","https://cdn.jsdelivr.net/gh/Yehehua1311/mu-pig@main/%E5%85%8B%E6%B4%9B%E4%BC%8A/nsfw/%E5%8F%A3%E4%BA%A4/%E5%85%8B%E6%B4%9B%E4%BC%8A_nsfw_%E5%8F%A3%E4%BA%A4_2.png","人物与园主或其他成员确实共同处于书房、茶间、休息室或客房，进行商议、倾诉旧事、解释顾虑或表达关心；亲近按既定人物关系发展。","浮香在室内茶间说起个人生活愿望；半身构图，突出人物与关键物件；正常衣着、非露骨画面。","仅在上述场景实际发生、浮香确实到场、相关同席者也实际在场，且已接入的正常新图与该画面吻合时，输出[浮香][口交][2]。未换图或场景不符时不调用此编号。","","正常图片待接入"
"浮香","私室交谈","口交","3","浮香/口交/3.png","https://cdn.jsdelivr.net/gh/lsr756480586-dev/baicao-images@main/%E6%B5%AE%E9%A6%99/%E5%8F%A3%E4%BA%A4/3.png","https://cdn.jsdelivr.net/gh/Yehehua1311/mu-pig@main/%E5%85%8B%E6%B4%9B%E4%BC%8A/nsfw/%E5%8F%A3%E4%BA%A4/%E5%85%8B%E6%B4%9B%E4%BC%8A_nsfw_%E5%8F%A3%E4%BA%A4_3.png","人物与园主或其他成员确实共同处于书房、茶间、休息室或客房，进行商议、倾诉旧事、解释顾虑或表达关心；亲近按既定人物关系发展。","浮香在住处待客间谈论已经发生的旧事；半身构图，突出人物与关键物件；正常衣着、非露骨画面。","仅在上述场景实际发生、浮香确实到场、相关同席者也实际在场，且已接入的正常新图与该画面吻合时，输出[浮香][口交][3]。未换图或场景不符时不调用此编号。","","正常图片待接入"
"浮香","私室交谈","口交","4","浮香/口交/4.png","https://cdn.jsdelivr.net/gh/lsr756480586-dev/baicao-images@main/%E6%B5%AE%E9%A6%99/%E5%8F%A3%E4%BA%A4/4.png","https://cdn.jsdelivr.net/gh/Yehehua1311/mu-pig@main/%E5%85%8B%E6%B4%9B%E4%BC%8A/nsfw/%E5%8F%A3%E4%BA%A4/%E5%85%8B%E6%B4%9B%E4%BC%8A_nsfw_%E5%8F%A3%E4%BA%A4_4.png","人物与园主或其他成员确实共同处于书房、茶间、休息室或客房，进行商议、倾诉旧事、解释顾虑或表达关心；亲近按既定人物关系发展。","浮香在关门的休息室说明工作顾虑；半身构图，突出人物与关键物件；正常衣着、非露骨画面。","仅在上述场景实际发生、浮香确实到场、相关同席者也实际在场，且已接入的正常新图与该画面吻合时，输出[浮香][口交][4]。未换图或场景不符时不调用此编号。","","正常图片待接入"
"浮香","私室交谈","口交","5","浮香/口交/5.png","https://cdn.jsdelivr.net/gh/lsr756480586-dev/baicao-images@main/%E6%B5%AE%E9%A6%99/%E5%8F%A3%E4%BA%A4/5.png","https://cdn.jsdelivr.net/gh/Yehehua1311/mu-pig@main/%E5%85%8B%E6%B4%9B%E4%BC%8A/nsfw/%E5%8F%A3%E4%BA%A4/%E5%85%8B%E6%B4%9B%E4%BC%8A_nsfw_%E5%8F%A3%E4%BA%A4_5.png","人物与园主或其他成员确实共同处于书房、茶间、休息室或客房，进行商议、倾诉旧事、解释顾虑或表达关心；亲近按既定人物关系发展。","浮香在私人小厅向园主解释一场实际争议；半身构图，突出人物与关键物件；正常衣着、非露骨画面。","仅在上述场景实际发生、浮香确实到场、相关同席者也实际在场，且已接入的正常新图与该画面吻合时，输出[浮香][口交][5]。未换图或场景不符时不调用此编号。","","正常图片待接入"
"浮香","私室交谈","口交","6","浮香/口交/6.png","https://cdn.jsdelivr.net/gh/lsr756480586-dev/baicao-images@main/%E6%B5%AE%E9%A6%99/%E5%8F%A3%E4%BA%A4/6.png","https://cdn.jsdelivr.net/gh/Yehehua1311/mu-pig@main/%E5%85%8B%E6%B4%9B%E4%BC%8A/nsfw/%E5%8F%A3%E4%BA%A4/%E5%85%8B%E6%B4%9B%E4%BC%8A_nsfw_%E5%8F%A3%E4%BA%A4_6.png","人物与园主或其他成员确实共同处于书房、茶间、休息室或客房，进行商议、倾诉旧事、解释顾虑或表达关心；亲近按既定人物关系发展。","浮香在雨夜书房与园主共读地方志；半身构图，突出人物与关键物件；正常衣着、非露骨画面。","仅在上述场景实际发生、浮香确实到场、相关同席者也实际在场，且已接入的正常新图与该画面吻合时，输出[浮香][口交][6]。未换图或场景不符时不调用此编号。","","正常图片待接入"
"浮香","私室交谈","口交","7","浮香/口交/7.png","https://cdn.jsdelivr.net/gh/lsr756480586-dev/baicao-images@main/%E6%B5%AE%E9%A6%99/%E5%8F%A3%E4%BA%A4/7.png","https://cdn.jsdelivr.net/gh/Yehehua1311/mu-pig@main/%E5%85%8B%E6%B4%9B%E4%BC%8A/nsfw/%E5%8F%A3%E4%BA%A4/%E5%85%8B%E6%B4%9B%E4%BC%8A_nsfw_%E5%8F%A3%E4%BA%A4_7.png","人物与园主或其他成员确实共同处于书房、茶间、休息室或客房，进行商议、倾诉旧事、解释顾虑或表达关心；亲近按既定人物关系发展。","浮香在室内与另一位实际到场的成员商议货样；半身构图，突出人物与关键物件；正常衣着、非露骨画面。","仅在上述场景实际发生、浮香确实到场、相关同席者也实际在场，且已接入的正常新图与该画面吻合时，输出[浮香][口交][7]。未换图或场景不符时不调用此编号。","","正常图片待接入"
"浮香","私室交谈","口交","8","浮香/口交/8.png","https://cdn.jsdelivr.net/gh/lsr756480586-dev/baicao-images@main/%E6%B5%AE%E9%A6%99/%E5%8F%A3%E4%BA%A4/8.png","https://cdn.jsdelivr.net/gh/Yehehua1311/mu-pig@main/%E5%85%8B%E6%B4%9B%E4%BC%8A/nsfw/%E5%8F%A3%E4%BA%A4/%E5%85%8B%E6%B4%9B%E4%BC%8A_nsfw_%E5%8F%A3%E4%BA%A4_8.png","人物与园主或其他成员确实共同处于书房、茶间、休息室或客房，进行商议、倾诉旧事、解释顾虑或表达关心；亲近按既定人物关系发展。","浮香在茶案旁表达关心并递上热茶；半身构图，突出人物与关键物件；正常衣着、非露骨画面。","仅在上述场景实际发生、浮香确实到场、相关同席者也实际在场，且已接入的正常新图与该画面吻合时，输出[浮香][口交][8]。未换图或场景不符时不调用此编号。","","正常图片待接入"
"浮香","私室交谈","口交","9","浮香/口交/9.png","https://cdn.jsdelivr.net/gh/lsr756480586-dev/baicao-images@main/%E6%B5%AE%E9%A6%99/%E5%8F%A3%E4%BA%A4/9.png","https://cdn.jsdelivr.net/gh/Yehehua1311/mu-pig@main/%E5%85%8B%E6%B4%9B%E4%BC%8A/nsfw/%E5%8F%A3%E4%BA%A4/%E5%85%8B%E6%B4%9B%E4%BC%8A_nsfw_%E5%8F%A3%E4%BA%A4_9.png","人物与园主或其他成员确实共同处于书房、茶间、休息室或客房，进行商议、倾诉旧事、解释顾虑或表达关心；亲近按既定人物关系发展。","浮香在休息间将尚未解决的问题写在便笺上；半身构图，突出人物与关键物件；正常衣着、非露骨画面。","仅在上述场景实际发生、浮香确实到场、相关同席者也实际在场，且已接入的正常新图与该画面吻合时，输出[浮香][口交][9]。未换图或场景不符时不调用此编号。","","正常图片待接入"
"浮香","私室交谈","口交","10","浮香/口交/10.png","https://cdn.jsdelivr.net/gh/lsr756480586-dev/baicao-images@main/%E6%B5%AE%E9%A6%99/%E5%8F%A3%E4%BA%A4/10.png","https://cdn.jsdelivr.net/gh/Yehehua1311/mu-pig@main/%E5%85%8B%E6%B4%9B%E4%BC%8A/nsfw/%E5%8F%A3%E4%BA%A4/%E5%85%8B%E6%B4%9B%E4%BC%8A_nsfw_%E5%8F%A3%E4%BA%A4_10.png","人物与园主或其他成员确实共同处于书房、茶间、休息室或客房，进行商议、倾诉旧事、解释顾虑或表达关心；亲近按既定人物关系发展。","浮香在灯下谈完正事后轻松闲聊；半身构图，突出人物与关键物件；正常衣着、非露骨画面。","仅在上述场景实际发生、浮香确实到场、相关同席者也实际在场，且已接入的正常新图与该画面吻合时，输出[浮香][口交][10]。未换图或场景不符时不调用此编号。","","正常图片待接入"
"浮香","私室交谈","口交","11","浮香/口交/11.png","https://cdn.jsdelivr.net/gh/lsr756480586-dev/baicao-images@main/%E6%B5%AE%E9%A6%99/%E5%8F%A3%E4%BA%A4/11.png","https://cdn.jsdelivr.net/gh/Yehehua1311/mu-pig@main/%E5%85%8B%E6%B4%9B%E4%BC%8A/nsfw/%E5%8F%A3%E4%BA%A4/%E5%85%8B%E6%B4%9B%E4%BC%8A_nsfw_%E5%8F%A3%E4%BA%A4_11.png","人物与园主或其他成员确实共同处于书房、茶间、休息室或客房，进行商议、倾诉旧事、解释顾虑或表达关心；亲近按既定人物关系发展。","浮香在私人书房与园主同看采买单；较宽构图，交代人物与场所；正常衣着、非露骨画面。","仅在上述场景实际发生、浮香确实到场、相关同席者也实际在场，且已接入的正常新图与该画面吻合时，输出[浮香][口交][11]。未换图或场景不符时不调用此编号。","","正常图片待接入"
"浮香","私室交谈","口交","12","浮香/口交/12.png","https://cdn.jsdelivr.net/gh/lsr756480586-dev/baicao-images@main/%E6%B5%AE%E9%A6%99/%E5%8F%A3%E4%BA%A4/12.png","https://cdn.jsdelivr.net/gh/Yehehua1311/mu-pig@main/%E5%85%8B%E6%B4%9B%E4%BC%8A/nsfw/%E5%8F%A3%E4%BA%A4/%E5%85%8B%E6%B4%9B%E4%BC%8A_nsfw_%E5%8F%A3%E4%BA%A4_12.png","人物与园主或其他成员确实共同处于书房、茶间、休息室或客房，进行商议、倾诉旧事、解释顾虑或表达关心；亲近按既定人物关系发展。","浮香在室内茶间说起个人生活愿望；较宽构图，交代人物与场所；正常衣着、非露骨画面。","仅在上述场景实际发生、浮香确实到场、相关同席者也实际在场，且已接入的正常新图与该画面吻合时，输出[浮香][口交][12]。未换图或场景不符时不调用此编号。","","正常图片待接入"
"浮香","协作修习","性交","1","浮香/性交/1.png","https://cdn.jsdelivr.net/gh/lsr756480586-dev/baicao-images@main/%E6%B5%AE%E9%A6%99/%E6%80%A7%E4%BA%A4/1.png","https://cdn.jsdelivr.net/gh/Yehehua1311/mu-pig@main/%E5%85%8B%E6%B4%9B%E4%BC%8A/nsfw/%E6%80%A7%E4%BA%A4/%E5%85%8B%E6%B4%9B%E4%BC%8A_nsfw_%E6%80%A7%E4%BA%A4_1.png","人物实际在场，共同研习术法、调试符器、练剑、试制农具兵器或协作完成一项工作，出现与图片对应的操作、指点或成果展示。","浮香在工作间与同席者核对采买单的操作或记录步骤；半身构图，突出人物与关键物件；正常衣着、非露骨画面。","仅在上述场景实际发生、浮香确实到场、相关同席者也实际在场，且已接入的正常新图与该画面吻合时，输出[浮香][性交][1]。未换图或场景不符时不调用此编号。","","正常图片待接入"
"浮香","协作修习","性交","2","浮香/性交/2.png","https://cdn.jsdelivr.net/gh/lsr756480586-dev/baicao-images@main/%E6%B5%AE%E9%A6%99/%E6%80%A7%E4%BA%A4/2.png","https://cdn.jsdelivr.net/gh/Yehehua1311/mu-pig@main/%E5%85%8B%E6%B4%9B%E4%BC%8A/nsfw/%E6%80%A7%E4%BA%A4/%E5%85%8B%E6%B4%9B%E4%BC%8A_nsfw_%E6%80%A7%E4%BA%A4_2.png","人物实际在场，共同研习术法、调试符器、练剑、试制农具兵器或协作完成一项工作，出现与图片对应的操作、指点或成果展示。","浮香在室内向园主展示与商路图有关的专业方法；半身构图，突出人物与关键物件；正常衣着、非露骨画面。","仅在上述场景实际发生、浮香确实到场、相关同席者也实际在场，且已接入的正常新图与该画面吻合时，输出[浮香][性交][2]。未换图或场景不符时不调用此编号。","","正常图片待接入"
"浮香","协作修习","性交","3","浮香/性交/3.png","https://cdn.jsdelivr.net/gh/lsr756480586-dev/baicao-images@main/%E6%B5%AE%E9%A6%99/%E6%80%A7%E4%BA%A4/3.png","https://cdn.jsdelivr.net/gh/Yehehua1311/mu-pig@main/%E5%85%8B%E6%B4%9B%E4%BC%8A/nsfw/%E6%80%A7%E4%BA%A4/%E5%85%8B%E6%B4%9B%E4%BC%8A_nsfw_%E6%80%A7%E4%BA%A4_3.png","人物实际在场，共同研习术法、调试符器、练剑、试制农具兵器或协作完成一项工作，出现与图片对应的操作、指点或成果展示。","浮香在工坊参与一项已有能力范围内的协作任务；半身构图，突出人物与关键物件；正常衣着、非露骨画面。","仅在上述场景实际发生、浮香确实到场、相关同席者也实际在场，且已接入的正常新图与该画面吻合时，输出[浮香][性交][3]。未换图或场景不符时不调用此编号。","","正常图片待接入"
"浮香","协作修习","性交","4","浮香/性交/4.png","https://cdn.jsdelivr.net/gh/lsr756480586-dev/baicao-images@main/%E6%B5%AE%E9%A6%99/%E6%80%A7%E4%BA%A4/4.png","https://cdn.jsdelivr.net/gh/Yehehua1311/mu-pig@main/%E5%85%8B%E6%B4%9B%E4%BC%8A/nsfw/%E6%80%A7%E4%BA%A4/%E5%85%8B%E6%B4%9B%E4%BC%8A_nsfw_%E6%80%A7%E4%BA%A4_4.png","人物实际在场，共同研习术法、调试符器、练剑、试制农具兵器或协作完成一项工作，出现与图片对应的操作、指点或成果展示。","浮香在书房与同席者共同推演货样；半身构图，突出人物与关键物件；正常衣着、非露骨画面。","仅在上述场景实际发生、浮香确实到场、相关同席者也实际在场，且已接入的正常新图与该画面吻合时，输出[浮香][性交][4]。未换图或场景不符时不调用此编号。","","正常图片待接入"
"浮香","协作修习","性交","5","浮香/性交/5.png","https://cdn.jsdelivr.net/gh/lsr756480586-dev/baicao-images@main/%E6%B5%AE%E9%A6%99/%E6%80%A7%E4%BA%A4/5.png","https://cdn.jsdelivr.net/gh/Yehehua1311/mu-pig@main/%E5%85%8B%E6%B4%9B%E4%BC%8A/nsfw/%E6%80%A7%E4%BA%A4/%E5%85%8B%E6%B4%9B%E4%BC%8A_nsfw_%E6%80%A7%E4%BA%A4_5.png","人物实际在场，共同研习术法、调试符器、练剑、试制农具兵器或协作完成一项工作，出现与图片对应的操作、指点或成果展示。","浮香在练习室学习基础护身动作，不额外获得高阶能力；半身构图，突出人物与关键物件；正常衣着、非露骨画面。","仅在上述场景实际发生、浮香确实到场、相关同席者也实际在场，且已接入的正常新图与该画面吻合时，输出[浮香][性交][5]。未换图或场景不符时不调用此编号。","","正常图片待接入"
"浮香","协作修习","性交","6","浮香/性交/6.png","https://cdn.jsdelivr.net/gh/lsr756480586-dev/baicao-images@main/%E6%B5%AE%E9%A6%99/%E6%80%A7%E4%BA%A4/6.png","https://cdn.jsdelivr.net/gh/Yehehua1311/mu-pig@main/%E5%85%8B%E6%B4%9B%E4%BC%8A/nsfw/%E6%80%A7%E4%BA%A4/%E5%85%8B%E6%B4%9B%E4%BC%8A_nsfw_%E6%80%A7%E4%BA%A4_6.png","人物实际在场，共同研习术法、调试符器、练剑、试制农具兵器或协作完成一项工作，出现与图片对应的操作、指点或成果展示。","浮香在工作台旁协助记录一次实际测试结果；半身构图，突出人物与关键物件；正常衣着、非露骨画面。","仅在上述场景实际发生、浮香确实到场、相关同席者也实际在场，且已接入的正常新图与该画面吻合时，输出[浮香][性交][6]。未换图或场景不符时不调用此编号。","","正常图片待接入"
"浮香","协作修习","性交","7","浮香/性交/7.png","https://cdn.jsdelivr.net/gh/lsr756480586-dev/baicao-images@main/%E6%B5%AE%E9%A6%99/%E6%80%A7%E4%BA%A4/7.png","https://cdn.jsdelivr.net/gh/Yehehua1311/mu-pig@main/%E5%85%8B%E6%B4%9B%E4%BC%8A/nsfw/%E6%80%A7%E4%BA%A4/%E5%85%8B%E6%B4%9B%E4%BC%8A_nsfw_%E6%80%A7%E4%BA%A4_7.png","人物实际在场，共同研习术法、调试符器、练剑、试制农具兵器或协作完成一项工作，出现与图片对应的操作、指点或成果展示。","浮香在室内向实际到场的成员请教一个具体问题；半身构图，突出人物与关键物件；正常衣着、非露骨画面。","仅在上述场景实际发生、浮香确实到场、相关同席者也实际在场，且已接入的正常新图与该画面吻合时，输出[浮香][性交][7]。未换图或场景不符时不调用此编号。","","正常图片待接入"
"浮香","协作修习","性交","8","浮香/性交/8.png","https://cdn.jsdelivr.net/gh/lsr756480586-dev/baicao-images@main/%E6%B5%AE%E9%A6%99/%E6%80%A7%E4%BA%A4/8.png","https://cdn.jsdelivr.net/gh/Yehehua1311/mu-pig@main/%E5%85%8B%E6%B4%9B%E4%BC%8A/nsfw/%E6%80%A7%E4%BA%A4/%E5%85%8B%E6%B4%9B%E4%BC%8A_nsfw_%E6%80%A7%E4%BA%A4_8.png","人物实际在场，共同研习术法、调试符器、练剑、试制农具兵器或协作完成一项工作，出现与图片对应的操作、指点或成果展示。","浮香在完成协作后展示已制作或整理的成果；半身构图，突出人物与关键物件；正常衣着、非露骨画面。","仅在上述场景实际发生、浮香确实到场、相关同席者也实际在场，且已接入的正常新图与该画面吻合时，输出[浮香][性交][8]。未换图或场景不符时不调用此编号。","","正常图片待接入"
"浮香","协作修习","性交","9","浮香/性交/9.png","https://cdn.jsdelivr.net/gh/lsr756480586-dev/baicao-images@main/%E6%B5%AE%E9%A6%99/%E6%80%A7%E4%BA%A4/9.png","https://cdn.jsdelivr.net/gh/Yehehua1311/mu-pig@main/%E5%85%8B%E6%B4%9B%E4%BC%8A/nsfw/%E6%80%A7%E4%BA%A4/%E5%85%8B%E6%B4%9B%E4%BC%8A_nsfw_%E6%80%A7%E4%BA%A4_9.png","人物实际在场，共同研习术法、调试符器、练剑、试制农具兵器或协作完成一项工作，出现与图片对应的操作、指点或成果展示。","浮香在遇到失误时指认问题并重新核对步骤；半身构图，突出人物与关键物件；正常衣着、非露骨画面。","仅在上述场景实际发生、浮香确实到场、相关同席者也实际在场，且已接入的正常新图与该画面吻合时，输出[浮香][性交][9]。未换图或场景不符时不调用此编号。","","正常图片待接入"
"南宫婉","立绘","","","南宫婉/立绘.png","https://cdn.jsdelivr.net/gh/lsr756480586-dev/baicao-images@main/%E5%8D%97%E5%AE%AB%E5%A9%89/%E7%AB%8B%E7%BB%98.png","https://i.postimg.cc/9Qh2cj6g/penguin-draw-1785813370512.png","在人物菜单、状态栏或人物图库中显示该人物时使用。","南宫婉身着已确定的日常衣装，正面人物立绘，背景简洁。","人物菜单、状态栏或图库实际显示该人物时使用。","","立绘"
"南宫婉","日常","sfw","1","南宫婉/sfw/1.png","https://cdn.jsdelivr.net/gh/lsr756480586-dev/baicao-images@main/%E5%8D%97%E5%AE%AB%E5%A9%89/sfw/1.png","https://cdn.jsdelivr.net/gh/Yehehua1311/mu-pig@main/%E5%A1%9E%E6%8B%89%E8%8F%B2%E5%A8%9C%C2%B7%E9%98%BF%E5%B0%94%E8%B4%9D%E8%92%82/sfw/%E5%A1%9E%E6%8B%89%E8%8F%B2%E5%A8%9C%C2%B7%E9%98%BF%E5%B0%94%E8%B4%9D%E8%92%82_sfw_1.png","人物实际在场，进行园务汇报、种粮育药、修器织染、用餐饮茶或公开会面，且画面适合当前情节。","南宫婉在岗位工作间展示登记文书并汇报进展；半身构图，突出人物与关键物件；正常衣着、非露骨画面。","仅在上述场景实际发生、南宫婉确实到场、相关同席者也实际在场，且已接入的正常新图与该画面吻合时，输出[南宫婉][sfw][1]。未换图或场景不符时不调用此编号。","","暂用原日常图，新画面计划待接入"
"南宫婉","日常","sfw","2","南宫婉/sfw/2.png","https://cdn.jsdelivr.net/gh/lsr756480586-dev/baicao-images@main/%E5%8D%97%E5%AE%AB%E5%A9%89/sfw/2.png","https://cdn.jsdelivr.net/gh/Yehehua1311/mu-pig@main/%E5%A1%9E%E6%8B%89%E8%8F%B2%E5%A8%9C%C2%B7%E9%98%BF%E5%B0%94%E8%B4%9D%E8%92%82/sfw/%E5%A1%9E%E6%8B%89%E8%8F%B2%E5%A8%9C%C2%B7%E9%98%BF%E5%B0%94%E8%B4%9D%E8%92%82_sfw_2.png","人物实际在场，进行园务汇报、种粮育药、修器织染、用餐饮茶或公开会面，且画面适合当前情节。","南宫婉在室内茶间准备清茶；半身构图，突出人物与关键物件；正常衣着、非露骨画面。","仅在上述场景实际发生、南宫婉确实到场、相关同席者也实际在场，且已接入的正常新图与该画面吻合时，输出[南宫婉][sfw][2]。未换图或场景不符时不调用此编号。","","暂用原日常图，新画面计划待接入"
"南宫婉","日常","sfw","3","南宫婉/sfw/3.png","https://cdn.jsdelivr.net/gh/lsr756480586-dev/baicao-images@main/%E5%8D%97%E5%AE%AB%E5%A9%89/sfw/3.png","https://cdn.jsdelivr.net/gh/Yehehua1311/mu-pig@main/%E5%A1%9E%E6%8B%89%E8%8F%B2%E5%A8%9C%C2%B7%E9%98%BF%E5%B0%94%E8%B4%9D%E8%92%82/sfw/%E5%A1%9E%E6%8B%89%E8%8F%B2%E5%A8%9C%C2%B7%E9%98%BF%E5%B0%94%E8%B4%9D%E8%92%82_sfw_3.png","人物实际在场，进行园务汇报、种粮育药、修器织染、用餐饮茶或公开会面，且画面适合当前情节。","南宫婉在窗边翻阅与税粮簿有关的记录；半身构图，突出人物与关键物件；正常衣着、非露骨画面。","仅在上述场景实际发生、南宫婉确实到场、相关同席者也实际在场，且已接入的正常新图与该画面吻合时，输出[南宫婉][sfw][3]。未换图或场景不符时不调用此编号。","","暂用原日常图，新画面计划待接入"
"南宫婉","日常","sfw","4","南宫婉/sfw/4.png","https://cdn.jsdelivr.net/gh/lsr756480586-dev/baicao-images@main/%E5%8D%97%E5%AE%AB%E5%A9%89/sfw/4.png","https://cdn.jsdelivr.net/gh/Yehehua1311/mu-pig@main/%E5%A1%9E%E6%8B%89%E8%8F%B2%E5%A8%9C%C2%B7%E9%98%BF%E5%B0%94%E8%B4%9D%E8%92%82/sfw/%E5%A1%9E%E6%8B%89%E8%8F%B2%E5%A8%9C%C2%B7%E9%98%BF%E5%B0%94%E8%B4%9D%E8%92%82_sfw_4.png","人物实际在场，进行园务汇报、种粮育药、修器织染、用餐饮茶或公开会面，且画面适合当前情节。","南宫婉在工作结束后收整委托书；半身构图，突出人物与关键物件；正常衣着、非露骨画面。","仅在上述场景实际发生、南宫婉确实到场、相关同席者也实际在场，且已接入的正常新图与该画面吻合时，输出[南宫婉][sfw][4]。未换图或场景不符时不调用此编号。","","暂用原日常图，新画面计划待接入"
"南宫婉","日常","sfw","5","南宫婉/sfw/5.png","https://cdn.jsdelivr.net/gh/lsr756480586-dev/baicao-images@main/%E5%8D%97%E5%AE%AB%E5%A9%89/sfw/5.png","https://cdn.jsdelivr.net/gh/Yehehua1311/mu-pig@main/%E5%A1%9E%E6%8B%89%E8%8F%B2%E5%A8%9C%C2%B7%E9%98%BF%E5%B0%94%E8%B4%9D%E8%92%82/sfw/%E5%A1%9E%E6%8B%89%E8%8F%B2%E5%A8%9C%C2%B7%E9%98%BF%E5%B0%94%E8%B4%9D%E8%92%82_sfw_5.png","人物实际在场，进行园务汇报、种粮育药、修器织染、用餐饮茶或公开会面，且画面适合当前情节。","南宫婉在白帝城商铺挑选生活物资；半身构图，突出人物与关键物件；正常衣着、非露骨画面。","仅在上述场景实际发生、南宫婉确实到场、相关同席者也实际在场，且已接入的正常新图与该画面吻合时，输出[南宫婉][sfw][5]。未换图或场景不符时不调用此编号。","","暂用原日常图，新画面计划待接入"
"南宫婉","日常","sfw","6","南宫婉/sfw/6.png","https://cdn.jsdelivr.net/gh/lsr756480586-dev/baicao-images@main/%E5%8D%97%E5%AE%AB%E5%A9%89/sfw/6.png","https://cdn.jsdelivr.net/gh/Yehehua1311/mu-pig@main/%E5%A1%9E%E6%8B%89%E8%8F%B2%E5%A8%9C%C2%B7%E9%98%BF%E5%B0%94%E8%B4%9D%E8%92%82/sfw/%E5%A1%9E%E6%8B%89%E8%8F%B2%E5%A8%9C%C2%B7%E9%98%BF%E5%B0%94%E8%B4%9D%E8%92%82_sfw_6.png","人物实际在场，进行园务汇报、种粮育药、修器织染、用餐饮茶或公开会面，且画面适合当前情节。","南宫婉在青州城客栈核对随身物品；半身构图，突出人物与关键物件；正常衣着、非露骨画面。","仅在上述场景实际发生、南宫婉确实到场、相关同席者也实际在场，且已接入的正常新图与该画面吻合时，输出[南宫婉][sfw][6]。未换图或场景不符时不调用此编号。","","暂用原日常图，新画面计划待接入"
"南宫婉","日常","sfw","7","南宫婉/sfw/7.png","https://cdn.jsdelivr.net/gh/lsr756480586-dev/baicao-images@main/%E5%8D%97%E5%AE%AB%E5%A9%89/sfw/7.png","https://cdn.jsdelivr.net/gh/Yehehua1311/mu-pig@main/%E5%A1%9E%E6%8B%89%E8%8F%B2%E5%A8%9C%C2%B7%E9%98%BF%E5%B0%94%E8%B4%9D%E8%92%82/sfw/%E5%A1%9E%E6%8B%89%E8%8F%B2%E5%A8%9C%C2%B7%E9%98%BF%E5%B0%94%E8%B4%9D%E8%92%82_sfw_7.png","人物实际在场，进行园务汇报、种粮育药、修器织染、用餐饮茶或公开会面，且画面适合当前情节。","南宫婉在百草园食堂同桌用餐；半身构图，突出人物与关键物件；正常衣着、非露骨画面。","仅在上述场景实际发生、南宫婉确实到场、相关同席者也实际在场，且已接入的正常新图与该画面吻合时，输出[南宫婉][sfw][7]。未换图或场景不符时不调用此编号。","","暂用原日常图，新画面计划待接入"
"南宫婉","日常","sfw","8","南宫婉/sfw/8.png","https://cdn.jsdelivr.net/gh/lsr756480586-dev/baicao-images@main/%E5%8D%97%E5%AE%AB%E5%A9%89/sfw/8.png","https://cdn.jsdelivr.net/gh/Yehehua1311/mu-pig@main/%E5%A1%9E%E6%8B%89%E8%8F%B2%E5%A8%9C%C2%B7%E9%98%BF%E5%B0%94%E8%B4%9D%E8%92%82/sfw/%E5%A1%9E%E6%8B%89%E8%8F%B2%E5%A8%9C%C2%B7%E9%98%BF%E5%B0%94%E8%B4%9D%E8%92%82_sfw_8.png","人物实际在场，进行园务汇报、种粮育药、修器织染、用餐饮茶或公开会面，且画面适合当前情节。","南宫婉在回廊停步看雨；半身构图，突出人物与关键物件；正常衣着、非露骨画面。","仅在上述场景实际发生、南宫婉确实到场、相关同席者也实际在场，且已接入的正常新图与该画面吻合时，输出[南宫婉][sfw][8]。未换图或场景不符时不调用此编号。","","暂用原日常图，新画面计划待接入"
"南宫婉","日常","sfw","9","南宫婉/sfw/9.png","https://cdn.jsdelivr.net/gh/lsr756480586-dev/baicao-images@main/%E5%8D%97%E5%AE%AB%E5%A9%89/sfw/9.png","https://cdn.jsdelivr.net/gh/Yehehua1311/mu-pig@main/%E5%A1%9E%E6%8B%89%E8%8F%B2%E5%A8%9C%C2%B7%E9%98%BF%E5%B0%94%E8%B4%9D%E8%92%82/sfw/%E5%A1%9E%E6%8B%89%E8%8F%B2%E5%A8%9C%C2%B7%E9%98%BF%E5%B0%94%E8%B4%9D%E8%92%82_sfw_9.png","人物实际在场，进行园务汇报、种粮育药、修器织染、用餐饮茶或公开会面，且画面适合当前情节。","南宫婉在院门接待实际到访的来客；半身构图，突出人物与关键物件；正常衣着、非露骨画面。","仅在上述场景实际发生、南宫婉确实到场、相关同席者也实际在场，且已接入的正常新图与该画面吻合时，输出[南宫婉][sfw][9]。未换图或场景不符时不调用此编号。","","暂用原日常图，新画面计划待接入"
"南宫婉","日常","sfw","10","南宫婉/sfw/10.png","https://cdn.jsdelivr.net/gh/lsr756480586-dev/baicao-images@main/%E5%8D%97%E5%AE%AB%E5%A9%89/sfw/10.png","https://cdn.jsdelivr.net/gh/Yehehua1311/mu-pig@main/%E5%A1%9E%E6%8B%89%E8%8F%B2%E5%A8%9C%C2%B7%E9%98%BF%E5%B0%94%E8%B4%9D%E8%92%82/sfw/%E5%A1%9E%E6%8B%89%E8%8F%B2%E5%A8%9C%C2%B7%E9%98%BF%E5%B0%94%E8%B4%9D%E8%92%82_sfw_10.png","人物实际在场，进行园务汇报、种粮育药、修器织染、用餐饮茶或公开会面，且画面适合当前情节。","南宫婉在灯下整理次日工作安排；半身构图，突出人物与关键物件；正常衣着、非露骨画面。","仅在上述场景实际发生、南宫婉确实到场、相关同席者也实际在场，且已接入的正常新图与该画面吻合时，输出[南宫婉][sfw][10]。未换图或场景不符时不调用此编号。","","暂用原日常图，新画面计划待接入"
"南宫婉","诊疗照护","肛交","1","南宫婉/肛交/1.png","https://cdn.jsdelivr.net/gh/lsr756480586-dev/baicao-images@main/%E5%8D%97%E5%AE%AB%E5%A9%89/%E8%82%9B%E4%BA%A4/1.png","https://cdn.jsdelivr.net/gh/Yehehua1311/mu-pig@main/%E5%A1%9E%E6%8B%89%E8%8F%B2%E5%A8%9C%C2%B7%E9%98%BF%E5%B0%94%E8%B4%9D%E8%92%82/nsfw/%E8%82%9B%E4%BA%A4/%E5%A1%9E%E6%8B%89%E8%8F%B2%E5%A8%9C%C2%B7%E9%98%BF%E5%B0%94%E8%B4%9D%E8%92%82_nsfw_%E8%82%9B%E4%BA%A4_1.png","人物实际在场，在药房、诊室或休养房间接受诊察、包扎、调息指导，或照料另一名同处室内的成员；使用正常衣着和非露骨画面。","南宫婉在药房接受药师询问，保持正常衣着；半身构图，突出人物与关键物件；正常衣着、非露骨画面。","仅在上述场景实际发生、南宫婉确实到场、相关同席者也实际在场，且已接入的正常新图与该画面吻合时，输出[南宫婉][肛交][1]。未换图或场景不符时不调用此编号。","","正常图片待接入"
"南宫婉","诊疗照护","肛交","2","南宫婉/肛交/2.png","https://cdn.jsdelivr.net/gh/lsr756480586-dev/baicao-images@main/%E5%8D%97%E5%AE%AB%E5%A9%89/%E8%82%9B%E4%BA%A4/2.png","https://cdn.jsdelivr.net/gh/Yehehua1311/mu-pig@main/%E5%A1%9E%E6%8B%89%E8%8F%B2%E5%A8%9C%C2%B7%E9%98%BF%E5%B0%94%E8%B4%9D%E8%92%82/nsfw/%E8%82%9B%E4%BA%A4/%E5%A1%9E%E6%8B%89%E8%8F%B2%E5%A8%9C%C2%B7%E9%98%BF%E5%B0%94%E8%B4%9D%E8%92%82_nsfw_%E8%82%9B%E4%BA%A4_2.png","人物实际在场，在药房、诊室或休养房间接受诊察、包扎、调息指导，或照料另一名同处室内的成员；使用正常衣着和非露骨画面。","南宫婉在诊室就座，由医者检查手臂上的小伤；半身构图，突出人物与关键物件；正常衣着、非露骨画面。","仅在上述场景实际发生、南宫婉确实到场、相关同席者也实际在场，且已接入的正常新图与该画面吻合时，输出[南宫婉][肛交][2]。未换图或场景不符时不调用此编号。","","正常图片待接入"
"南宫婉","诊疗照护","肛交","3","南宫婉/肛交/3.png","https://cdn.jsdelivr.net/gh/lsr756480586-dev/baicao-images@main/%E5%8D%97%E5%AE%AB%E5%A9%89/%E8%82%9B%E4%BA%A4/3.png","https://cdn.jsdelivr.net/gh/Yehehua1311/mu-pig@main/%E5%A1%9E%E6%8B%89%E8%8F%B2%E5%A8%9C%C2%B7%E9%98%BF%E5%B0%94%E8%B4%9D%E8%92%82/nsfw/%E8%82%9B%E4%BA%A4/%E5%A1%9E%E6%8B%89%E8%8F%B2%E5%A8%9C%C2%B7%E9%98%BF%E5%B0%94%E8%B4%9D%E8%92%82_nsfw_%E8%82%9B%E4%BA%A4_3.png","人物实际在场，在药房、诊室或休养房间接受诊察、包扎、调息指导，或照料另一名同处室内的成员；使用正常衣着和非露骨画面。","南宫婉在休养房间接过温水与药盏；半身构图，突出人物与关键物件；正常衣着、非露骨画面。","仅在上述场景实际发生、南宫婉确实到场、相关同席者也实际在场，且已接入的正常新图与该画面吻合时，输出[南宫婉][肛交][3]。未换图或场景不符时不调用此编号。","","正常图片待接入"
"南宫婉","诊疗照护","肛交","4","南宫婉/肛交/4.png","https://cdn.jsdelivr.net/gh/lsr756480586-dev/baicao-images@main/%E5%8D%97%E5%AE%AB%E5%A9%89/%E8%82%9B%E4%BA%A4/4.png","https://cdn.jsdelivr.net/gh/Yehehua1311/mu-pig@main/%E5%A1%9E%E6%8B%89%E8%8F%B2%E5%A8%9C%C2%B7%E9%98%BF%E5%B0%94%E8%B4%9D%E8%92%82/nsfw/%E8%82%9B%E4%BA%A4/%E5%A1%9E%E6%8B%89%E8%8F%B2%E5%A8%9C%C2%B7%E9%98%BF%E5%B0%94%E8%B4%9D%E8%92%82_nsfw_%E8%82%9B%E4%BA%A4_4.png","人物实际在场，在药房、诊室或休养房间接受诊察、包扎、调息指导，或照料另一名同处室内的成员；使用正常衣着和非露骨画面。","南宫婉在医者指导下安静调息；半身构图，突出人物与关键物件；正常衣着、非露骨画面。","仅在上述场景实际发生、南宫婉确实到场、相关同席者也实际在场，且已接入的正常新图与该画面吻合时，输出[南宫婉][肛交][4]。未换图或场景不符时不调用此编号。","","正常图片待接入"
"南宫婉","诊疗照护","肛交","5","南宫婉/肛交/5.png","https://cdn.jsdelivr.net/gh/lsr756480586-dev/baicao-images@main/%E5%8D%97%E5%AE%AB%E5%A9%89/%E8%82%9B%E4%BA%A4/5.png","https://cdn.jsdelivr.net/gh/Yehehua1311/mu-pig@main/%E5%A1%9E%E6%8B%89%E8%8F%B2%E5%A8%9C%C2%B7%E9%98%BF%E5%B0%94%E8%B4%9D%E8%92%82/nsfw/%E8%82%9B%E4%BA%A4/%E5%A1%9E%E6%8B%89%E8%8F%B2%E5%A8%9C%C2%B7%E9%98%BF%E5%B0%94%E8%B4%9D%E8%92%82_nsfw_%E8%82%9B%E4%BA%A4_5.png","人物实际在场，在药房、诊室或休养房间接受诊察、包扎、调息指导，或照料另一名同处室内的成员；使用正常衣着和非露骨画面。","南宫婉在室内为另一位实际到场的成员递送药包；半身构图，突出人物与关键物件；正常衣着、非露骨画面。","仅在上述场景实际发生、南宫婉确实到场、相关同席者也实际在场，且已接入的正常新图与该画面吻合时，输出[南宫婉][肛交][5]。未换图或场景不符时不调用此编号。","","正常图片待接入"
"南宫婉","诊疗照护","肛交","6","南宫婉/肛交/6.png","https://cdn.jsdelivr.net/gh/lsr756480586-dev/baicao-images@main/%E5%8D%97%E5%AE%AB%E5%A9%89/%E8%82%9B%E4%BA%A4/6.png","https://cdn.jsdelivr.net/gh/Yehehua1311/mu-pig@main/%E5%A1%9E%E6%8B%89%E8%8F%B2%E5%A8%9C%C2%B7%E9%98%BF%E5%B0%94%E8%B4%9D%E8%92%82/nsfw/%E8%82%9B%E4%BA%A4/%E5%A1%9E%E6%8B%89%E8%8F%B2%E5%A8%9C%C2%B7%E9%98%BF%E5%B0%94%E8%B4%9D%E8%92%82_nsfw_%E8%82%9B%E4%BA%A4_6.png","人物实际在场，在药房、诊室或休养房间接受诊察、包扎、调息指导，或照料另一名同处室内的成员；使用正常衣着和非露骨画面。","南宫婉在休养室靠枕休息，室内有人陪伴；半身构图，突出人物与关键物件；正常衣着、非露骨画面。","仅在上述场景实际发生、南宫婉确实到场、相关同席者也实际在场，且已接入的正常新图与该画面吻合时，输出[南宫婉][肛交][6]。未换图或场景不符时不调用此编号。","","正常图片待接入"
"南宫婉","诊疗照护","肛交","7","南宫婉/肛交/7.png","https://cdn.jsdelivr.net/gh/lsr756480586-dev/baicao-images@main/%E5%8D%97%E5%AE%AB%E5%A9%89/%E8%82%9B%E4%BA%A4/7.png","https://cdn.jsdelivr.net/gh/Yehehua1311/mu-pig@main/%E5%A1%9E%E6%8B%89%E8%8F%B2%E5%A8%9C%C2%B7%E9%98%BF%E5%B0%94%E8%B4%9D%E8%92%82/nsfw/%E8%82%9B%E4%BA%A4/%E5%A1%9E%E6%8B%89%E8%8F%B2%E5%A8%9C%C2%B7%E9%98%BF%E5%B0%94%E8%B4%9D%E8%92%82_nsfw_%E8%82%9B%E4%BA%A4_7.png","人物实际在场，在药房、诊室或休养房间接受诊察、包扎、调息指导，或照料另一名同处室内的成员；使用正常衣着和非露骨画面。","南宫婉在诊室核对实际处方和复诊安排；半身构图，突出人物与关键物件；正常衣着、非露骨画面。","仅在上述场景实际发生、南宫婉确实到场、相关同席者也实际在场，且已接入的正常新图与该画面吻合时，输出[南宫婉][肛交][7]。未换图或场景不符时不调用此编号。","","正常图片待接入"
"南宫婉","出行护送","足交","1","南宫婉/足交/1.png","https://cdn.jsdelivr.net/gh/lsr756480586-dev/baicao-images@main/%E5%8D%97%E5%AE%AB%E5%A9%89/%E8%B6%B3%E4%BA%A4/1.png","https://cdn.jsdelivr.net/gh/Yehehua1311/mu-pig@main/%E5%A1%9E%E6%8B%89%E8%8F%B2%E5%A8%9C%C2%B7%E9%98%BF%E5%B0%94%E8%B4%9D%E8%92%82/nsfw/%E8%B6%B3%E4%BA%A4/%E5%A1%9E%E6%8B%89%E8%8F%B2%E5%A8%9C%C2%B7%E9%98%BF%E5%B0%94%E8%B4%9D%E8%92%82_nsfw_%E8%B6%B3%E4%BA%A4_1.png","人物实际随队采购、护送流民、巡守或赶路，并出现与图片对应的出发、行进、避雨、歇脚或归来情境。","南宫婉在百草园院门核对出行物品后准备出发；半身构图，突出人物与关键物件；正常衣着、非露骨画面。","仅在上述场景实际发生、南宫婉确实到场、相关同席者也实际在场，且已接入的正常新图与该画面吻合时，输出[南宫婉][足交][1]。未换图或场景不符时不调用此编号。","","正常图片待接入"
"南宫婉","出行护送","足交","2","南宫婉/足交/2.png","https://cdn.jsdelivr.net/gh/lsr756480586-dev/baicao-images@main/%E5%8D%97%E5%AE%AB%E5%A9%89/%E8%B6%B3%E4%BA%A4/2.png","https://cdn.jsdelivr.net/gh/Yehehua1311/mu-pig@main/%E5%A1%9E%E6%8B%89%E8%8F%B2%E5%A8%9C%C2%B7%E9%98%BF%E5%B0%94%E8%B4%9D%E8%92%82/nsfw/%E8%B6%B3%E4%BA%A4/%E5%A1%9E%E6%8B%89%E8%8F%B2%E5%A8%9C%C2%B7%E9%98%BF%E5%B0%94%E8%B4%9D%E8%92%82_nsfw_%E8%B6%B3%E4%BA%A4_2.png","人物实际随队采购、护送流民、巡守或赶路，并出现与图片对应的出发、行进、避雨、歇脚或归来情境。","南宫婉在白帝城街道随队采购；半身构图，突出人物与关键物件；正常衣着、非露骨画面。","仅在上述场景实际发生、南宫婉确实到场、相关同席者也实际在场，且已接入的正常新图与该画面吻合时，输出[南宫婉][足交][2]。未换图或场景不符时不调用此编号。","","正常图片待接入"
"南宫婉","出行护送","足交","3","南宫婉/足交/3.png","https://cdn.jsdelivr.net/gh/lsr756480586-dev/baicao-images@main/%E5%8D%97%E5%AE%AB%E5%A9%89/%E8%B6%B3%E4%BA%A4/3.png","https://cdn.jsdelivr.net/gh/Yehehua1311/mu-pig@main/%E5%A1%9E%E6%8B%89%E8%8F%B2%E5%A8%9C%C2%B7%E9%98%BF%E5%B0%94%E8%B4%9D%E8%92%82/nsfw/%E8%B6%B3%E4%BA%A4/%E5%A1%9E%E6%8B%89%E8%8F%B2%E5%A8%9C%C2%B7%E9%98%BF%E5%B0%94%E8%B4%9D%E8%92%82_nsfw_%E8%B6%B3%E4%BA%A4_3.png","人物实际随队采购、护送流民、巡守或赶路，并出现与图片对应的出发、行进、避雨、歇脚或归来情境。","南宫婉在青州城城门与同行者核对路引；半身构图，突出人物与关键物件；正常衣着、非露骨画面。","仅在上述场景实际发生、南宫婉确实到场、相关同席者也实际在场，且已接入的正常新图与该画面吻合时，输出[南宫婉][足交][3]。未换图或场景不符时不调用此编号。","","正常图片待接入"
"南宫婉","出行护送","足交","4","南宫婉/足交/4.png","https://cdn.jsdelivr.net/gh/lsr756480586-dev/baicao-images@main/%E5%8D%97%E5%AE%AB%E5%A9%89/%E8%B6%B3%E4%BA%A4/4.png","https://cdn.jsdelivr.net/gh/Yehehua1311/mu-pig@main/%E5%A1%9E%E6%8B%89%E8%8F%B2%E5%A8%9C%C2%B7%E9%98%BF%E5%B0%94%E8%B4%9D%E8%92%82/nsfw/%E8%B6%B3%E4%BA%A4/%E5%A1%9E%E6%8B%89%E8%8F%B2%E5%A8%9C%C2%B7%E9%98%BF%E5%B0%94%E8%B4%9D%E8%92%82_nsfw_%E8%B6%B3%E4%BA%A4_4.png","人物实际随队采购、护送流民、巡守或赶路，并出现与图片对应的出发、行进、避雨、歇脚或归来情境。","南宫婉在商路途中与队伍短暂停步；半身构图，突出人物与关键物件；正常衣着、非露骨画面。","仅在上述场景实际发生、南宫婉确实到场、相关同席者也实际在场，且已接入的正常新图与该画面吻合时，输出[南宫婉][足交][4]。未换图或场景不符时不调用此编号。","","正常图片待接入"
"南宫婉","出行护送","足交","5","南宫婉/足交/5.png","https://cdn.jsdelivr.net/gh/lsr756480586-dev/baicao-images@main/%E5%8D%97%E5%AE%AB%E5%A9%89/%E8%B6%B3%E4%BA%A4/5.png","https://cdn.jsdelivr.net/gh/Yehehua1311/mu-pig@main/%E5%A1%9E%E6%8B%89%E8%8F%B2%E5%A8%9C%C2%B7%E9%98%BF%E5%B0%94%E8%B4%9D%E8%92%82/nsfw/%E8%B6%B3%E4%BA%A4/%E5%A1%9E%E6%8B%89%E8%8F%B2%E5%A8%9C%C2%B7%E9%98%BF%E5%B0%94%E8%B4%9D%E8%92%82_nsfw_%E8%B6%B3%E4%BA%A4_5.png","人物实际随队采购、护送流民、巡守或赶路，并出现与图片对应的出发、行进、避雨、歇脚或归来情境。","南宫婉在客栈厅内查看实际路线与登记文书；半身构图，突出人物与关键物件；正常衣着、非露骨画面。","仅在上述场景实际发生、南宫婉确实到场、相关同席者也实际在场，且已接入的正常新图与该画面吻合时，输出[南宫婉][足交][5]。未换图或场景不符时不调用此编号。","","正常图片待接入"
"南宫婉","出行护送","足交","6","南宫婉/足交/6.png","https://cdn.jsdelivr.net/gh/lsr756480586-dev/baicao-images@main/%E5%8D%97%E5%AE%AB%E5%A9%89/%E8%B6%B3%E4%BA%A4/6.png","https://cdn.jsdelivr.net/gh/Yehehua1311/mu-pig@main/%E5%A1%9E%E6%8B%89%E8%8F%B2%E5%A8%9C%C2%B7%E9%98%BF%E5%B0%94%E8%B4%9D%E8%92%82/nsfw/%E8%B6%B3%E4%BA%A4/%E5%A1%9E%E6%8B%89%E8%8F%B2%E5%A8%9C%C2%B7%E9%98%BF%E5%B0%94%E8%B4%9D%E8%92%82_nsfw_%E8%B6%B3%E4%BA%A4_6.png","人物实际随队采购、护送流民、巡守或赶路，并出现与图片对应的出发、行进、避雨、歇脚或归来情境。","南宫婉在有顶棚的驿站与同行者避雨；半身构图，突出人物与关键物件；正常衣着、非露骨画面。","仅在上述场景实际发生、南宫婉确实到场、相关同席者也实际在场，且已接入的正常新图与该画面吻合时，输出[南宫婉][足交][6]。未换图或场景不符时不调用此编号。","","正常图片待接入"
"南宫婉","私室交谈","口交","1","南宫婉/口交/1.png","https://cdn.jsdelivr.net/gh/lsr756480586-dev/baicao-images@main/%E5%8D%97%E5%AE%AB%E5%A9%89/%E5%8F%A3%E4%BA%A4/1.png","https://cdn.jsdelivr.net/gh/Yehehua1311/mu-pig@main/%E5%A1%9E%E6%8B%89%E8%8F%B2%E5%A8%9C%C2%B7%E9%98%BF%E5%B0%94%E8%B4%9D%E8%92%82/nsfw/%E5%8F%A3%E4%BA%A4/%E5%A1%9E%E6%8B%89%E8%8F%B2%E5%A8%9C%C2%B7%E9%98%BF%E5%B0%94%E8%B4%9D%E8%92%82_nsfw_%E5%8F%A3%E4%BA%A4_1.png","人物与园主或其他成员确实共同处于书房、茶间、休息室或客房，进行商议、倾诉旧事、解释顾虑或表达关心；亲近按既定人物关系发展。","南宫婉在私人书房与园主同看登记文书；半身构图，突出人物与关键物件；正常衣着、非露骨画面。","仅在上述场景实际发生、南宫婉确实到场、相关同席者也实际在场，且已接入的正常新图与该画面吻合时，输出[南宫婉][口交][1]。未换图或场景不符时不调用此编号。","","正常图片待接入"
"南宫婉","私室交谈","口交","2","南宫婉/口交/2.png","https://cdn.jsdelivr.net/gh/lsr756480586-dev/baicao-images@main/%E5%8D%97%E5%AE%AB%E5%A9%89/%E5%8F%A3%E4%BA%A4/2.png","https://cdn.jsdelivr.net/gh/Yehehua1311/mu-pig@main/%E5%A1%9E%E6%8B%89%E8%8F%B2%E5%A8%9C%C2%B7%E9%98%BF%E5%B0%94%E8%B4%9D%E8%92%82/nsfw/%E5%8F%A3%E4%BA%A4/%E5%A1%9E%E6%8B%89%E8%8F%B2%E5%A8%9C%C2%B7%E9%98%BF%E5%B0%94%E8%B4%9D%E8%92%82_nsfw_%E5%8F%A3%E4%BA%A4_2.png","人物与园主或其他成员确实共同处于书房、茶间、休息室或客房，进行商议、倾诉旧事、解释顾虑或表达关心；亲近按既定人物关系发展。","南宫婉在室内茶间说起个人生活愿望；半身构图，突出人物与关键物件；正常衣着、非露骨画面。","仅在上述场景实际发生、南宫婉确实到场、相关同席者也实际在场，且已接入的正常新图与该画面吻合时，输出[南宫婉][口交][2]。未换图或场景不符时不调用此编号。","","正常图片待接入"
"南宫婉","私室交谈","口交","3","南宫婉/口交/3.png","https://cdn.jsdelivr.net/gh/lsr756480586-dev/baicao-images@main/%E5%8D%97%E5%AE%AB%E5%A9%89/%E5%8F%A3%E4%BA%A4/3.png","https://cdn.jsdelivr.net/gh/Yehehua1311/mu-pig@main/%E5%A1%9E%E6%8B%89%E8%8F%B2%E5%A8%9C%C2%B7%E9%98%BF%E5%B0%94%E8%B4%9D%E8%92%82/nsfw/%E5%8F%A3%E4%BA%A4/%E5%A1%9E%E6%8B%89%E8%8F%B2%E5%A8%9C%C2%B7%E9%98%BF%E5%B0%94%E8%B4%9D%E8%92%82_nsfw_%E5%8F%A3%E4%BA%A4_3.png","人物与园主或其他成员确实共同处于书房、茶间、休息室或客房，进行商议、倾诉旧事、解释顾虑或表达关心；亲近按既定人物关系发展。","南宫婉在住处待客间谈论已经发生的旧事；半身构图，突出人物与关键物件；正常衣着、非露骨画面。","仅在上述场景实际发生、南宫婉确实到场、相关同席者也实际在场，且已接入的正常新图与该画面吻合时，输出[南宫婉][口交][3]。未换图或场景不符时不调用此编号。","","正常图片待接入"
"南宫婉","私室交谈","口交","4","南宫婉/口交/4.png","https://cdn.jsdelivr.net/gh/lsr756480586-dev/baicao-images@main/%E5%8D%97%E5%AE%AB%E5%A9%89/%E5%8F%A3%E4%BA%A4/4.png","https://cdn.jsdelivr.net/gh/Yehehua1311/mu-pig@main/%E5%A1%9E%E6%8B%89%E8%8F%B2%E5%A8%9C%C2%B7%E9%98%BF%E5%B0%94%E8%B4%9D%E8%92%82/nsfw/%E5%8F%A3%E4%BA%A4/%E5%A1%9E%E6%8B%89%E8%8F%B2%E5%A8%9C%C2%B7%E9%98%BF%E5%B0%94%E8%B4%9D%E8%92%82_nsfw_%E5%8F%A3%E4%BA%A4_4.png","人物与园主或其他成员确实共同处于书房、茶间、休息室或客房，进行商议、倾诉旧事、解释顾虑或表达关心；亲近按既定人物关系发展。","南宫婉在关门的休息室说明工作顾虑；半身构图，突出人物与关键物件；正常衣着、非露骨画面。","仅在上述场景实际发生、南宫婉确实到场、相关同席者也实际在场，且已接入的正常新图与该画面吻合时，输出[南宫婉][口交][4]。未换图或场景不符时不调用此编号。","","正常图片待接入"
"南宫婉","私室交谈","口交","5","南宫婉/口交/5.png","https://cdn.jsdelivr.net/gh/lsr756480586-dev/baicao-images@main/%E5%8D%97%E5%AE%AB%E5%A9%89/%E5%8F%A3%E4%BA%A4/5.png","https://cdn.jsdelivr.net/gh/Yehehua1311/mu-pig@main/%E5%A1%9E%E6%8B%89%E8%8F%B2%E5%A8%9C%C2%B7%E9%98%BF%E5%B0%94%E8%B4%9D%E8%92%82/nsfw/%E5%8F%A3%E4%BA%A4/%E5%A1%9E%E6%8B%89%E8%8F%B2%E5%A8%9C%C2%B7%E9%98%BF%E5%B0%94%E8%B4%9D%E8%92%82_nsfw_%E5%8F%A3%E4%BA%A4_5.png","人物与园主或其他成员确实共同处于书房、茶间、休息室或客房，进行商议、倾诉旧事、解释顾虑或表达关心；亲近按既定人物关系发展。","南宫婉在私人小厅向园主解释一场实际争议；半身构图，突出人物与关键物件；正常衣着、非露骨画面。","仅在上述场景实际发生、南宫婉确实到场、相关同席者也实际在场，且已接入的正常新图与该画面吻合时，输出[南宫婉][口交][5]。未换图或场景不符时不调用此编号。","","正常图片待接入"
"南宫婉","私室交谈","口交","6","南宫婉/口交/6.png","https://cdn.jsdelivr.net/gh/lsr756480586-dev/baicao-images@main/%E5%8D%97%E5%AE%AB%E5%A9%89/%E5%8F%A3%E4%BA%A4/6.png","https://cdn.jsdelivr.net/gh/Yehehua1311/mu-pig@main/%E5%A1%9E%E6%8B%89%E8%8F%B2%E5%A8%9C%C2%B7%E9%98%BF%E5%B0%94%E8%B4%9D%E8%92%82/nsfw/%E5%8F%A3%E4%BA%A4/%E5%A1%9E%E6%8B%89%E8%8F%B2%E5%A8%9C%C2%B7%E9%98%BF%E5%B0%94%E8%B4%9D%E8%92%82_nsfw_%E5%8F%A3%E4%BA%A4_6.png","人物与园主或其他成员确实共同处于书房、茶间、休息室或客房，进行商议、倾诉旧事、解释顾虑或表达关心；亲近按既定人物关系发展。","南宫婉在雨夜书房与园主共读地方志；半身构图，突出人物与关键物件；正常衣着、非露骨画面。","仅在上述场景实际发生、南宫婉确实到场、相关同席者也实际在场，且已接入的正常新图与该画面吻合时，输出[南宫婉][口交][6]。未换图或场景不符时不调用此编号。","","正常图片待接入"
"南宫婉","私室交谈","口交","7","南宫婉/口交/7.png","https://cdn.jsdelivr.net/gh/lsr756480586-dev/baicao-images@main/%E5%8D%97%E5%AE%AB%E5%A9%89/%E5%8F%A3%E4%BA%A4/7.png","https://cdn.jsdelivr.net/gh/Yehehua1311/mu-pig@main/%E5%A1%9E%E6%8B%89%E8%8F%B2%E5%A8%9C%C2%B7%E9%98%BF%E5%B0%94%E8%B4%9D%E8%92%82/nsfw/%E5%8F%A3%E4%BA%A4/%E5%A1%9E%E6%8B%89%E8%8F%B2%E5%A8%9C%C2%B7%E9%98%BF%E5%B0%94%E8%B4%9D%E8%92%82_nsfw_%E5%8F%A3%E4%BA%A4_7.png","人物与园主或其他成员确实共同处于书房、茶间、休息室或客房，进行商议、倾诉旧事、解释顾虑或表达关心；亲近按既定人物关系发展。","南宫婉在室内与另一位实际到场的成员商议委托书；半身构图，突出人物与关键物件；正常衣着、非露骨画面。","仅在上述场景实际发生、南宫婉确实到场、相关同席者也实际在场，且已接入的正常新图与该画面吻合时，输出[南宫婉][口交][7]。未换图或场景不符时不调用此编号。","","正常图片待接入"
"南宫婉","私室交谈","口交","8","南宫婉/口交/8.png","https://cdn.jsdelivr.net/gh/lsr756480586-dev/baicao-images@main/%E5%8D%97%E5%AE%AB%E5%A9%89/%E5%8F%A3%E4%BA%A4/8.png","https://cdn.jsdelivr.net/gh/Yehehua1311/mu-pig@main/%E5%A1%9E%E6%8B%89%E8%8F%B2%E5%A8%9C%C2%B7%E9%98%BF%E5%B0%94%E8%B4%9D%E8%92%82/nsfw/%E5%8F%A3%E4%BA%A4/%E5%A1%9E%E6%8B%89%E8%8F%B2%E5%A8%9C%C2%B7%E9%98%BF%E5%B0%94%E8%B4%9D%E8%92%82_nsfw_%E5%8F%A3%E4%BA%A4_8.png","人物与园主或其他成员确实共同处于书房、茶间、休息室或客房，进行商议、倾诉旧事、解释顾虑或表达关心；亲近按既定人物关系发展。","南宫婉在茶案旁表达关心并递上热茶；半身构图，突出人物与关键物件；正常衣着、非露骨画面。","仅在上述场景实际发生、南宫婉确实到场、相关同席者也实际在场，且已接入的正常新图与该画面吻合时，输出[南宫婉][口交][8]。未换图或场景不符时不调用此编号。","","正常图片待接入"
"南宫婉","私室交谈","口交","9","南宫婉/口交/9.png","https://cdn.jsdelivr.net/gh/lsr756480586-dev/baicao-images@main/%E5%8D%97%E5%AE%AB%E5%A9%89/%E5%8F%A3%E4%BA%A4/9.png","https://cdn.jsdelivr.net/gh/Yehehua1311/mu-pig@main/%E5%A1%9E%E6%8B%89%E8%8F%B2%E5%A8%9C%C2%B7%E9%98%BF%E5%B0%94%E8%B4%9D%E8%92%82/nsfw/%E5%8F%A3%E4%BA%A4/%E5%A1%9E%E6%8B%89%E8%8F%B2%E5%A8%9C%C2%B7%E9%98%BF%E5%B0%94%E8%B4%9D%E8%92%82_nsfw_%E5%8F%A3%E4%BA%A4_9.png","人物与园主或其他成员确实共同处于书房、茶间、休息室或客房，进行商议、倾诉旧事、解释顾虑或表达关心；亲近按既定人物关系发展。","南宫婉在休息间将尚未解决的问题写在便笺上；半身构图，突出人物与关键物件；正常衣着、非露骨画面。","仅在上述场景实际发生、南宫婉确实到场、相关同席者也实际在场，且已接入的正常新图与该画面吻合时，输出[南宫婉][口交][9]。未换图或场景不符时不调用此编号。","","正常图片待接入"
"南宫婉","私室交谈","口交","10","南宫婉/口交/10.png","https://cdn.jsdelivr.net/gh/lsr756480586-dev/baicao-images@main/%E5%8D%97%E5%AE%AB%E5%A9%89/%E5%8F%A3%E4%BA%A4/10.png","https://cdn.jsdelivr.net/gh/Yehehua1311/mu-pig@main/%E5%A1%9E%E6%8B%89%E8%8F%B2%E5%A8%9C%C2%B7%E9%98%BF%E5%B0%94%E8%B4%9D%E8%92%82/nsfw/%E5%8F%A3%E4%BA%A4/%E5%A1%9E%E6%8B%89%E8%8F%B2%E5%A8%9C%C2%B7%E9%98%BF%E5%B0%94%E8%B4%9D%E8%92%82_nsfw_%E5%8F%A3%E4%BA%A4_10.png","人物与园主或其他成员确实共同处于书房、茶间、休息室或客房，进行商议、倾诉旧事、解释顾虑或表达关心；亲近按既定人物关系发展。","南宫婉在灯下谈完正事后轻松闲聊；半身构图，突出人物与关键物件；正常衣着、非露骨画面。","仅在上述场景实际发生、南宫婉确实到场、相关同席者也实际在场，且已接入的正常新图与该画面吻合时，输出[南宫婉][口交][10]。未换图或场景不符时不调用此编号。","","正常图片待接入"
"南宫婉","私室交谈","口交","11","南宫婉/口交/11.png","https://cdn.jsdelivr.net/gh/lsr756480586-dev/baicao-images@main/%E5%8D%97%E5%AE%AB%E5%A9%89/%E5%8F%A3%E4%BA%A4/11.png","https://cdn.jsdelivr.net/gh/Yehehua1311/mu-pig@main/%E5%A1%9E%E6%8B%89%E8%8F%B2%E5%A8%9C%C2%B7%E9%98%BF%E5%B0%94%E8%B4%9D%E8%92%82/nsfw/%E5%8F%A3%E4%BA%A4/%E5%A1%9E%E6%8B%89%E8%8F%B2%E5%A8%9C%C2%B7%E9%98%BF%E5%B0%94%E8%B4%9D%E8%92%82_nsfw_%E5%8F%A3%E4%BA%A4_11.png","人物与园主或其他成员确实共同处于书房、茶间、休息室或客房，进行商议、倾诉旧事、解释顾虑或表达关心；亲近按既定人物关系发展。","南宫婉在私人书房与园主同看登记文书；较宽构图，交代人物与场所；正常衣着、非露骨画面。","仅在上述场景实际发生、南宫婉确实到场、相关同席者也实际在场，且已接入的正常新图与该画面吻合时，输出[南宫婉][口交][11]。未换图或场景不符时不调用此编号。","","正常图片待接入"
"南宫婉","协作修习","性交","1","南宫婉/性交/1.png","https://cdn.jsdelivr.net/gh/lsr756480586-dev/baicao-images@main/%E5%8D%97%E5%AE%AB%E5%A9%89/%E6%80%A7%E4%BA%A4/1.png","https://cdn.jsdelivr.net/gh/Yehehua1311/mu-pig@main/%E5%A1%9E%E6%8B%89%E8%8F%B2%E5%A8%9C%C2%B7%E9%98%BF%E5%B0%94%E8%B4%9D%E8%92%82/nsfw/%E6%80%A7%E4%BA%A4/%E5%A1%9E%E6%8B%89%E8%8F%B2%E5%A8%9C%C2%B7%E9%98%BF%E5%B0%94%E8%B4%9D%E8%92%82_nsfw_%E6%80%A7%E4%BA%A4_1.png","人物实际在场，共同研习术法、调试符器、练剑、试制农具兵器或协作完成一项工作，出现与图片对应的操作、指点或成果展示。","南宫婉在工作间与同席者核对登记文书的操作或记录步骤；半身构图，突出人物与关键物件；正常衣着、非露骨画面。","仅在上述场景实际发生、南宫婉确实到场、相关同席者也实际在场，且已接入的正常新图与该画面吻合时，输出[南宫婉][性交][1]。未换图或场景不符时不调用此编号。","","正常图片待接入"
"南宫婉","协作修习","性交","2","南宫婉/性交/2.png","https://cdn.jsdelivr.net/gh/lsr756480586-dev/baicao-images@main/%E5%8D%97%E5%AE%AB%E5%A9%89/%E6%80%A7%E4%BA%A4/2.png","https://cdn.jsdelivr.net/gh/Yehehua1311/mu-pig@main/%E5%A1%9E%E6%8B%89%E8%8F%B2%E5%A8%9C%C2%B7%E9%98%BF%E5%B0%94%E8%B4%9D%E8%92%82/nsfw/%E6%80%A7%E4%BA%A4/%E5%A1%9E%E6%8B%89%E8%8F%B2%E5%A8%9C%C2%B7%E9%98%BF%E5%B0%94%E8%B4%9D%E8%92%82_nsfw_%E6%80%A7%E4%BA%A4_2.png","人物实际在场，共同研习术法、调试符器、练剑、试制农具兵器或协作完成一项工作，出现与图片对应的操作、指点或成果展示。","南宫婉在室内向园主展示与税粮簿有关的专业方法；半身构图，突出人物与关键物件；正常衣着、非露骨画面。","仅在上述场景实际发生、南宫婉确实到场、相关同席者也实际在场，且已接入的正常新图与该画面吻合时，输出[南宫婉][性交][2]。未换图或场景不符时不调用此编号。","","正常图片待接入"
"南宫婉","协作修习","性交","3","南宫婉/性交/3.png","https://cdn.jsdelivr.net/gh/lsr756480586-dev/baicao-images@main/%E5%8D%97%E5%AE%AB%E5%A9%89/%E6%80%A7%E4%BA%A4/3.png","https://cdn.jsdelivr.net/gh/Yehehua1311/mu-pig@main/%E5%A1%9E%E6%8B%89%E8%8F%B2%E5%A8%9C%C2%B7%E9%98%BF%E5%B0%94%E8%B4%9D%E8%92%82/nsfw/%E6%80%A7%E4%BA%A4/%E5%A1%9E%E6%8B%89%E8%8F%B2%E5%A8%9C%C2%B7%E9%98%BF%E5%B0%94%E8%B4%9D%E8%92%82_nsfw_%E6%80%A7%E4%BA%A4_3.png","人物实际在场，共同研习术法、调试符器、练剑、试制农具兵器或协作完成一项工作，出现与图片对应的操作、指点或成果展示。","南宫婉在工坊参与一项已有能力范围内的协作任务；半身构图，突出人物与关键物件；正常衣着、非露骨画面。","仅在上述场景实际发生、南宫婉确实到场、相关同席者也实际在场，且已接入的正常新图与该画面吻合时，输出[南宫婉][性交][3]。未换图或场景不符时不调用此编号。","","正常图片待接入"
"南宫婉","协作修习","性交","4","南宫婉/性交/4.png","https://cdn.jsdelivr.net/gh/lsr756480586-dev/baicao-images@main/%E5%8D%97%E5%AE%AB%E5%A9%89/%E6%80%A7%E4%BA%A4/4.png","https://cdn.jsdelivr.net/gh/Yehehua1311/mu-pig@main/%E5%A1%9E%E6%8B%89%E8%8F%B2%E5%A8%9C%C2%B7%E9%98%BF%E5%B0%94%E8%B4%9D%E8%92%82/nsfw/%E6%80%A7%E4%BA%A4/%E5%A1%9E%E6%8B%89%E8%8F%B2%E5%A8%9C%C2%B7%E9%98%BF%E5%B0%94%E8%B4%9D%E8%92%82_nsfw_%E6%80%A7%E4%BA%A4_4.png","人物实际在场，共同研习术法、调试符器、练剑、试制农具兵器或协作完成一项工作，出现与图片对应的操作、指点或成果展示。","南宫婉在书房与同席者共同推演委托书；半身构图，突出人物与关键物件；正常衣着、非露骨画面。","仅在上述场景实际发生、南宫婉确实到场、相关同席者也实际在场，且已接入的正常新图与该画面吻合时，输出[南宫婉][性交][4]。未换图或场景不符时不调用此编号。","","正常图片待接入"
"南宫婉","协作修习","性交","5","南宫婉/性交/5.png","https://cdn.jsdelivr.net/gh/lsr756480586-dev/baicao-images@main/%E5%8D%97%E5%AE%AB%E5%A9%89/%E6%80%A7%E4%BA%A4/5.png","https://cdn.jsdelivr.net/gh/Yehehua1311/mu-pig@main/%E5%A1%9E%E6%8B%89%E8%8F%B2%E5%A8%9C%C2%B7%E9%98%BF%E5%B0%94%E8%B4%9D%E8%92%82/nsfw/%E6%80%A7%E4%BA%A4/%E5%A1%9E%E6%8B%89%E8%8F%B2%E5%A8%9C%C2%B7%E9%98%BF%E5%B0%94%E8%B4%9D%E8%92%82_nsfw_%E6%80%A7%E4%BA%A4_5.png","人物实际在场，共同研习术法、调试符器、练剑、试制农具兵器或协作完成一项工作，出现与图片对应的操作、指点或成果展示。","南宫婉在练习室学习基础护身动作，不额外获得高阶能力；半身构图，突出人物与关键物件；正常衣着、非露骨画面。","仅在上述场景实际发生、南宫婉确实到场、相关同席者也实际在场，且已接入的正常新图与该画面吻合时，输出[南宫婉][性交][5]。未换图或场景不符时不调用此编号。","","正常图片待接入"
"南宫婉","协作修习","性交","6","南宫婉/性交/6.png","https://cdn.jsdelivr.net/gh/lsr756480586-dev/baicao-images@main/%E5%8D%97%E5%AE%AB%E5%A9%89/%E6%80%A7%E4%BA%A4/6.png","https://cdn.jsdelivr.net/gh/Yehehua1311/mu-pig@main/%E5%A1%9E%E6%8B%89%E8%8F%B2%E5%A8%9C%C2%B7%E9%98%BF%E5%B0%94%E8%B4%9D%E8%92%82/nsfw/%E6%80%A7%E4%BA%A4/%E5%A1%9E%E6%8B%89%E8%8F%B2%E5%A8%9C%C2%B7%E9%98%BF%E5%B0%94%E8%B4%9D%E8%92%82_nsfw_%E6%80%A7%E4%BA%A4_6.png","人物实际在场，共同研习术法、调试符器、练剑、试制农具兵器或协作完成一项工作，出现与图片对应的操作、指点或成果展示。","南宫婉在工作台旁协助记录一次实际测试结果；半身构图，突出人物与关键物件；正常衣着、非露骨画面。","仅在上述场景实际发生、南宫婉确实到场、相关同席者也实际在场，且已接入的正常新图与该画面吻合时，输出[南宫婉][性交][6]。未换图或场景不符时不调用此编号。","","正常图片待接入"
"南宫婉","协作修习","性交","7","南宫婉/性交/7.png","https://cdn.jsdelivr.net/gh/lsr756480586-dev/baicao-images@main/%E5%8D%97%E5%AE%AB%E5%A9%89/%E6%80%A7%E4%BA%A4/7.png","https://cdn.jsdelivr.net/gh/Yehehua1311/mu-pig@main/%E5%A1%9E%E6%8B%89%E8%8F%B2%E5%A8%9C%C2%B7%E9%98%BF%E5%B0%94%E8%B4%9D%E8%92%82/nsfw/%E6%80%A7%E4%BA%A4/%E5%A1%9E%E6%8B%89%E8%8F%B2%E5%A8%9C%C2%B7%E9%98%BF%E5%B0%94%E8%B4%9D%E8%92%82_nsfw_%E6%80%A7%E4%BA%A4_7.png","人物实际在场，共同研习术法、调试符器、练剑、试制农具兵器或协作完成一项工作，出现与图片对应的操作、指点或成果展示。","南宫婉在室内向实际到场的成员请教一个具体问题；半身构图，突出人物与关键物件；正常衣着、非露骨画面。","仅在上述场景实际发生、南宫婉确实到场、相关同席者也实际在场，且已接入的正常新图与该画面吻合时，输出[南宫婉][性交][7]。未换图或场景不符时不调用此编号。","","正常图片待接入"
"南宫婉","协作修习","性交","8","南宫婉/性交/8.png","https://cdn.jsdelivr.net/gh/lsr756480586-dev/baicao-images@main/%E5%8D%97%E5%AE%AB%E5%A9%89/%E6%80%A7%E4%BA%A4/8.png","https://cdn.jsdelivr.net/gh/Yehehua1311/mu-pig@main/%E5%A1%9E%E6%8B%89%E8%8F%B2%E5%A8%9C%C2%B7%E9%98%BF%E5%B0%94%E8%B4%9D%E8%92%82/nsfw/%E6%80%A7%E4%BA%A4/%E5%A1%9E%E6%8B%89%E8%8F%B2%E5%A8%9C%C2%B7%E9%98%BF%E5%B0%94%E8%B4%9D%E8%92%82_nsfw_%E6%80%A7%E4%BA%A4_8.png","人物实际在场，共同研习术法、调试符器、练剑、试制农具兵器或协作完成一项工作，出现与图片对应的操作、指点或成果展示。","南宫婉在完成协作后展示已制作或整理的成果；半身构图，突出人物与关键物件；正常衣着、非露骨画面。","仅在上述场景实际发生、南宫婉确实到场、相关同席者也实际在场，且已接入的正常新图与该画面吻合时，输出[南宫婉][性交][8]。未换图或场景不符时不调用此编号。","","正常图片待接入"
"南宫婉","协作修习","性交","9","南宫婉/性交/9.png","https://cdn.jsdelivr.net/gh/lsr756480586-dev/baicao-images@main/%E5%8D%97%E5%AE%AB%E5%A9%89/%E6%80%A7%E4%BA%A4/9.png","https://cdn.jsdelivr.net/gh/Yehehua1311/mu-pig@main/%E5%A1%9E%E6%8B%89%E8%8F%B2%E5%A8%9C%C2%B7%E9%98%BF%E5%B0%94%E8%B4%9D%E8%92%82/nsfw/%E6%80%A7%E4%BA%A4/%E5%A1%9E%E6%8B%89%E8%8F%B2%E5%A8%9C%C2%B7%E9%98%BF%E5%B0%94%E8%B4%9D%E8%92%82_nsfw_%E6%80%A7%E4%BA%A4_9.png","人物实际在场，共同研习术法、调试符器、练剑、试制农具兵器或协作完成一项工作，出现与图片对应的操作、指点或成果展示。","南宫婉在遇到失误时指认问题并重新核对步骤；半身构图，突出人物与关键物件；正常衣着、非露骨画面。","仅在上述场景实际发生、南宫婉确实到场、相关同席者也实际在场，且已接入的正常新图与该画面吻合时，输出[南宫婉][性交][9]。未换图或场景不符时不调用此编号。","","正常图片待接入"
"南宫婉","协作修习","性交","10","南宫婉/性交/10.png","https://cdn.jsdelivr.net/gh/lsr756480586-dev/baicao-images@main/%E5%8D%97%E5%AE%AB%E5%A9%89/%E6%80%A7%E4%BA%A4/10.png","https://cdn.jsdelivr.net/gh/Yehehua1311/mu-pig@main/%E5%A1%9E%E6%8B%89%E8%8F%B2%E5%A8%9C%C2%B7%E9%98%BF%E5%B0%94%E8%B4%9D%E8%92%82/nsfw/%E6%80%A7%E4%BA%A4/%E5%A1%9E%E6%8B%89%E8%8F%B2%E5%A8%9C%C2%B7%E9%98%BF%E5%B0%94%E8%B4%9D%E8%92%82_nsfw_%E6%80%A7%E4%BA%A4_10.png","人物实际在场，共同研习术法、调试符器、练剑、试制农具兵器或协作完成一项工作，出现与图片对应的操作、指点或成果展示。","南宫婉在休息室与同席者总结已经完成的练习；半身构图，突出人物与关键物件；正常衣着、非露骨画面。","仅在上述场景实际发生、南宫婉确实到场、相关同席者也实际在场，且已接入的正常新图与该画面吻合时，输出[南宫婉][性交][10]。未换图或场景不符时不调用此编号。","","正常图片待接入"
"南宫婉","协作修习","性交","11","南宫婉/性交/11.png","https://cdn.jsdelivr.net/gh/lsr756480586-dev/baicao-images@main/%E5%8D%97%E5%AE%AB%E5%A9%89/%E6%80%A7%E4%BA%A4/11.png","https://cdn.jsdelivr.net/gh/Yehehua1311/mu-pig@main/%E5%A1%9E%E6%8B%89%E8%8F%B2%E5%A8%9C%C2%B7%E9%98%BF%E5%B0%94%E8%B4%9D%E8%92%82/nsfw/%E6%80%A7%E4%BA%A4/%E5%A1%9E%E6%8B%89%E8%8F%B2%E5%A8%9C%C2%B7%E9%98%BF%E5%B0%94%E8%B4%9D%E8%92%82_nsfw_%E6%80%A7%E4%BA%A4_11.png","人物实际在场，共同研习术法、调试符器、练剑、试制农具兵器或协作完成一项工作，出现与图片对应的操作、指点或成果展示。","南宫婉在工作间与同席者核对登记文书的操作或记录步骤；较宽构图，交代人物与场所；正常衣着、非露骨画面。","仅在上述场景实际发生、南宫婉确实到场、相关同席者也实际在场，且已接入的正常新图与该画面吻合时，输出[南宫婉][性交][11]。未换图或场景不符时不调用此编号。","","正常图片待接入"
"慕南栀","立绘","","","慕南栀/立绘.png","https://cdn.jsdelivr.net/gh/lsr756480586-dev/baicao-images@main/%E6%85%95%E5%8D%97%E6%A0%80/%E7%AB%8B%E7%BB%98.png","https://i.postimg.cc/C5ztscWz/penguin-draw-1785811620470.png","在人物菜单、状态栏或人物图库中显示该人物时使用。","慕南栀身着已确定的日常衣装，正面人物立绘，背景简洁。","人物菜单、状态栏或图库实际显示该人物时使用。","","立绘"
"慕南栀","日常","sfw","1","慕南栀/sfw/1.png","https://cdn.jsdelivr.net/gh/lsr756480586-dev/baicao-images@main/%E6%85%95%E5%8D%97%E6%A0%80/sfw/1.png","https://cdn.jsdelivr.net/gh/Yehehua1311/mu-pig@main/%E8%8B%8D%E7%A9%B9/sfw/%E8%8B%8D%E7%A9%B9_sfw_1.png","人物实际在场，进行园务汇报、种粮育药、修器织染、用餐饮茶或公开会面，且画面适合当前情节。","慕南栀在岗位工作间展示药方并汇报进展；半身构图，突出人物与关键物件；正常衣着、非露骨画面。","仅在上述场景实际发生、慕南栀确实到场、相关同席者也实际在场，且已接入的正常新图与该画面吻合时，输出[慕南栀][sfw][1]。未换图或场景不符时不调用此编号。","","暂用原日常图，新画面计划待接入"
"慕南栀","日常","sfw","2","慕南栀/sfw/2.png","https://cdn.jsdelivr.net/gh/lsr756480586-dev/baicao-images@main/%E6%85%95%E5%8D%97%E6%A0%80/sfw/2.png","https://cdn.jsdelivr.net/gh/Yehehua1311/mu-pig@main/%E8%8B%8D%E7%A9%B9/sfw/%E8%8B%8D%E7%A9%B9_sfw_2.png","人物实际在场，进行园务汇报、种粮育药、修器织染、用餐饮茶或公开会面，且画面适合当前情节。","慕南栀在室内茶间准备清茶；半身构图，突出人物与关键物件；正常衣着、非露骨画面。","仅在上述场景实际发生、慕南栀确实到场、相关同席者也实际在场，且已接入的正常新图与该画面吻合时，输出[慕南栀][sfw][2]。未换图或场景不符时不调用此编号。","","暂用原日常图，新画面计划待接入"
"慕南栀","日常","sfw","3","慕南栀/sfw/3.png","https://cdn.jsdelivr.net/gh/lsr756480586-dev/baicao-images@main/%E6%85%95%E5%8D%97%E6%A0%80/sfw/3.png","https://cdn.jsdelivr.net/gh/Yehehua1311/mu-pig@main/%E8%8B%8D%E7%A9%B9/sfw/%E8%8B%8D%E7%A9%B9_sfw_3.png","人物实际在场，进行园务汇报、种粮育药、修器织染、用餐饮茶或公开会面，且画面适合当前情节。","慕南栀在窗边翻阅与草药包有关的记录；半身构图，突出人物与关键物件；正常衣着、非露骨画面。","仅在上述场景实际发生、慕南栀确实到场、相关同席者也实际在场，且已接入的正常新图与该画面吻合时，输出[慕南栀][sfw][3]。未换图或场景不符时不调用此编号。","","暂用原日常图，新画面计划待接入"
"慕南栀","日常","sfw","4","慕南栀/sfw/4.png","https://cdn.jsdelivr.net/gh/lsr756480586-dev/baicao-images@main/%E6%85%95%E5%8D%97%E6%A0%80/sfw/4.png","https://cdn.jsdelivr.net/gh/Yehehua1311/mu-pig@main/%E8%8B%8D%E7%A9%B9/sfw/%E8%8B%8D%E7%A9%B9_sfw_4.png","人物实际在场，进行园务汇报、种粮育药、修器织染、用餐饮茶或公开会面，且画面适合当前情节。","慕南栀在工作结束后收整诊簿；半身构图，突出人物与关键物件；正常衣着、非露骨画面。","仅在上述场景实际发生、慕南栀确实到场、相关同席者也实际在场，且已接入的正常新图与该画面吻合时，输出[慕南栀][sfw][4]。未换图或场景不符时不调用此编号。","","暂用原日常图，新画面计划待接入"
"慕南栀","日常","sfw","5","慕南栀/sfw/5.png","https://cdn.jsdelivr.net/gh/lsr756480586-dev/baicao-images@main/%E6%85%95%E5%8D%97%E6%A0%80/sfw/5.png","https://cdn.jsdelivr.net/gh/Yehehua1311/mu-pig@main/%E8%8B%8D%E7%A9%B9/sfw/%E8%8B%8D%E7%A9%B9_sfw_5.png","人物实际在场，进行园务汇报、种粮育药、修器织染、用餐饮茶或公开会面，且画面适合当前情节。","慕南栀在白帝城商铺挑选生活物资；半身构图，突出人物与关键物件；正常衣着、非露骨画面。","仅在上述场景实际发生、慕南栀确实到场、相关同席者也实际在场，且已接入的正常新图与该画面吻合时，输出[慕南栀][sfw][5]。未换图或场景不符时不调用此编号。","","暂用原日常图，新画面计划待接入"
"慕南栀","日常","sfw","6","慕南栀/sfw/6.png","https://cdn.jsdelivr.net/gh/lsr756480586-dev/baicao-images@main/%E6%85%95%E5%8D%97%E6%A0%80/sfw/6.png","https://cdn.jsdelivr.net/gh/Yehehua1311/mu-pig@main/%E8%8B%8D%E7%A9%B9/sfw/%E8%8B%8D%E7%A9%B9_sfw_6.png","人物实际在场，进行园务汇报、种粮育药、修器织染、用餐饮茶或公开会面，且画面适合当前情节。","慕南栀在青州城客栈核对随身物品；半身构图，突出人物与关键物件；正常衣着、非露骨画面。","仅在上述场景实际发生、慕南栀确实到场、相关同席者也实际在场，且已接入的正常新图与该画面吻合时，输出[慕南栀][sfw][6]。未换图或场景不符时不调用此编号。","","暂用原日常图，新画面计划待接入"
"慕南栀","日常","sfw","7","慕南栀/sfw/7.png","https://cdn.jsdelivr.net/gh/lsr756480586-dev/baicao-images@main/%E6%85%95%E5%8D%97%E6%A0%80/sfw/7.png","https://cdn.jsdelivr.net/gh/Yehehua1311/mu-pig@main/%E8%8B%8D%E7%A9%B9/sfw/%E8%8B%8D%E7%A9%B9_sfw_7.png","人物实际在场，进行园务汇报、种粮育药、修器织染、用餐饮茶或公开会面，且画面适合当前情节。","慕南栀在百草园食堂同桌用餐；半身构图，突出人物与关键物件；正常衣着、非露骨画面。","仅在上述场景实际发生、慕南栀确实到场、相关同席者也实际在场，且已接入的正常新图与该画面吻合时，输出[慕南栀][sfw][7]。未换图或场景不符时不调用此编号。","","暂用原日常图，新画面计划待接入"
"慕南栀","日常","sfw","8","慕南栀/sfw/8.png","https://cdn.jsdelivr.net/gh/lsr756480586-dev/baicao-images@main/%E6%85%95%E5%8D%97%E6%A0%80/sfw/8.png","https://cdn.jsdelivr.net/gh/Yehehua1311/mu-pig@main/%E8%8B%8D%E7%A9%B9/sfw/%E8%8B%8D%E7%A9%B9_sfw_8.png","人物实际在场，进行园务汇报、种粮育药、修器织染、用餐饮茶或公开会面，且画面适合当前情节。","慕南栀在回廊停步看雨；半身构图，突出人物与关键物件；正常衣着、非露骨画面。","仅在上述场景实际发生、慕南栀确实到场、相关同席者也实际在场，且已接入的正常新图与该画面吻合时，输出[慕南栀][sfw][8]。未换图或场景不符时不调用此编号。","","暂用原日常图，新画面计划待接入"
"慕南栀","日常","sfw","9","慕南栀/sfw/9.png","https://cdn.jsdelivr.net/gh/lsr756480586-dev/baicao-images@main/%E6%85%95%E5%8D%97%E6%A0%80/sfw/9.png","https://cdn.jsdelivr.net/gh/Yehehua1311/mu-pig@main/%E8%8B%8D%E7%A9%B9/sfw/%E8%8B%8D%E7%A9%B9_sfw_9.png","人物实际在场，进行园务汇报、种粮育药、修器织染、用餐饮茶或公开会面，且画面适合当前情节。","慕南栀在院门接待实际到访的来客；半身构图，突出人物与关键物件；正常衣着、非露骨画面。","仅在上述场景实际发生、慕南栀确实到场、相关同席者也实际在场，且已接入的正常新图与该画面吻合时，输出[慕南栀][sfw][9]。未换图或场景不符时不调用此编号。","","暂用原日常图，新画面计划待接入"
"慕南栀","诊疗照护","肛交","1","慕南栀/肛交/1.png","https://cdn.jsdelivr.net/gh/lsr756480586-dev/baicao-images@main/%E6%85%95%E5%8D%97%E6%A0%80/%E8%82%9B%E4%BA%A4/1.png","https://cdn.jsdelivr.net/gh/Yehehua1311/mu-pig@main/%E8%8B%8D%E7%A9%B9/nsfw/%E8%82%9B%E4%BA%A4/%E8%8B%8D%E7%A9%B9_nsfw_%E8%82%9B%E4%BA%A4_1.png","人物实际在场，在药房、诊室或休养房间接受诊察、包扎、调息指导，或照料另一名同处室内的成员；使用正常衣着和非露骨画面。","慕南栀在药房接受药师询问，保持正常衣着；半身构图，突出人物与关键物件；正常衣着、非露骨画面。","仅在上述场景实际发生、慕南栀确实到场、相关同席者也实际在场，且已接入的正常新图与该画面吻合时，输出[慕南栀][肛交][1]。未换图或场景不符时不调用此编号。","","正常图片待接入"
"慕南栀","诊疗照护","肛交","2","慕南栀/肛交/2.png","https://cdn.jsdelivr.net/gh/lsr756480586-dev/baicao-images@main/%E6%85%95%E5%8D%97%E6%A0%80/%E8%82%9B%E4%BA%A4/2.png","https://cdn.jsdelivr.net/gh/Yehehua1311/mu-pig@main/%E8%8B%8D%E7%A9%B9/nsfw/%E8%82%9B%E4%BA%A4/%E8%8B%8D%E7%A9%B9_nsfw_%E8%82%9B%E4%BA%A4_2.png","人物实际在场，在药房、诊室或休养房间接受诊察、包扎、调息指导，或照料另一名同处室内的成员；使用正常衣着和非露骨画面。","慕南栀在诊室就座，由医者检查手臂上的小伤；半身构图，突出人物与关键物件；正常衣着、非露骨画面。","仅在上述场景实际发生、慕南栀确实到场、相关同席者也实际在场，且已接入的正常新图与该画面吻合时，输出[慕南栀][肛交][2]。未换图或场景不符时不调用此编号。","","正常图片待接入"
"慕南栀","诊疗照护","肛交","3","慕南栀/肛交/3.png","https://cdn.jsdelivr.net/gh/lsr756480586-dev/baicao-images@main/%E6%85%95%E5%8D%97%E6%A0%80/%E8%82%9B%E4%BA%A4/3.png","https://cdn.jsdelivr.net/gh/Yehehua1311/mu-pig@main/%E8%8B%8D%E7%A9%B9/nsfw/%E8%82%9B%E4%BA%A4/%E8%8B%8D%E7%A9%B9_nsfw_%E8%82%9B%E4%BA%A4_3.png","人物实际在场，在药房、诊室或休养房间接受诊察、包扎、调息指导，或照料另一名同处室内的成员；使用正常衣着和非露骨画面。","慕南栀在休养房间接过温水与药盏；半身构图，突出人物与关键物件；正常衣着、非露骨画面。","仅在上述场景实际发生、慕南栀确实到场、相关同席者也实际在场，且已接入的正常新图与该画面吻合时，输出[慕南栀][肛交][3]。未换图或场景不符时不调用此编号。","","正常图片待接入"
"慕南栀","诊疗照护","肛交","4","慕南栀/肛交/4.png","https://cdn.jsdelivr.net/gh/lsr756480586-dev/baicao-images@main/%E6%85%95%E5%8D%97%E6%A0%80/%E8%82%9B%E4%BA%A4/4.png","https://cdn.jsdelivr.net/gh/Yehehua1311/mu-pig@main/%E8%8B%8D%E7%A9%B9/nsfw/%E8%82%9B%E4%BA%A4/%E8%8B%8D%E7%A9%B9_nsfw_%E8%82%9B%E4%BA%A4_4.png","人物实际在场，在药房、诊室或休养房间接受诊察、包扎、调息指导，或照料另一名同处室内的成员；使用正常衣着和非露骨画面。","慕南栀在医者指导下安静调息；半身构图，突出人物与关键物件；正常衣着、非露骨画面。","仅在上述场景实际发生、慕南栀确实到场、相关同席者也实际在场，且已接入的正常新图与该画面吻合时，输出[慕南栀][肛交][4]。未换图或场景不符时不调用此编号。","","正常图片待接入"
"慕南栀","诊疗照护","肛交","5","慕南栀/肛交/5.png","https://cdn.jsdelivr.net/gh/lsr756480586-dev/baicao-images@main/%E6%85%95%E5%8D%97%E6%A0%80/%E8%82%9B%E4%BA%A4/5.png","https://cdn.jsdelivr.net/gh/Yehehua1311/mu-pig@main/%E8%8B%8D%E7%A9%B9/nsfw/%E8%82%9B%E4%BA%A4/%E8%8B%8D%E7%A9%B9_nsfw_%E8%82%9B%E4%BA%A4_5.png","人物实际在场，在药房、诊室或休养房间接受诊察、包扎、调息指导，或照料另一名同处室内的成员；使用正常衣着和非露骨画面。","慕南栀在室内为另一位实际到场的成员递送药包；半身构图，突出人物与关键物件；正常衣着、非露骨画面。","仅在上述场景实际发生、慕南栀确实到场、相关同席者也实际在场，且已接入的正常新图与该画面吻合时，输出[慕南栀][肛交][5]。未换图或场景不符时不调用此编号。","","正常图片待接入"
"慕南栀","诊疗照护","肛交","6","慕南栀/肛交/6.png","https://cdn.jsdelivr.net/gh/lsr756480586-dev/baicao-images@main/%E6%85%95%E5%8D%97%E6%A0%80/%E8%82%9B%E4%BA%A4/6.png","https://cdn.jsdelivr.net/gh/Yehehua1311/mu-pig@main/%E8%8B%8D%E7%A9%B9/nsfw/%E8%82%9B%E4%BA%A4/%E8%8B%8D%E7%A9%B9_nsfw_%E8%82%9B%E4%BA%A4_6.png","人物实际在场，在药房、诊室或休养房间接受诊察、包扎、调息指导，或照料另一名同处室内的成员；使用正常衣着和非露骨画面。","慕南栀在休养室靠枕休息，室内有人陪伴；半身构图，突出人物与关键物件；正常衣着、非露骨画面。","仅在上述场景实际发生、慕南栀确实到场、相关同席者也实际在场，且已接入的正常新图与该画面吻合时，输出[慕南栀][肛交][6]。未换图或场景不符时不调用此编号。","","正常图片待接入"
"慕南栀","诊疗照护","肛交","7","慕南栀/肛交/7.png","https://cdn.jsdelivr.net/gh/lsr756480586-dev/baicao-images@main/%E6%85%95%E5%8D%97%E6%A0%80/%E8%82%9B%E4%BA%A4/7.png","https://cdn.jsdelivr.net/gh/Yehehua1311/mu-pig@main/%E8%8B%8D%E7%A9%B9/nsfw/%E8%82%9B%E4%BA%A4/%E8%8B%8D%E7%A9%B9_nsfw_%E8%82%9B%E4%BA%A4_7.png","人物实际在场，在药房、诊室或休养房间接受诊察、包扎、调息指导，或照料另一名同处室内的成员；使用正常衣着和非露骨画面。","慕南栀在诊室核对实际处方和复诊安排；半身构图，突出人物与关键物件；正常衣着、非露骨画面。","仅在上述场景实际发生、慕南栀确实到场、相关同席者也实际在场，且已接入的正常新图与该画面吻合时，输出[慕南栀][肛交][7]。未换图或场景不符时不调用此编号。","","正常图片待接入"
"慕南栀","出行护送","足交","1","慕南栀/足交/1.png","https://cdn.jsdelivr.net/gh/lsr756480586-dev/baicao-images@main/%E6%85%95%E5%8D%97%E6%A0%80/%E8%B6%B3%E4%BA%A4/1.png","https://cdn.jsdelivr.net/gh/Yehehua1311/mu-pig@main/%E8%8B%8D%E7%A9%B9/nsfw/%E8%B6%B3%E4%BA%A4/%E8%8B%8D%E7%A9%B9_nsfw_%E8%B6%B3%E4%BA%A4_1.png","人物实际随队采购、护送流民、巡守或赶路，并出现与图片对应的出发、行进、避雨、歇脚或归来情境。","慕南栀在百草园院门核对出行物品后准备出发；半身构图，突出人物与关键物件；正常衣着、非露骨画面。","仅在上述场景实际发生、慕南栀确实到场、相关同席者也实际在场，且已接入的正常新图与该画面吻合时，输出[慕南栀][足交][1]。未换图或场景不符时不调用此编号。","","正常图片待接入"
"慕南栀","出行护送","足交","2","慕南栀/足交/2.png","https://cdn.jsdelivr.net/gh/lsr756480586-dev/baicao-images@main/%E6%85%95%E5%8D%97%E6%A0%80/%E8%B6%B3%E4%BA%A4/2.png","https://cdn.jsdelivr.net/gh/Yehehua1311/mu-pig@main/%E8%8B%8D%E7%A9%B9/nsfw/%E8%B6%B3%E4%BA%A4/%E8%8B%8D%E7%A9%B9_nsfw_%E8%B6%B3%E4%BA%A4_2.png","人物实际随队采购、护送流民、巡守或赶路，并出现与图片对应的出发、行进、避雨、歇脚或归来情境。","慕南栀在白帝城街道随队采购；半身构图，突出人物与关键物件；正常衣着、非露骨画面。","仅在上述场景实际发生、慕南栀确实到场、相关同席者也实际在场，且已接入的正常新图与该画面吻合时，输出[慕南栀][足交][2]。未换图或场景不符时不调用此编号。","","正常图片待接入"
"慕南栀","出行护送","足交","3","慕南栀/足交/3.png","https://cdn.jsdelivr.net/gh/lsr756480586-dev/baicao-images@main/%E6%85%95%E5%8D%97%E6%A0%80/%E8%B6%B3%E4%BA%A4/3.png","https://cdn.jsdelivr.net/gh/Yehehua1311/mu-pig@main/%E8%8B%8D%E7%A9%B9/nsfw/%E8%B6%B3%E4%BA%A4/%E8%8B%8D%E7%A9%B9_nsfw_%E8%B6%B3%E4%BA%A4_3.png","人物实际随队采购、护送流民、巡守或赶路，并出现与图片对应的出发、行进、避雨、歇脚或归来情境。","慕南栀在青州城城门与同行者核对路引；半身构图，突出人物与关键物件；正常衣着、非露骨画面。","仅在上述场景实际发生、慕南栀确实到场、相关同席者也实际在场，且已接入的正常新图与该画面吻合时，输出[慕南栀][足交][3]。未换图或场景不符时不调用此编号。","","正常图片待接入"
"慕南栀","出行护送","足交","4","慕南栀/足交/4.png","https://cdn.jsdelivr.net/gh/lsr756480586-dev/baicao-images@main/%E6%85%95%E5%8D%97%E6%A0%80/%E8%B6%B3%E4%BA%A4/4.png","https://cdn.jsdelivr.net/gh/Yehehua1311/mu-pig@main/%E8%8B%8D%E7%A9%B9/nsfw/%E8%B6%B3%E4%BA%A4/%E8%8B%8D%E7%A9%B9_nsfw_%E8%B6%B3%E4%BA%A4_4.png","人物实际随队采购、护送流民、巡守或赶路，并出现与图片对应的出发、行进、避雨、歇脚或归来情境。","慕南栀在商路途中与队伍短暂停步；半身构图，突出人物与关键物件；正常衣着、非露骨画面。","仅在上述场景实际发生、慕南栀确实到场、相关同席者也实际在场，且已接入的正常新图与该画面吻合时，输出[慕南栀][足交][4]。未换图或场景不符时不调用此编号。","","正常图片待接入"
"慕南栀","出行护送","足交","5","慕南栀/足交/5.png","https://cdn.jsdelivr.net/gh/lsr756480586-dev/baicao-images@main/%E6%85%95%E5%8D%97%E6%A0%80/%E8%B6%B3%E4%BA%A4/5.png","https://cdn.jsdelivr.net/gh/Yehehua1311/mu-pig@main/%E8%8B%8D%E7%A9%B9/nsfw/%E8%B6%B3%E4%BA%A4/%E8%8B%8D%E7%A9%B9_nsfw_%E8%B6%B3%E4%BA%A4_5.png","人物实际随队采购、护送流民、巡守或赶路，并出现与图片对应的出发、行进、避雨、歇脚或归来情境。","慕南栀在客栈厅内查看实际路线与药方；半身构图，突出人物与关键物件；正常衣着、非露骨画面。","仅在上述场景实际发生、慕南栀确实到场、相关同席者也实际在场，且已接入的正常新图与该画面吻合时，输出[慕南栀][足交][5]。未换图或场景不符时不调用此编号。","","正常图片待接入"
"慕南栀","出行护送","足交","6","慕南栀/足交/6.png","https://cdn.jsdelivr.net/gh/lsr756480586-dev/baicao-images@main/%E6%85%95%E5%8D%97%E6%A0%80/%E8%B6%B3%E4%BA%A4/6.png","https://cdn.jsdelivr.net/gh/Yehehua1311/mu-pig@main/%E8%8B%8D%E7%A9%B9/nsfw/%E8%B6%B3%E4%BA%A4/%E8%8B%8D%E7%A9%B9_nsfw_%E8%B6%B3%E4%BA%A4_6.png","人物实际随队采购、护送流民、巡守或赶路，并出现与图片对应的出发、行进、避雨、歇脚或归来情境。","慕南栀在有顶棚的驿站与同行者避雨；半身构图，突出人物与关键物件；正常衣着、非露骨画面。","仅在上述场景实际发生、慕南栀确实到场、相关同席者也实际在场，且已接入的正常新图与该画面吻合时，输出[慕南栀][足交][6]。未换图或场景不符时不调用此编号。","","正常图片待接入"
"慕南栀","私室交谈","口交","1","慕南栀/口交/1.png","https://cdn.jsdelivr.net/gh/lsr756480586-dev/baicao-images@main/%E6%85%95%E5%8D%97%E6%A0%80/%E5%8F%A3%E4%BA%A4/1.png","https://cdn.jsdelivr.net/gh/Yehehua1311/mu-pig@main/%E8%8B%8D%E7%A9%B9/nsfw/%E5%8F%A3%E4%BA%A4/%E8%8B%8D%E7%A9%B9_nsfw_%E5%8F%A3%E4%BA%A4_1.png","人物与园主或其他成员确实共同处于书房、茶间、休息室或客房，进行商议、倾诉旧事、解释顾虑或表达关心；亲近按既定人物关系发展。","慕南栀在私人书房与园主同看药方；半身构图，突出人物与关键物件；正常衣着、非露骨画面。","仅在上述场景实际发生、慕南栀确实到场、相关同席者也实际在场，且已接入的正常新图与该画面吻合时，输出[慕南栀][口交][1]。未换图或场景不符时不调用此编号。","","正常图片待接入"
"慕南栀","私室交谈","口交","2","慕南栀/口交/2.png","https://cdn.jsdelivr.net/gh/lsr756480586-dev/baicao-images@main/%E6%85%95%E5%8D%97%E6%A0%80/%E5%8F%A3%E4%BA%A4/2.png","https://cdn.jsdelivr.net/gh/Yehehua1311/mu-pig@main/%E8%8B%8D%E7%A9%B9/nsfw/%E5%8F%A3%E4%BA%A4/%E8%8B%8D%E7%A9%B9_nsfw_%E5%8F%A3%E4%BA%A4_2.png","人物与园主或其他成员确实共同处于书房、茶间、休息室或客房，进行商议、倾诉旧事、解释顾虑或表达关心；亲近按既定人物关系发展。","慕南栀在室内茶间说起个人生活愿望；半身构图，突出人物与关键物件；正常衣着、非露骨画面。","仅在上述场景实际发生、慕南栀确实到场、相关同席者也实际在场，且已接入的正常新图与该画面吻合时，输出[慕南栀][口交][2]。未换图或场景不符时不调用此编号。","","正常图片待接入"
"慕南栀","私室交谈","口交","3","慕南栀/口交/3.png","https://cdn.jsdelivr.net/gh/lsr756480586-dev/baicao-images@main/%E6%85%95%E5%8D%97%E6%A0%80/%E5%8F%A3%E4%BA%A4/3.png","https://cdn.jsdelivr.net/gh/Yehehua1311/mu-pig@main/%E8%8B%8D%E7%A9%B9/nsfw/%E5%8F%A3%E4%BA%A4/%E8%8B%8D%E7%A9%B9_nsfw_%E5%8F%A3%E4%BA%A4_3.png","人物与园主或其他成员确实共同处于书房、茶间、休息室或客房，进行商议、倾诉旧事、解释顾虑或表达关心；亲近按既定人物关系发展。","慕南栀在住处待客间谈论已经发生的旧事；半身构图，突出人物与关键物件；正常衣着、非露骨画面。","仅在上述场景实际发生、慕南栀确实到场、相关同席者也实际在场，且已接入的正常新图与该画面吻合时，输出[慕南栀][口交][3]。未换图或场景不符时不调用此编号。","","正常图片待接入"
"慕南栀","私室交谈","口交","4","慕南栀/口交/4.png","https://cdn.jsdelivr.net/gh/lsr756480586-dev/baicao-images@main/%E6%85%95%E5%8D%97%E6%A0%80/%E5%8F%A3%E4%BA%A4/4.png","https://cdn.jsdelivr.net/gh/Yehehua1311/mu-pig@main/%E8%8B%8D%E7%A9%B9/nsfw/%E5%8F%A3%E4%BA%A4/%E8%8B%8D%E7%A9%B9_nsfw_%E5%8F%A3%E4%BA%A4_4.png","人物与园主或其他成员确实共同处于书房、茶间、休息室或客房，进行商议、倾诉旧事、解释顾虑或表达关心；亲近按既定人物关系发展。","慕南栀在关门的休息室说明工作顾虑；半身构图，突出人物与关键物件；正常衣着、非露骨画面。","仅在上述场景实际发生、慕南栀确实到场、相关同席者也实际在场，且已接入的正常新图与该画面吻合时，输出[慕南栀][口交][4]。未换图或场景不符时不调用此编号。","","正常图片待接入"
"慕南栀","私室交谈","口交","5","慕南栀/口交/5.png","https://cdn.jsdelivr.net/gh/lsr756480586-dev/baicao-images@main/%E6%85%95%E5%8D%97%E6%A0%80/%E5%8F%A3%E4%BA%A4/5.png","https://cdn.jsdelivr.net/gh/Yehehua1311/mu-pig@main/%E8%8B%8D%E7%A9%B9/nsfw/%E5%8F%A3%E4%BA%A4/%E8%8B%8D%E7%A9%B9_nsfw_%E5%8F%A3%E4%BA%A4_5.png","人物与园主或其他成员确实共同处于书房、茶间、休息室或客房，进行商议、倾诉旧事、解释顾虑或表达关心；亲近按既定人物关系发展。","慕南栀在私人小厅向园主解释一场实际争议；半身构图，突出人物与关键物件；正常衣着、非露骨画面。","仅在上述场景实际发生、慕南栀确实到场、相关同席者也实际在场，且已接入的正常新图与该画面吻合时，输出[慕南栀][口交][5]。未换图或场景不符时不调用此编号。","","正常图片待接入"
"慕南栀","协作修习","性交","1","慕南栀/性交/1.png","https://cdn.jsdelivr.net/gh/lsr756480586-dev/baicao-images@main/%E6%85%95%E5%8D%97%E6%A0%80/%E6%80%A7%E4%BA%A4/1.png","https://cdn.jsdelivr.net/gh/Yehehua1311/mu-pig@main/%E8%8B%8D%E7%A9%B9/nsfw/%E6%80%A7%E4%BA%A4/%E8%8B%8D%E7%A9%B9_nsfw_%E6%80%A7%E4%BA%A4_1.png","人物实际在场，共同研习术法、调试符器、练剑、试制农具兵器或协作完成一项工作，出现与图片对应的操作、指点或成果展示。","慕南栀在工作间与同席者核对药方的操作或记录步骤；半身构图，突出人物与关键物件；正常衣着、非露骨画面。","仅在上述场景实际发生、慕南栀确实到场、相关同席者也实际在场，且已接入的正常新图与该画面吻合时，输出[慕南栀][性交][1]。未换图或场景不符时不调用此编号。","","正常图片待接入"
"慕南栀","协作修习","性交","2","慕南栀/性交/2.png","https://cdn.jsdelivr.net/gh/lsr756480586-dev/baicao-images@main/%E6%85%95%E5%8D%97%E6%A0%80/%E6%80%A7%E4%BA%A4/2.png","https://cdn.jsdelivr.net/gh/Yehehua1311/mu-pig@main/%E8%8B%8D%E7%A9%B9/nsfw/%E6%80%A7%E4%BA%A4/%E8%8B%8D%E7%A9%B9_nsfw_%E6%80%A7%E4%BA%A4_2.png","人物实际在场，共同研习术法、调试符器、练剑、试制农具兵器或协作完成一项工作，出现与图片对应的操作、指点或成果展示。","慕南栀在室内向园主展示与草药包有关的专业方法；半身构图，突出人物与关键物件；正常衣着、非露骨画面。","仅在上述场景实际发生、慕南栀确实到场、相关同席者也实际在场，且已接入的正常新图与该画面吻合时，输出[慕南栀][性交][2]。未换图或场景不符时不调用此编号。","","正常图片待接入"
"慕南栀","协作修习","性交","3","慕南栀/性交/3.png","https://cdn.jsdelivr.net/gh/lsr756480586-dev/baicao-images@main/%E6%85%95%E5%8D%97%E6%A0%80/%E6%80%A7%E4%BA%A4/3.png","https://cdn.jsdelivr.net/gh/Yehehua1311/mu-pig@main/%E8%8B%8D%E7%A9%B9/nsfw/%E6%80%A7%E4%BA%A4/%E8%8B%8D%E7%A9%B9_nsfw_%E6%80%A7%E4%BA%A4_3.png","人物实际在场，共同研习术法、调试符器、练剑、试制农具兵器或协作完成一项工作，出现与图片对应的操作、指点或成果展示。","慕南栀在工坊参与一项已有能力范围内的协作任务；半身构图，突出人物与关键物件；正常衣着、非露骨画面。","仅在上述场景实际发生、慕南栀确实到场、相关同席者也实际在场，且已接入的正常新图与该画面吻合时，输出[慕南栀][性交][3]。未换图或场景不符时不调用此编号。","","正常图片待接入"
"慕南栀","协作修习","性交","4","慕南栀/性交/4.png","https://cdn.jsdelivr.net/gh/lsr756480586-dev/baicao-images@main/%E6%85%95%E5%8D%97%E6%A0%80/%E6%80%A7%E4%BA%A4/4.png","https://cdn.jsdelivr.net/gh/Yehehua1311/mu-pig@main/%E8%8B%8D%E7%A9%B9/nsfw/%E6%80%A7%E4%BA%A4/%E8%8B%8D%E7%A9%B9_nsfw_%E6%80%A7%E4%BA%A4_4.png","人物实际在场，共同研习术法、调试符器、练剑、试制农具兵器或协作完成一项工作，出现与图片对应的操作、指点或成果展示。","慕南栀在书房与同席者共同推演诊簿；半身构图，突出人物与关键物件；正常衣着、非露骨画面。","仅在上述场景实际发生、慕南栀确实到场、相关同席者也实际在场，且已接入的正常新图与该画面吻合时，输出[慕南栀][性交][4]。未换图或场景不符时不调用此编号。","","正常图片待接入"
"慕南栀","协作修习","性交","5","慕南栀/性交/5.png","https://cdn.jsdelivr.net/gh/lsr756480586-dev/baicao-images@main/%E6%85%95%E5%8D%97%E6%A0%80/%E6%80%A7%E4%BA%A4/5.png","https://cdn.jsdelivr.net/gh/Yehehua1311/mu-pig@main/%E8%8B%8D%E7%A9%B9/nsfw/%E6%80%A7%E4%BA%A4/%E8%8B%8D%E7%A9%B9_nsfw_%E6%80%A7%E4%BA%A4_5.png","人物实际在场，共同研习术法、调试符器、练剑、试制农具兵器或协作完成一项工作，出现与图片对应的操作、指点或成果展示。","慕南栀在练习室学习基础护身动作，不额外获得高阶能力；半身构图，突出人物与关键物件；正常衣着、非露骨画面。","仅在上述场景实际发生、慕南栀确实到场、相关同席者也实际在场，且已接入的正常新图与该画面吻合时，输出[慕南栀][性交][5]。未换图或场景不符时不调用此编号。","","正常图片待接入"
"慕南栀","协作修习","性交","6","慕南栀/性交/6.png","https://cdn.jsdelivr.net/gh/lsr756480586-dev/baicao-images@main/%E6%85%95%E5%8D%97%E6%A0%80/%E6%80%A7%E4%BA%A4/6.png","https://cdn.jsdelivr.net/gh/Yehehua1311/mu-pig@main/%E8%8B%8D%E7%A9%B9/nsfw/%E6%80%A7%E4%BA%A4/%E8%8B%8D%E7%A9%B9_nsfw_%E6%80%A7%E4%BA%A4_6.png","人物实际在场，共同研习术法、调试符器、练剑、试制农具兵器或协作完成一项工作，出现与图片对应的操作、指点或成果展示。","慕南栀在工作台旁协助记录一次实际测试结果；半身构图，突出人物与关键物件；正常衣着、非露骨画面。","仅在上述场景实际发生、慕南栀确实到场、相关同席者也实际在场，且已接入的正常新图与该画面吻合时，输出[慕南栀][性交][6]。未换图或场景不符时不调用此编号。","","正常图片待接入"
"慕南栀","协作修习","性交","7","慕南栀/性交/7.png","https://cdn.jsdelivr.net/gh/lsr756480586-dev/baicao-images@main/%E6%85%95%E5%8D%97%E6%A0%80/%E6%80%A7%E4%BA%A4/7.png","https://cdn.jsdelivr.net/gh/Yehehua1311/mu-pig@main/%E8%8B%8D%E7%A9%B9/nsfw/%E6%80%A7%E4%BA%A4/%E8%8B%8D%E7%A9%B9_nsfw_%E6%80%A7%E4%BA%A4_7.png","人物实际在场，共同研习术法、调试符器、练剑、试制农具兵器或协作完成一项工作，出现与图片对应的操作、指点或成果展示。","慕南栀在室内向实际到场的成员请教一个具体问题；半身构图，突出人物与关键物件；正常衣着、非露骨画面。","仅在上述场景实际发生、慕南栀确实到场、相关同席者也实际在场，且已接入的正常新图与该画面吻合时，输出[慕南栀][性交][7]。未换图或场景不符时不调用此编号。","","正常图片待接入"
"怀庆","立绘","","","怀庆/立绘.png","https://cdn.jsdelivr.net/gh/lsr756480586-dev/baicao-images@main/%E6%80%80%E5%BA%86/%E7%AB%8B%E7%BB%98.png","https://cdn.jsdelivr.net/gh/Yehehua1311/mu-pig@main/%E5%87%AF%E8%8E%89%C2%B7%E9%9C%B2%E6%98%93%E4%B8%9D/sfw/%E5%87%AF%E8%8E%89%C2%B7%E9%9C%B2%E6%98%93%E4%B8%9D_sfw_2.png","在人物菜单、状态栏或人物图库中显示该人物时使用。","怀庆身着已确定的日常衣装，正面人物立绘，背景简洁。","人物菜单、状态栏或图库实际显示该人物时使用。","","立绘"
"怀庆","日常","sfw","1","怀庆/sfw/1.png","https://cdn.jsdelivr.net/gh/lsr756480586-dev/baicao-images@main/%E6%80%80%E5%BA%86/sfw/1.png","https://cdn.jsdelivr.net/gh/Yehehua1311/mu-pig@main/%E5%87%AF%E8%8E%89%C2%B7%E9%9C%B2%E6%98%93%E4%B8%9D/sfw/%E5%87%AF%E8%8E%89%C2%B7%E9%9C%B2%E6%98%93%E4%B8%9D_sfw_1.png","人物实际在场，进行园务汇报、种粮育药、修器织染、用餐饮茶或公开会面，且画面适合当前情节。","怀庆在岗位工作间展示值事簿并汇报进展；半身构图，突出人物与关键物件；正常衣着、非露骨画面。","仅在上述场景实际发生、怀庆确实到场、相关同席者也实际在场，且已接入的正常新图与该画面吻合时，输出[怀庆][sfw][1]。未换图或场景不符时不调用此编号。","","暂用原日常图，新画面计划待接入"
"怀庆","日常","sfw","2","怀庆/sfw/2.png","https://cdn.jsdelivr.net/gh/lsr756480586-dev/baicao-images@main/%E6%80%80%E5%BA%86/sfw/2.png","https://cdn.jsdelivr.net/gh/Yehehua1311/mu-pig@main/%E5%87%AF%E8%8E%89%C2%B7%E9%9C%B2%E6%98%93%E4%B8%9D/sfw/%E5%87%AF%E8%8E%89%C2%B7%E9%9C%B2%E6%98%93%E4%B8%9D_sfw_2.png","人物实际在场，进行园务汇报、种粮育药、修器织染、用餐饮茶或公开会面，且画面适合当前情节。","怀庆在室内茶间准备清茶；半身构图，突出人物与关键物件；正常衣着、非露骨画面。","仅在上述场景实际发生、怀庆确实到场、相关同席者也实际在场，且已接入的正常新图与该画面吻合时，输出[怀庆][sfw][2]。未换图或场景不符时不调用此编号。","","暂用原日常图，新画面计划待接入"
"怀庆","日常","sfw","3","怀庆/sfw/3.png","https://cdn.jsdelivr.net/gh/lsr756480586-dev/baicao-images@main/%E6%80%80%E5%BA%86/sfw/3.png","https://cdn.jsdelivr.net/gh/Yehehua1311/mu-pig@main/%E5%87%AF%E8%8E%89%C2%B7%E9%9C%B2%E6%98%93%E4%B8%9D/sfw/%E5%87%AF%E8%8E%89%C2%B7%E9%9C%B2%E6%98%93%E4%B8%9D_sfw_3.png","人物实际在场，进行园务汇报、种粮育药、修器织染、用餐饮茶或公开会面，且画面适合当前情节。","怀庆在窗边翻阅与来客名帖有关的记录；半身构图，突出人物与关键物件；正常衣着、非露骨画面。","仅在上述场景实际发生、怀庆确实到场、相关同席者也实际在场，且已接入的正常新图与该画面吻合时，输出[怀庆][sfw][3]。未换图或场景不符时不调用此编号。","","暂用原日常图，新画面计划待接入"
"怀庆","日常","sfw","4","怀庆/sfw/4.png","https://cdn.jsdelivr.net/gh/lsr756480586-dev/baicao-images@main/%E6%80%80%E5%BA%86/sfw/4.png","https://cdn.jsdelivr.net/gh/Yehehua1311/mu-pig@main/%E5%87%AF%E8%8E%89%C2%B7%E9%9C%B2%E6%98%93%E4%B8%9D/sfw/%E5%87%AF%E8%8E%89%C2%B7%E9%9C%B2%E6%98%93%E4%B8%9D_sfw_4.png","人物实际在场，进行园务汇报、种粮育药、修器织染、用餐饮茶或公开会面，且画面适合当前情节。","怀庆在工作结束后收整排班纸；半身构图，突出人物与关键物件；正常衣着、非露骨画面。","仅在上述场景实际发生、怀庆确实到场、相关同席者也实际在场，且已接入的正常新图与该画面吻合时，输出[怀庆][sfw][4]。未换图或场景不符时不调用此编号。","","暂用原日常图，新画面计划待接入"
"怀庆","日常","sfw","5","怀庆/sfw/5.png","https://cdn.jsdelivr.net/gh/lsr756480586-dev/baicao-images@main/%E6%80%80%E5%BA%86/sfw/5.png","https://cdn.jsdelivr.net/gh/Yehehua1311/mu-pig@main/%E5%87%AF%E8%8E%89%C2%B7%E9%9C%B2%E6%98%93%E4%B8%9D/sfw/%E5%87%AF%E8%8E%89%C2%B7%E9%9C%B2%E6%98%93%E4%B8%9D_sfw_5.png","人物实际在场，进行园务汇报、种粮育药、修器织染、用餐饮茶或公开会面，且画面适合当前情节。","怀庆在白帝城商铺挑选生活物资；半身构图，突出人物与关键物件；正常衣着、非露骨画面。","仅在上述场景实际发生、怀庆确实到场、相关同席者也实际在场，且已接入的正常新图与该画面吻合时，输出[怀庆][sfw][5]。未换图或场景不符时不调用此编号。","","暂用原日常图，新画面计划待接入"
"怀庆","日常","sfw","6","怀庆/sfw/6.png","https://cdn.jsdelivr.net/gh/lsr756480586-dev/baicao-images@main/%E6%80%80%E5%BA%86/sfw/6.png","https://cdn.jsdelivr.net/gh/Yehehua1311/mu-pig@main/%E5%87%AF%E8%8E%89%C2%B7%E9%9C%B2%E6%98%93%E4%B8%9D/sfw/%E5%87%AF%E8%8E%89%C2%B7%E9%9C%B2%E6%98%93%E4%B8%9D_sfw_6.png","人物实际在场，进行园务汇报、种粮育药、修器织染、用餐饮茶或公开会面，且画面适合当前情节。","怀庆在青州城客栈核对随身物品；半身构图，突出人物与关键物件；正常衣着、非露骨画面。","仅在上述场景实际发生、怀庆确实到场、相关同席者也实际在场，且已接入的正常新图与该画面吻合时，输出[怀庆][sfw][6]。未换图或场景不符时不调用此编号。","","暂用原日常图，新画面计划待接入"
"怀庆","诊疗照护","肛交","1","怀庆/肛交/1.png","https://cdn.jsdelivr.net/gh/lsr756480586-dev/baicao-images@main/%E6%80%80%E5%BA%86/%E8%82%9B%E4%BA%A4/1.png","https://cdn.jsdelivr.net/gh/Yehehua1311/mu-pig@main/%E5%87%AF%E8%8E%89%C2%B7%E9%9C%B2%E6%98%93%E4%B8%9D/nsfw/%E8%82%9B%E4%BA%A4/%E5%87%AF%E8%8E%89%C2%B7%E9%9C%B2%E6%98%93%E4%B8%9D_nsfw_%E8%82%9B%E4%BA%A4_1.png","人物实际在场，在药房、诊室或休养房间接受诊察、包扎、调息指导，或照料另一名同处室内的成员；使用正常衣着和非露骨画面。","怀庆在药房接受药师询问，保持正常衣着；半身构图，突出人物与关键物件；正常衣着、非露骨画面。","仅在上述场景实际发生、怀庆确实到场、相关同席者也实际在场，且已接入的正常新图与该画面吻合时，输出[怀庆][肛交][1]。未换图或场景不符时不调用此编号。","","正常图片待接入"
"怀庆","诊疗照护","肛交","2","怀庆/肛交/2.png","https://cdn.jsdelivr.net/gh/lsr756480586-dev/baicao-images@main/%E6%80%80%E5%BA%86/%E8%82%9B%E4%BA%A4/2.png","https://cdn.jsdelivr.net/gh/Yehehua1311/mu-pig@main/%E5%87%AF%E8%8E%89%C2%B7%E9%9C%B2%E6%98%93%E4%B8%9D/nsfw/%E8%82%9B%E4%BA%A4/%E5%87%AF%E8%8E%89%C2%B7%E9%9C%B2%E6%98%93%E4%B8%9D_nsfw_%E8%82%9B%E4%BA%A4_2.png","人物实际在场，在药房、诊室或休养房间接受诊察、包扎、调息指导，或照料另一名同处室内的成员；使用正常衣着和非露骨画面。","怀庆在诊室就座，由医者检查手臂上的小伤；半身构图，突出人物与关键物件；正常衣着、非露骨画面。","仅在上述场景实际发生、怀庆确实到场、相关同席者也实际在场，且已接入的正常新图与该画面吻合时，输出[怀庆][肛交][2]。未换图或场景不符时不调用此编号。","","正常图片待接入"
"怀庆","诊疗照护","肛交","3","怀庆/肛交/3.png","https://cdn.jsdelivr.net/gh/lsr756480586-dev/baicao-images@main/%E6%80%80%E5%BA%86/%E8%82%9B%E4%BA%A4/3.png","https://cdn.jsdelivr.net/gh/Yehehua1311/mu-pig@main/%E5%87%AF%E8%8E%89%C2%B7%E9%9C%B2%E6%98%93%E4%B8%9D/nsfw/%E8%82%9B%E4%BA%A4/%E5%87%AF%E8%8E%89%C2%B7%E9%9C%B2%E6%98%93%E4%B8%9D_nsfw_%E8%82%9B%E4%BA%A4_3.png","人物实际在场，在药房、诊室或休养房间接受诊察、包扎、调息指导，或照料另一名同处室内的成员；使用正常衣着和非露骨画面。","怀庆在休养房间接过温水与药盏；半身构图，突出人物与关键物件；正常衣着、非露骨画面。","仅在上述场景实际发生、怀庆确实到场、相关同席者也实际在场，且已接入的正常新图与该画面吻合时，输出[怀庆][肛交][3]。未换图或场景不符时不调用此编号。","","正常图片待接入"
"怀庆","诊疗照护","肛交","4","怀庆/肛交/4.png","https://cdn.jsdelivr.net/gh/lsr756480586-dev/baicao-images@main/%E6%80%80%E5%BA%86/%E8%82%9B%E4%BA%A4/4.png","https://cdn.jsdelivr.net/gh/Yehehua1311/mu-pig@main/%E5%87%AF%E8%8E%89%C2%B7%E9%9C%B2%E6%98%93%E4%B8%9D/nsfw/%E8%82%9B%E4%BA%A4/%E5%87%AF%E8%8E%89%C2%B7%E9%9C%B2%E6%98%93%E4%B8%9D_nsfw_%E8%82%9B%E4%BA%A4_4.png","人物实际在场，在药房、诊室或休养房间接受诊察、包扎、调息指导，或照料另一名同处室内的成员；使用正常衣着和非露骨画面。","怀庆在医者指导下安静调息；半身构图，突出人物与关键物件；正常衣着、非露骨画面。","仅在上述场景实际发生、怀庆确实到场、相关同席者也实际在场，且已接入的正常新图与该画面吻合时，输出[怀庆][肛交][4]。未换图或场景不符时不调用此编号。","","正常图片待接入"
"怀庆","诊疗照护","肛交","5","怀庆/肛交/5.png","https://cdn.jsdelivr.net/gh/lsr756480586-dev/baicao-images@main/%E6%80%80%E5%BA%86/%E8%82%9B%E4%BA%A4/5.png","https://cdn.jsdelivr.net/gh/Yehehua1311/mu-pig@main/%E5%87%AF%E8%8E%89%C2%B7%E9%9C%B2%E6%98%93%E4%B8%9D/nsfw/%E8%82%9B%E4%BA%A4/%E5%87%AF%E8%8E%89%C2%B7%E9%9C%B2%E6%98%93%E4%B8%9D_nsfw_%E8%82%9B%E4%BA%A4_5.png","人物实际在场，在药房、诊室或休养房间接受诊察、包扎、调息指导，或照料另一名同处室内的成员；使用正常衣着和非露骨画面。","怀庆在室内为另一位实际到场的成员递送药包；半身构图，突出人物与关键物件；正常衣着、非露骨画面。","仅在上述场景实际发生、怀庆确实到场、相关同席者也实际在场，且已接入的正常新图与该画面吻合时，输出[怀庆][肛交][5]。未换图或场景不符时不调用此编号。","","正常图片待接入"
"怀庆","诊疗照护","肛交","6","怀庆/肛交/6.png","https://cdn.jsdelivr.net/gh/lsr756480586-dev/baicao-images@main/%E6%80%80%E5%BA%86/%E8%82%9B%E4%BA%A4/6.png","https://cdn.jsdelivr.net/gh/Yehehua1311/mu-pig@main/%E5%87%AF%E8%8E%89%C2%B7%E9%9C%B2%E6%98%93%E4%B8%9D/nsfw/%E8%82%9B%E4%BA%A4/%E5%87%AF%E8%8E%89%C2%B7%E9%9C%B2%E6%98%93%E4%B8%9D_nsfw_%E8%82%9B%E4%BA%A4_6.png","人物实际在场，在药房、诊室或休养房间接受诊察、包扎、调息指导，或照料另一名同处室内的成员；使用正常衣着和非露骨画面。","怀庆在休养室靠枕休息，室内有人陪伴；半身构图，突出人物与关键物件；正常衣着、非露骨画面。","仅在上述场景实际发生、怀庆确实到场、相关同席者也实际在场，且已接入的正常新图与该画面吻合时，输出[怀庆][肛交][6]。未换图或场景不符时不调用此编号。","","正常图片待接入"
"怀庆","出行护送","足交","1","怀庆/足交/1.png","https://cdn.jsdelivr.net/gh/lsr756480586-dev/baicao-images@main/%E6%80%80%E5%BA%86/%E8%B6%B3%E4%BA%A4/1.png","https://cdn.jsdelivr.net/gh/Yehehua1311/mu-pig@main/%E5%87%AF%E8%8E%89%C2%B7%E9%9C%B2%E6%98%93%E4%B8%9D/nsfw/%E8%B6%B3%E4%BA%A4/%E5%87%AF%E8%8E%89%C2%B7%E9%9C%B2%E6%98%93%E4%B8%9D_nsfw_%E8%B6%B3%E4%BA%A4_1.png","人物实际随队采购、护送流民、巡守或赶路，并出现与图片对应的出发、行进、避雨、歇脚或归来情境。","怀庆在百草园院门核对出行物品后准备出发；半身构图，突出人物与关键物件；正常衣着、非露骨画面。","仅在上述场景实际发生、怀庆确实到场、相关同席者也实际在场，且已接入的正常新图与该画面吻合时，输出[怀庆][足交][1]。未换图或场景不符时不调用此编号。","","正常图片待接入"
"怀庆","出行护送","足交","2","怀庆/足交/2.png","https://cdn.jsdelivr.net/gh/lsr756480586-dev/baicao-images@main/%E6%80%80%E5%BA%86/%E8%B6%B3%E4%BA%A4/2.png","https://cdn.jsdelivr.net/gh/Yehehua1311/mu-pig@main/%E5%87%AF%E8%8E%89%C2%B7%E9%9C%B2%E6%98%93%E4%B8%9D/nsfw/%E8%B6%B3%E4%BA%A4/%E5%87%AF%E8%8E%89%C2%B7%E9%9C%B2%E6%98%93%E4%B8%9D_nsfw_%E8%B6%B3%E4%BA%A4_2.png","人物实际随队采购、护送流民、巡守或赶路，并出现与图片对应的出发、行进、避雨、歇脚或归来情境。","怀庆在白帝城街道随队采购；半身构图，突出人物与关键物件；正常衣着、非露骨画面。","仅在上述场景实际发生、怀庆确实到场、相关同席者也实际在场，且已接入的正常新图与该画面吻合时，输出[怀庆][足交][2]。未换图或场景不符时不调用此编号。","","正常图片待接入"
"怀庆","出行护送","足交","3","怀庆/足交/3.png","https://cdn.jsdelivr.net/gh/lsr756480586-dev/baicao-images@main/%E6%80%80%E5%BA%86/%E8%B6%B3%E4%BA%A4/3.png","https://cdn.jsdelivr.net/gh/Yehehua1311/mu-pig@main/%E5%87%AF%E8%8E%89%C2%B7%E9%9C%B2%E6%98%93%E4%B8%9D/nsfw/%E8%B6%B3%E4%BA%A4/%E5%87%AF%E8%8E%89%C2%B7%E9%9C%B2%E6%98%93%E4%B8%9D_nsfw_%E8%B6%B3%E4%BA%A4_3.png","人物实际随队采购、护送流民、巡守或赶路，并出现与图片对应的出发、行进、避雨、歇脚或归来情境。","怀庆在青州城城门与同行者核对路引；半身构图，突出人物与关键物件；正常衣着、非露骨画面。","仅在上述场景实际发生、怀庆确实到场、相关同席者也实际在场，且已接入的正常新图与该画面吻合时，输出[怀庆][足交][3]。未换图或场景不符时不调用此编号。","","正常图片待接入"
"怀庆","私室交谈","口交","1","怀庆/口交/1.png","https://cdn.jsdelivr.net/gh/lsr756480586-dev/baicao-images@main/%E6%80%80%E5%BA%86/%E5%8F%A3%E4%BA%A4/1.png","https://cdn.jsdelivr.net/gh/Yehehua1311/mu-pig@main/%E5%87%AF%E8%8E%89%C2%B7%E9%9C%B2%E6%98%93%E4%B8%9D/nsfw/%E5%8F%A3%E4%BA%A4/%E5%87%AF%E8%8E%89%C2%B7%E9%9C%B2%E6%98%93%E4%B8%9D_nsfw_%E5%8F%A3%E4%BA%A4_1.png","人物与园主或其他成员确实共同处于书房、茶间、休息室或客房，进行商议、倾诉旧事、解释顾虑或表达关心；亲近按既定人物关系发展。","怀庆在私人书房与园主同看值事簿；半身构图，突出人物与关键物件；正常衣着、非露骨画面。","仅在上述场景实际发生、怀庆确实到场、相关同席者也实际在场，且已接入的正常新图与该画面吻合时，输出[怀庆][口交][1]。未换图或场景不符时不调用此编号。","","正常图片待接入"
"怀庆","私室交谈","口交","2","怀庆/口交/2.png","https://cdn.jsdelivr.net/gh/lsr756480586-dev/baicao-images@main/%E6%80%80%E5%BA%86/%E5%8F%A3%E4%BA%A4/2.png","https://cdn.jsdelivr.net/gh/Yehehua1311/mu-pig@main/%E5%87%AF%E8%8E%89%C2%B7%E9%9C%B2%E6%98%93%E4%B8%9D/nsfw/%E5%8F%A3%E4%BA%A4/%E5%87%AF%E8%8E%89%C2%B7%E9%9C%B2%E6%98%93%E4%B8%9D_nsfw_%E5%8F%A3%E4%BA%A4_2.png","人物与园主或其他成员确实共同处于书房、茶间、休息室或客房，进行商议、倾诉旧事、解释顾虑或表达关心；亲近按既定人物关系发展。","怀庆在室内茶间说起个人生活愿望；半身构图，突出人物与关键物件；正常衣着、非露骨画面。","仅在上述场景实际发生、怀庆确实到场、相关同席者也实际在场，且已接入的正常新图与该画面吻合时，输出[怀庆][口交][2]。未换图或场景不符时不调用此编号。","","正常图片待接入"
"怀庆","私室交谈","口交","3","怀庆/口交/3.png","https://cdn.jsdelivr.net/gh/lsr756480586-dev/baicao-images@main/%E6%80%80%E5%BA%86/%E5%8F%A3%E4%BA%A4/3.png","https://cdn.jsdelivr.net/gh/Yehehua1311/mu-pig@main/%E5%87%AF%E8%8E%89%C2%B7%E9%9C%B2%E6%98%93%E4%B8%9D/nsfw/%E5%8F%A3%E4%BA%A4/%E5%87%AF%E8%8E%89%C2%B7%E9%9C%B2%E6%98%93%E4%B8%9D_nsfw_%E5%8F%A3%E4%BA%A4_3.png","人物与园主或其他成员确实共同处于书房、茶间、休息室或客房，进行商议、倾诉旧事、解释顾虑或表达关心；亲近按既定人物关系发展。","怀庆在住处待客间谈论已经发生的旧事；半身构图，突出人物与关键物件；正常衣着、非露骨画面。","仅在上述场景实际发生、怀庆确实到场、相关同席者也实际在场，且已接入的正常新图与该画面吻合时，输出[怀庆][口交][3]。未换图或场景不符时不调用此编号。","","正常图片待接入"
"怀庆","私室交谈","口交","4","怀庆/口交/4.png","https://cdn.jsdelivr.net/gh/lsr756480586-dev/baicao-images@main/%E6%80%80%E5%BA%86/%E5%8F%A3%E4%BA%A4/4.png","https://cdn.jsdelivr.net/gh/Yehehua1311/mu-pig@main/%E5%87%AF%E8%8E%89%C2%B7%E9%9C%B2%E6%98%93%E4%B8%9D/nsfw/%E5%8F%A3%E4%BA%A4/%E5%87%AF%E8%8E%89%C2%B7%E9%9C%B2%E6%98%93%E4%B8%9D_nsfw_%E5%8F%A3%E4%BA%A4_4.png","人物与园主或其他成员确实共同处于书房、茶间、休息室或客房，进行商议、倾诉旧事、解释顾虑或表达关心；亲近按既定人物关系发展。","怀庆在关门的休息室说明工作顾虑；半身构图，突出人物与关键物件；正常衣着、非露骨画面。","仅在上述场景实际发生、怀庆确实到场、相关同席者也实际在场，且已接入的正常新图与该画面吻合时，输出[怀庆][口交][4]。未换图或场景不符时不调用此编号。","","正常图片待接入"
"怀庆","私室交谈","口交","5","怀庆/口交/5.png","https://cdn.jsdelivr.net/gh/lsr756480586-dev/baicao-images@main/%E6%80%80%E5%BA%86/%E5%8F%A3%E4%BA%A4/5.png","https://cdn.jsdelivr.net/gh/Yehehua1311/mu-pig@main/%E5%87%AF%E8%8E%89%C2%B7%E9%9C%B2%E6%98%93%E4%B8%9D/nsfw/%E5%8F%A3%E4%BA%A4/%E5%87%AF%E8%8E%89%C2%B7%E9%9C%B2%E6%98%93%E4%B8%9D_nsfw_%E5%8F%A3%E4%BA%A4_5.png","人物与园主或其他成员确实共同处于书房、茶间、休息室或客房，进行商议、倾诉旧事、解释顾虑或表达关心；亲近按既定人物关系发展。","怀庆在私人小厅向园主解释一场实际争议；半身构图，突出人物与关键物件；正常衣着、非露骨画面。","仅在上述场景实际发生、怀庆确实到场、相关同席者也实际在场，且已接入的正常新图与该画面吻合时，输出[怀庆][口交][5]。未换图或场景不符时不调用此编号。","","正常图片待接入"
"怀庆","私室交谈","口交","6","怀庆/口交/6.png","https://cdn.jsdelivr.net/gh/lsr756480586-dev/baicao-images@main/%E6%80%80%E5%BA%86/%E5%8F%A3%E4%BA%A4/6.png","https://cdn.jsdelivr.net/gh/Yehehua1311/mu-pig@main/%E5%87%AF%E8%8E%89%C2%B7%E9%9C%B2%E6%98%93%E4%B8%9D/nsfw/%E5%8F%A3%E4%BA%A4/%E5%87%AF%E8%8E%89%C2%B7%E9%9C%B2%E6%98%93%E4%B8%9D_nsfw_%E5%8F%A3%E4%BA%A4_6.png","人物与园主或其他成员确实共同处于书房、茶间、休息室或客房，进行商议、倾诉旧事、解释顾虑或表达关心；亲近按既定人物关系发展。","怀庆在雨夜书房与园主共读地方志；半身构图，突出人物与关键物件；正常衣着、非露骨画面。","仅在上述场景实际发生、怀庆确实到场、相关同席者也实际在场，且已接入的正常新图与该画面吻合时，输出[怀庆][口交][6]。未换图或场景不符时不调用此编号。","","正常图片待接入"
"怀庆","私室交谈","口交","7","怀庆/口交/7.png","https://cdn.jsdelivr.net/gh/lsr756480586-dev/baicao-images@main/%E6%80%80%E5%BA%86/%E5%8F%A3%E4%BA%A4/7.png","https://cdn.jsdelivr.net/gh/Yehehua1311/mu-pig@main/%E5%87%AF%E8%8E%89%C2%B7%E9%9C%B2%E6%98%93%E4%B8%9D/nsfw/%E5%8F%A3%E4%BA%A4/%E5%87%AF%E8%8E%89%C2%B7%E9%9C%B2%E6%98%93%E4%B8%9D_nsfw_%E5%8F%A3%E4%BA%A4_7.png","人物与园主或其他成员确实共同处于书房、茶间、休息室或客房，进行商议、倾诉旧事、解释顾虑或表达关心；亲近按既定人物关系发展。","怀庆在室内与另一位实际到场的成员商议排班纸；半身构图，突出人物与关键物件；正常衣着、非露骨画面。","仅在上述场景实际发生、怀庆确实到场、相关同席者也实际在场，且已接入的正常新图与该画面吻合时，输出[怀庆][口交][7]。未换图或场景不符时不调用此编号。","","正常图片待接入"
"怀庆","协作修习","性交","1","怀庆/性交/1.png","https://cdn.jsdelivr.net/gh/lsr756480586-dev/baicao-images@main/%E6%80%80%E5%BA%86/%E6%80%A7%E4%BA%A4/1.png","https://cdn.jsdelivr.net/gh/Yehehua1311/mu-pig@main/%E5%87%AF%E8%8E%89%C2%B7%E9%9C%B2%E6%98%93%E4%B8%9D/nsfw/%E6%80%A7%E4%BA%A4/%E5%87%AF%E8%8E%89%C2%B7%E9%9C%B2%E6%98%93%E4%B8%9D_nsfw_%E6%80%A7%E4%BA%A4_1.png","人物实际在场，共同研习术法、调试符器、练剑、试制农具兵器或协作完成一项工作，出现与图片对应的操作、指点或成果展示。","怀庆在工作间与同席者核对值事簿的操作或记录步骤；半身构图，突出人物与关键物件；正常衣着、非露骨画面。","仅在上述场景实际发生、怀庆确实到场、相关同席者也实际在场，且已接入的正常新图与该画面吻合时，输出[怀庆][性交][1]。未换图或场景不符时不调用此编号。","","正常图片待接入"
"怀庆","协作修习","性交","2","怀庆/性交/2.png","https://cdn.jsdelivr.net/gh/lsr756480586-dev/baicao-images@main/%E6%80%80%E5%BA%86/%E6%80%A7%E4%BA%A4/2.png","https://cdn.jsdelivr.net/gh/Yehehua1311/mu-pig@main/%E5%87%AF%E8%8E%89%C2%B7%E9%9C%B2%E6%98%93%E4%B8%9D/nsfw/%E6%80%A7%E4%BA%A4/%E5%87%AF%E8%8E%89%C2%B7%E9%9C%B2%E6%98%93%E4%B8%9D_nsfw_%E6%80%A7%E4%BA%A4_2.png","人物实际在场，共同研习术法、调试符器、练剑、试制农具兵器或协作完成一项工作，出现与图片对应的操作、指点或成果展示。","怀庆在室内向园主展示与来客名帖有关的专业方法；半身构图，突出人物与关键物件；正常衣着、非露骨画面。","仅在上述场景实际发生、怀庆确实到场、相关同席者也实际在场，且已接入的正常新图与该画面吻合时，输出[怀庆][性交][2]。未换图或场景不符时不调用此编号。","","正常图片待接入"
"怀庆","协作修习","性交","3","怀庆/性交/3.png","https://cdn.jsdelivr.net/gh/lsr756480586-dev/baicao-images@main/%E6%80%80%E5%BA%86/%E6%80%A7%E4%BA%A4/3.png","https://cdn.jsdelivr.net/gh/Yehehua1311/mu-pig@main/%E5%87%AF%E8%8E%89%C2%B7%E9%9C%B2%E6%98%93%E4%B8%9D/nsfw/%E6%80%A7%E4%BA%A4/%E5%87%AF%E8%8E%89%C2%B7%E9%9C%B2%E6%98%93%E4%B8%9D_nsfw_%E6%80%A7%E4%BA%A4_3.png","人物实际在场，共同研习术法、调试符器、练剑、试制农具兵器或协作完成一项工作，出现与图片对应的操作、指点或成果展示。","怀庆在工坊参与一项已有能力范围内的协作任务；半身构图，突出人物与关键物件；正常衣着、非露骨画面。","仅在上述场景实际发生、怀庆确实到场、相关同席者也实际在场，且已接入的正常新图与该画面吻合时，输出[怀庆][性交][3]。未换图或场景不符时不调用此编号。","","正常图片待接入"
"怀庆","协作修习","性交","4","怀庆/性交/4.png","https://cdn.jsdelivr.net/gh/lsr756480586-dev/baicao-images@main/%E6%80%80%E5%BA%86/%E6%80%A7%E4%BA%A4/4.png","https://cdn.jsdelivr.net/gh/Yehehua1311/mu-pig@main/%E5%87%AF%E8%8E%89%C2%B7%E9%9C%B2%E6%98%93%E4%B8%9D/nsfw/%E6%80%A7%E4%BA%A4/%E5%87%AF%E8%8E%89%C2%B7%E9%9C%B2%E6%98%93%E4%B8%9D_nsfw_%E6%80%A7%E4%BA%A4_4.png","人物实际在场，共同研习术法、调试符器、练剑、试制农具兵器或协作完成一项工作，出现与图片对应的操作、指点或成果展示。","怀庆在书房与同席者共同推演排班纸；半身构图，突出人物与关键物件；正常衣着、非露骨画面。","仅在上述场景实际发生、怀庆确实到场、相关同席者也实际在场，且已接入的正常新图与该画面吻合时，输出[怀庆][性交][4]。未换图或场景不符时不调用此编号。","","正常图片待接入"
"段昭宁","立绘","","","段昭宁/立绘.png","https://cdn.jsdelivr.net/gh/lsr756480586-dev/baicao-images@main/%E6%AE%B5%E6%98%AD%E5%AE%81/%E7%AB%8B%E7%BB%98.png","https://i.postimg.cc/rw6b5CgF/faf766e2-423d-4246-aaab-9c3f86fd4714.png","在人物菜单、状态栏或人物图库中显示该人物时使用。","段昭宁身着已确定的日常衣装，正面人物立绘，背景简洁。","人物菜单、状态栏或图库实际显示该人物时使用。","","立绘"
"段昭宁","日常","sfw","1","段昭宁/sfw/1.png","https://cdn.jsdelivr.net/gh/lsr756480586-dev/baicao-images@main/%E6%AE%B5%E6%98%AD%E5%AE%81/sfw/1.png","https://cdn.jsdelivr.net/gh/Yehehua1311/mu-pig@main/%E9%99%88%E8%8B%A5%E6%9B%A6/sfw/%E9%99%88%E8%8B%A5%E6%9B%A6_sfw_1.png","人物实际在场，进行园务汇报、种粮育药、修器织染、用餐饮茶或公开会面，且画面适合当前情节。","段昭宁在岗位工作间展示农具样件并汇报进展；半身构图，突出人物与关键物件；正常衣着、非露骨画面。","仅在上述场景实际发生、段昭宁确实到场、相关同席者也实际在场，且已接入的正常新图与该画面吻合时，输出[段昭宁][sfw][1]。未换图或场景不符时不调用此编号。","","暂用原日常图，新画面计划待接入"
"段昭宁","日常","sfw","2","段昭宁/sfw/2.png","https://cdn.jsdelivr.net/gh/lsr756480586-dev/baicao-images@main/%E6%AE%B5%E6%98%AD%E5%AE%81/sfw/2.png","https://cdn.jsdelivr.net/gh/Yehehua1311/mu-pig@main/%E9%99%88%E8%8B%A5%E6%9B%A6/sfw/%E9%99%88%E8%8B%A5%E6%9B%A6_sfw_2.png","人物实际在场，进行园务汇报、种粮育药、修器织染、用餐饮茶或公开会面，且画面适合当前情节。","段昭宁在室内茶间准备清茶；半身构图，突出人物与关键物件；正常衣着、非露骨画面。","仅在上述场景实际发生、段昭宁确实到场、相关同席者也实际在场，且已接入的正常新图与该画面吻合时，输出[段昭宁][sfw][2]。未换图或场景不符时不调用此编号。","","暂用原日常图，新画面计划待接入"
"段昭宁","日常","sfw","3","段昭宁/sfw/3.png","https://cdn.jsdelivr.net/gh/lsr756480586-dev/baicao-images@main/%E6%AE%B5%E6%98%AD%E5%AE%81/sfw/3.png","https://cdn.jsdelivr.net/gh/Yehehua1311/mu-pig@main/%E9%99%88%E8%8B%A5%E6%9B%A6/sfw/%E9%99%88%E8%8B%A5%E6%9B%A6_sfw_3.png","人物实际在场，进行园务汇报、种粮育药、修器织染、用餐饮茶或公开会面，且画面适合当前情节。","段昭宁在窗边翻阅与铁料有关的记录；半身构图，突出人物与关键物件；正常衣着、非露骨画面。","仅在上述场景实际发生、段昭宁确实到场、相关同席者也实际在场，且已接入的正常新图与该画面吻合时，输出[段昭宁][sfw][3]。未换图或场景不符时不调用此编号。","","暂用原日常图，新画面计划待接入"
"段昭宁","日常","sfw","4","段昭宁/sfw/4.png","https://cdn.jsdelivr.net/gh/lsr756480586-dev/baicao-images@main/%E6%AE%B5%E6%98%AD%E5%AE%81/sfw/4.png","https://cdn.jsdelivr.net/gh/Yehehua1311/mu-pig@main/%E9%99%88%E8%8B%A5%E6%9B%A6/sfw/%E9%99%88%E8%8B%A5%E6%9B%A6_sfw_4.png","人物实际在场，进行园务汇报、种粮育药、修器织染、用餐饮茶或公开会面，且画面适合当前情节。","段昭宁在工作结束后收整锻造图纸；半身构图，突出人物与关键物件；正常衣着、非露骨画面。","仅在上述场景实际发生、段昭宁确实到场、相关同席者也实际在场，且已接入的正常新图与该画面吻合时，输出[段昭宁][sfw][4]。未换图或场景不符时不调用此编号。","","暂用原日常图，新画面计划待接入"
"段昭宁","日常","sfw","5","段昭宁/sfw/5.png","https://cdn.jsdelivr.net/gh/lsr756480586-dev/baicao-images@main/%E6%AE%B5%E6%98%AD%E5%AE%81/sfw/5.png","https://cdn.jsdelivr.net/gh/Yehehua1311/mu-pig@main/%E9%99%88%E8%8B%A5%E6%9B%A6/sfw/%E9%99%88%E8%8B%A5%E6%9B%A6_sfw_5.png","人物实际在场，进行园务汇报、种粮育药、修器织染、用餐饮茶或公开会面，且画面适合当前情节。","段昭宁在白帝城商铺挑选生活物资；半身构图，突出人物与关键物件；正常衣着、非露骨画面。","仅在上述场景实际发生、段昭宁确实到场、相关同席者也实际在场，且已接入的正常新图与该画面吻合时，输出[段昭宁][sfw][5]。未换图或场景不符时不调用此编号。","","暂用原日常图，新画面计划待接入"
"段昭宁","诊疗照护","肛交","1","段昭宁/肛交/1.png","https://cdn.jsdelivr.net/gh/lsr756480586-dev/baicao-images@main/%E6%AE%B5%E6%98%AD%E5%AE%81/%E8%82%9B%E4%BA%A4/1.png","https://cdn.jsdelivr.net/gh/Yehehua1311/mu-pig@main/%E9%99%88%E8%8B%A5%E6%9B%A6/nsfw/%E8%82%9B%E4%BA%A4/%E9%99%88%E8%8B%A5%E6%9B%A6_nsfw_%E8%82%9B%E4%BA%A4_1.png","人物实际在场，在药房、诊室或休养房间接受诊察、包扎、调息指导，或照料另一名同处室内的成员；使用正常衣着和非露骨画面。","段昭宁在药房接受药师询问，保持正常衣着；半身构图，突出人物与关键物件；正常衣着、非露骨画面。","仅在上述场景实际发生、段昭宁确实到场、相关同席者也实际在场，且已接入的正常新图与该画面吻合时，输出[段昭宁][肛交][1]。未换图或场景不符时不调用此编号。","","正常图片待接入"
"段昭宁","诊疗照护","肛交","2","段昭宁/肛交/2.png","https://cdn.jsdelivr.net/gh/lsr756480586-dev/baicao-images@main/%E6%AE%B5%E6%98%AD%E5%AE%81/%E8%82%9B%E4%BA%A4/2.png","https://cdn.jsdelivr.net/gh/Yehehua1311/mu-pig@main/%E9%99%88%E8%8B%A5%E6%9B%A6/nsfw/%E8%82%9B%E4%BA%A4/%E9%99%88%E8%8B%A5%E6%9B%A6_nsfw_%E8%82%9B%E4%BA%A4_2.png","人物实际在场，在药房、诊室或休养房间接受诊察、包扎、调息指导，或照料另一名同处室内的成员；使用正常衣着和非露骨画面。","段昭宁在诊室就座，由医者检查手臂上的小伤；半身构图，突出人物与关键物件；正常衣着、非露骨画面。","仅在上述场景实际发生、段昭宁确实到场、相关同席者也实际在场，且已接入的正常新图与该画面吻合时，输出[段昭宁][肛交][2]。未换图或场景不符时不调用此编号。","","正常图片待接入"
"段昭宁","诊疗照护","肛交","3","段昭宁/肛交/3.png","https://cdn.jsdelivr.net/gh/lsr756480586-dev/baicao-images@main/%E6%AE%B5%E6%98%AD%E5%AE%81/%E8%82%9B%E4%BA%A4/3.png","https://cdn.jsdelivr.net/gh/Yehehua1311/mu-pig@main/%E9%99%88%E8%8B%A5%E6%9B%A6/nsfw/%E8%82%9B%E4%BA%A4/%E9%99%88%E8%8B%A5%E6%9B%A6_nsfw_%E8%82%9B%E4%BA%A4_3.png","人物实际在场，在药房、诊室或休养房间接受诊察、包扎、调息指导，或照料另一名同处室内的成员；使用正常衣着和非露骨画面。","段昭宁在休养房间接过温水与药盏；半身构图，突出人物与关键物件；正常衣着、非露骨画面。","仅在上述场景实际发生、段昭宁确实到场、相关同席者也实际在场，且已接入的正常新图与该画面吻合时，输出[段昭宁][肛交][3]。未换图或场景不符时不调用此编号。","","正常图片待接入"
"段昭宁","诊疗照护","肛交","4","段昭宁/肛交/4.png","https://cdn.jsdelivr.net/gh/lsr756480586-dev/baicao-images@main/%E6%AE%B5%E6%98%AD%E5%AE%81/%E8%82%9B%E4%BA%A4/4.png","https://cdn.jsdelivr.net/gh/Yehehua1311/mu-pig@main/%E9%99%88%E8%8B%A5%E6%9B%A6/nsfw/%E8%82%9B%E4%BA%A4/%E9%99%88%E8%8B%A5%E6%9B%A6_nsfw_%E8%82%9B%E4%BA%A4_4.png","人物实际在场，在药房、诊室或休养房间接受诊察、包扎、调息指导，或照料另一名同处室内的成员；使用正常衣着和非露骨画面。","段昭宁在医者指导下安静调息；半身构图，突出人物与关键物件；正常衣着、非露骨画面。","仅在上述场景实际发生、段昭宁确实到场、相关同席者也实际在场，且已接入的正常新图与该画面吻合时，输出[段昭宁][肛交][4]。未换图或场景不符时不调用此编号。","","正常图片待接入"
"段昭宁","诊疗照护","肛交","5","段昭宁/肛交/5.png","https://cdn.jsdelivr.net/gh/lsr756480586-dev/baicao-images@main/%E6%AE%B5%E6%98%AD%E5%AE%81/%E8%82%9B%E4%BA%A4/5.png","https://cdn.jsdelivr.net/gh/Yehehua1311/mu-pig@main/%E9%99%88%E8%8B%A5%E6%9B%A6/nsfw/%E8%82%9B%E4%BA%A4/%E9%99%88%E8%8B%A5%E6%9B%A6_nsfw_%E8%82%9B%E4%BA%A4_5.png","人物实际在场，在药房、诊室或休养房间接受诊察、包扎、调息指导，或照料另一名同处室内的成员；使用正常衣着和非露骨画面。","段昭宁在室内为另一位实际到场的成员递送药包；半身构图，突出人物与关键物件；正常衣着、非露骨画面。","仅在上述场景实际发生、段昭宁确实到场、相关同席者也实际在场，且已接入的正常新图与该画面吻合时，输出[段昭宁][肛交][5]。未换图或场景不符时不调用此编号。","","正常图片待接入"
"段昭宁","诊疗照护","肛交","6","段昭宁/肛交/6.png","https://cdn.jsdelivr.net/gh/lsr756480586-dev/baicao-images@main/%E6%AE%B5%E6%98%AD%E5%AE%81/%E8%82%9B%E4%BA%A4/6.png","https://cdn.jsdelivr.net/gh/Yehehua1311/mu-pig@main/%E9%99%88%E8%8B%A5%E6%9B%A6/nsfw/%E8%82%9B%E4%BA%A4/%E9%99%88%E8%8B%A5%E6%9B%A6_nsfw_%E8%82%9B%E4%BA%A4_6.png","人物实际在场，在药房、诊室或休养房间接受诊察、包扎、调息指导，或照料另一名同处室内的成员；使用正常衣着和非露骨画面。","段昭宁在休养室靠枕休息，室内有人陪伴；半身构图，突出人物与关键物件；正常衣着、非露骨画面。","仅在上述场景实际发生、段昭宁确实到场、相关同席者也实际在场，且已接入的正常新图与该画面吻合时，输出[段昭宁][肛交][6]。未换图或场景不符时不调用此编号。","","正常图片待接入"
"段昭宁","诊疗照护","肛交","7","段昭宁/肛交/7.png","https://cdn.jsdelivr.net/gh/lsr756480586-dev/baicao-images@main/%E6%AE%B5%E6%98%AD%E5%AE%81/%E8%82%9B%E4%BA%A4/7.png","https://cdn.jsdelivr.net/gh/Yehehua1311/mu-pig@main/%E9%99%88%E8%8B%A5%E6%9B%A6/nsfw/%E8%82%9B%E4%BA%A4/%E9%99%88%E8%8B%A5%E6%9B%A6_nsfw_%E8%82%9B%E4%BA%A4_7.png","人物实际在场，在药房、诊室或休养房间接受诊察、包扎、调息指导，或照料另一名同处室内的成员；使用正常衣着和非露骨画面。","段昭宁在诊室核对实际处方和复诊安排；半身构图，突出人物与关键物件；正常衣着、非露骨画面。","仅在上述场景实际发生、段昭宁确实到场、相关同席者也实际在场，且已接入的正常新图与该画面吻合时，输出[段昭宁][肛交][7]。未换图或场景不符时不调用此编号。","","正常图片待接入"
"段昭宁","诊疗照护","肛交","8","段昭宁/肛交/8.png","https://cdn.jsdelivr.net/gh/lsr756480586-dev/baicao-images@main/%E6%AE%B5%E6%98%AD%E5%AE%81/%E8%82%9B%E4%BA%A4/8.png","https://cdn.jsdelivr.net/gh/Yehehua1311/mu-pig@main/%E9%99%88%E8%8B%A5%E6%9B%A6/nsfw/%E8%82%9B%E4%BA%A4/%E9%99%88%E8%8B%A5%E6%9B%A6_nsfw_%E8%82%9B%E4%BA%A4_8.png","人物实际在场，在药房、诊室或休养房间接受诊察、包扎、调息指导，或照料另一名同处室内的成员；使用正常衣着和非露骨画面。","段昭宁在药房整理常用药物与干净绷带；半身构图，突出人物与关键物件；正常衣着、非露骨画面。","仅在上述场景实际发生、段昭宁确实到场、相关同席者也实际在场，且已接入的正常新图与该画面吻合时，输出[段昭宁][肛交][8]。未换图或场景不符时不调用此编号。","","正常图片待接入"
"段昭宁","诊疗照护","肛交","9","段昭宁/肛交/9.png","https://cdn.jsdelivr.net/gh/lsr756480586-dev/baicao-images@main/%E6%AE%B5%E6%98%AD%E5%AE%81/%E8%82%9B%E4%BA%A4/9.png","https://cdn.jsdelivr.net/gh/Yehehua1311/mu-pig@main/%E9%99%88%E8%8B%A5%E6%9B%A6/nsfw/%E8%82%9B%E4%BA%A4/%E9%99%88%E8%8B%A5%E6%9B%A6_nsfw_%E8%82%9B%E4%BA%A4_9.png","人物实际在场，在药房、诊室或休养房间接受诊察、包扎、调息指导，或照料另一名同处室内的成员；使用正常衣着和非露骨画面。","段昭宁在疲劳缓解后向同处室内的人说明身体情况；半身构图，突出人物与关键物件；正常衣着、非露骨画面。","仅在上述场景实际发生、段昭宁确实到场、相关同席者也实际在场，且已接入的正常新图与该画面吻合时，输出[段昭宁][肛交][9]。未换图或场景不符时不调用此编号。","","正常图片待接入"
"段昭宁","诊疗照护","肛交","10","段昭宁/肛交/10.png","https://cdn.jsdelivr.net/gh/lsr756480586-dev/baicao-images@main/%E6%AE%B5%E6%98%AD%E5%AE%81/%E8%82%9B%E4%BA%A4/10.png","https://cdn.jsdelivr.net/gh/Yehehua1311/mu-pig@main/%E9%99%88%E8%8B%A5%E6%9B%A6/nsfw/%E8%82%9B%E4%BA%A4/%E9%99%88%E8%8B%A5%E6%9B%A6_nsfw_%E8%82%9B%E4%BA%A4_10.png","人物实际在场，在药房、诊室或休养房间接受诊察、包扎、调息指导，或照料另一名同处室内的成员；使用正常衣着和非露骨画面。","段昭宁在室内协助准备清洁伤口所需的正常用品；半身构图，突出人物与关键物件；正常衣着、非露骨画面。","仅在上述场景实际发生、段昭宁确实到场、相关同席者也实际在场，且已接入的正常新图与该画面吻合时，输出[段昭宁][肛交][10]。未换图或场景不符时不调用此编号。","","正常图片待接入"
"段昭宁","诊疗照护","肛交","11","段昭宁/肛交/11.png","https://cdn.jsdelivr.net/gh/lsr756480586-dev/baicao-images@main/%E6%AE%B5%E6%98%AD%E5%AE%81/%E8%82%9B%E4%BA%A4/11.png","https://cdn.jsdelivr.net/gh/Yehehua1311/mu-pig@main/%E9%99%88%E8%8B%A5%E6%9B%A6/nsfw/%E8%82%9B%E4%BA%A4/%E9%99%88%E8%8B%A5%E6%9B%A6_nsfw_%E8%82%9B%E4%BA%A4_11.png","人物实际在场，在药房、诊室或休养房间接受诊察、包扎、调息指导，或照料另一名同处室内的成员；使用正常衣着和非露骨画面。","段昭宁在药房接受药师询问，保持正常衣着；较宽构图，交代人物与场所；正常衣着、非露骨画面。","仅在上述场景实际发生、段昭宁确实到场、相关同席者也实际在场，且已接入的正常新图与该画面吻合时，输出[段昭宁][肛交][11]。未换图或场景不符时不调用此编号。","","正常图片待接入"
"段昭宁","出行护送","足交","1","段昭宁/足交/1.png","https://cdn.jsdelivr.net/gh/lsr756480586-dev/baicao-images@main/%E6%AE%B5%E6%98%AD%E5%AE%81/%E8%B6%B3%E4%BA%A4/1.png","https://cdn.jsdelivr.net/gh/Yehehua1311/mu-pig@main/%E9%99%88%E8%8B%A5%E6%9B%A6/nsfw/%E8%B6%B3%E4%BA%A4/%E9%99%88%E8%8B%A5%E6%9B%A6_nsfw_%E8%B6%B3%E4%BA%A4_1.png","人物实际随队采购、护送流民、巡守或赶路，并出现与图片对应的出发、行进、避雨、歇脚或归来情境。","段昭宁在百草园院门核对出行物品后准备出发；半身构图，突出人物与关键物件；正常衣着、非露骨画面。","仅在上述场景实际发生、段昭宁确实到场、相关同席者也实际在场，且已接入的正常新图与该画面吻合时，输出[段昭宁][足交][1]。未换图或场景不符时不调用此编号。","","正常图片待接入"
"段昭宁","出行护送","足交","2","段昭宁/足交/2.png","https://cdn.jsdelivr.net/gh/lsr756480586-dev/baicao-images@main/%E6%AE%B5%E6%98%AD%E5%AE%81/%E8%B6%B3%E4%BA%A4/2.png","https://cdn.jsdelivr.net/gh/Yehehua1311/mu-pig@main/%E9%99%88%E8%8B%A5%E6%9B%A6/nsfw/%E8%B6%B3%E4%BA%A4/%E9%99%88%E8%8B%A5%E6%9B%A6_nsfw_%E8%B6%B3%E4%BA%A4_2.png","人物实际随队采购、护送流民、巡守或赶路，并出现与图片对应的出发、行进、避雨、歇脚或归来情境。","段昭宁在白帝城街道随队采购；半身构图，突出人物与关键物件；正常衣着、非露骨画面。","仅在上述场景实际发生、段昭宁确实到场、相关同席者也实际在场，且已接入的正常新图与该画面吻合时，输出[段昭宁][足交][2]。未换图或场景不符时不调用此编号。","","正常图片待接入"
"段昭宁","出行护送","足交","3","段昭宁/足交/3.png","https://cdn.jsdelivr.net/gh/lsr756480586-dev/baicao-images@main/%E6%AE%B5%E6%98%AD%E5%AE%81/%E8%B6%B3%E4%BA%A4/3.png","https://cdn.jsdelivr.net/gh/Yehehua1311/mu-pig@main/%E9%99%88%E8%8B%A5%E6%9B%A6/nsfw/%E8%B6%B3%E4%BA%A4/%E9%99%88%E8%8B%A5%E6%9B%A6_nsfw_%E8%B6%B3%E4%BA%A4_3.png","人物实际随队采购、护送流民、巡守或赶路，并出现与图片对应的出发、行进、避雨、歇脚或归来情境。","段昭宁在青州城城门与同行者核对路引；半身构图，突出人物与关键物件；正常衣着、非露骨画面。","仅在上述场景实际发生、段昭宁确实到场、相关同席者也实际在场，且已接入的正常新图与该画面吻合时，输出[段昭宁][足交][3]。未换图或场景不符时不调用此编号。","","正常图片待接入"
"段昭宁","出行护送","足交","4","段昭宁/足交/4.png","https://cdn.jsdelivr.net/gh/lsr756480586-dev/baicao-images@main/%E6%AE%B5%E6%98%AD%E5%AE%81/%E8%B6%B3%E4%BA%A4/4.png","https://cdn.jsdelivr.net/gh/Yehehua1311/mu-pig@main/%E9%99%88%E8%8B%A5%E6%9B%A6/nsfw/%E8%B6%B3%E4%BA%A4/%E9%99%88%E8%8B%A5%E6%9B%A6_nsfw_%E8%B6%B3%E4%BA%A4_4.png","人物实际随队采购、护送流民、巡守或赶路，并出现与图片对应的出发、行进、避雨、歇脚或归来情境。","段昭宁在商路途中与队伍短暂停步；半身构图，突出人物与关键物件；正常衣着、非露骨画面。","仅在上述场景实际发生、段昭宁确实到场、相关同席者也实际在场，且已接入的正常新图与该画面吻合时，输出[段昭宁][足交][4]。未换图或场景不符时不调用此编号。","","正常图片待接入"
"段昭宁","私室交谈","口交","1","段昭宁/口交/1.png","https://cdn.jsdelivr.net/gh/lsr756480586-dev/baicao-images@main/%E6%AE%B5%E6%98%AD%E5%AE%81/%E5%8F%A3%E4%BA%A4/1.png","https://cdn.jsdelivr.net/gh/Yehehua1311/mu-pig@main/%E9%99%88%E8%8B%A5%E6%9B%A6/nsfw/%E5%8F%A3%E4%BA%A4/%E9%99%88%E8%8B%A5%E6%9B%A6_nsfw_%E5%8F%A3%E4%BA%A4_1.png","人物与园主或其他成员确实共同处于书房、茶间、休息室或客房，进行商议、倾诉旧事、解释顾虑或表达关心；亲近按既定人物关系发展。","段昭宁在私人书房与园主同看农具样件；半身构图，突出人物与关键物件；正常衣着、非露骨画面。","仅在上述场景实际发生、段昭宁确实到场、相关同席者也实际在场，且已接入的正常新图与该画面吻合时，输出[段昭宁][口交][1]。未换图或场景不符时不调用此编号。","","正常图片待接入"
"段昭宁","私室交谈","口交","2","段昭宁/口交/2.png","https://cdn.jsdelivr.net/gh/lsr756480586-dev/baicao-images@main/%E6%AE%B5%E6%98%AD%E5%AE%81/%E5%8F%A3%E4%BA%A4/2.png","https://cdn.jsdelivr.net/gh/Yehehua1311/mu-pig@main/%E9%99%88%E8%8B%A5%E6%9B%A6/nsfw/%E5%8F%A3%E4%BA%A4/%E9%99%88%E8%8B%A5%E6%9B%A6_nsfw_%E5%8F%A3%E4%BA%A4_2.png","人物与园主或其他成员确实共同处于书房、茶间、休息室或客房，进行商议、倾诉旧事、解释顾虑或表达关心；亲近按既定人物关系发展。","段昭宁在室内茶间说起个人生活愿望；半身构图，突出人物与关键物件；正常衣着、非露骨画面。","仅在上述场景实际发生、段昭宁确实到场、相关同席者也实际在场，且已接入的正常新图与该画面吻合时，输出[段昭宁][口交][2]。未换图或场景不符时不调用此编号。","","正常图片待接入"
"段昭宁","私室交谈","口交","3","段昭宁/口交/3.png","https://cdn.jsdelivr.net/gh/lsr756480586-dev/baicao-images@main/%E6%AE%B5%E6%98%AD%E5%AE%81/%E5%8F%A3%E4%BA%A4/3.png","https://cdn.jsdelivr.net/gh/Yehehua1311/mu-pig@main/%E9%99%88%E8%8B%A5%E6%9B%A6/nsfw/%E5%8F%A3%E4%BA%A4/%E9%99%88%E8%8B%A5%E6%9B%A6_nsfw_%E5%8F%A3%E4%BA%A4_3.png","人物与园主或其他成员确实共同处于书房、茶间、休息室或客房，进行商议、倾诉旧事、解释顾虑或表达关心；亲近按既定人物关系发展。","段昭宁在住处待客间谈论已经发生的旧事；半身构图，突出人物与关键物件；正常衣着、非露骨画面。","仅在上述场景实际发生、段昭宁确实到场、相关同席者也实际在场，且已接入的正常新图与该画面吻合时，输出[段昭宁][口交][3]。未换图或场景不符时不调用此编号。","","正常图片待接入"
"段昭宁","私室交谈","口交","4","段昭宁/口交/4.png","https://cdn.jsdelivr.net/gh/lsr756480586-dev/baicao-images@main/%E6%AE%B5%E6%98%AD%E5%AE%81/%E5%8F%A3%E4%BA%A4/4.png","https://cdn.jsdelivr.net/gh/Yehehua1311/mu-pig@main/%E9%99%88%E8%8B%A5%E6%9B%A6/nsfw/%E5%8F%A3%E4%BA%A4/%E9%99%88%E8%8B%A5%E6%9B%A6_nsfw_%E5%8F%A3%E4%BA%A4_4.png","人物与园主或其他成员确实共同处于书房、茶间、休息室或客房，进行商议、倾诉旧事、解释顾虑或表达关心；亲近按既定人物关系发展。","段昭宁在关门的休息室说明工作顾虑；半身构图，突出人物与关键物件；正常衣着、非露骨画面。","仅在上述场景实际发生、段昭宁确实到场、相关同席者也实际在场，且已接入的正常新图与该画面吻合时，输出[段昭宁][口交][4]。未换图或场景不符时不调用此编号。","","正常图片待接入"
"段昭宁","私室交谈","口交","5","段昭宁/口交/5.png","https://cdn.jsdelivr.net/gh/lsr756480586-dev/baicao-images@main/%E6%AE%B5%E6%98%AD%E5%AE%81/%E5%8F%A3%E4%BA%A4/5.png","https://cdn.jsdelivr.net/gh/Yehehua1311/mu-pig@main/%E9%99%88%E8%8B%A5%E6%9B%A6/nsfw/%E5%8F%A3%E4%BA%A4/%E9%99%88%E8%8B%A5%E6%9B%A6_nsfw_%E5%8F%A3%E4%BA%A4_5.png","人物与园主或其他成员确实共同处于书房、茶间、休息室或客房，进行商议、倾诉旧事、解释顾虑或表达关心；亲近按既定人物关系发展。","段昭宁在私人小厅向园主解释一场实际争议；半身构图，突出人物与关键物件；正常衣着、非露骨画面。","仅在上述场景实际发生、段昭宁确实到场、相关同席者也实际在场，且已接入的正常新图与该画面吻合时，输出[段昭宁][口交][5]。未换图或场景不符时不调用此编号。","","正常图片待接入"
"段昭宁","私室交谈","口交","6","段昭宁/口交/6.png","https://cdn.jsdelivr.net/gh/lsr756480586-dev/baicao-images@main/%E6%AE%B5%E6%98%AD%E5%AE%81/%E5%8F%A3%E4%BA%A4/6.png","https://cdn.jsdelivr.net/gh/Yehehua1311/mu-pig@main/%E9%99%88%E8%8B%A5%E6%9B%A6/nsfw/%E5%8F%A3%E4%BA%A4/%E9%99%88%E8%8B%A5%E6%9B%A6_nsfw_%E5%8F%A3%E4%BA%A4_6.png","人物与园主或其他成员确实共同处于书房、茶间、休息室或客房，进行商议、倾诉旧事、解释顾虑或表达关心；亲近按既定人物关系发展。","段昭宁在雨夜书房与园主共读地方志；半身构图，突出人物与关键物件；正常衣着、非露骨画面。","仅在上述场景实际发生、段昭宁确实到场、相关同席者也实际在场，且已接入的正常新图与该画面吻合时，输出[段昭宁][口交][6]。未换图或场景不符时不调用此编号。","","正常图片待接入"
"段昭宁","私室交谈","口交","7","段昭宁/口交/7.png","https://cdn.jsdelivr.net/gh/lsr756480586-dev/baicao-images@main/%E6%AE%B5%E6%98%AD%E5%AE%81/%E5%8F%A3%E4%BA%A4/7.png","https://cdn.jsdelivr.net/gh/Yehehua1311/mu-pig@main/%E9%99%88%E8%8B%A5%E6%9B%A6/nsfw/%E5%8F%A3%E4%BA%A4/%E9%99%88%E8%8B%A5%E6%9B%A6_nsfw_%E5%8F%A3%E4%BA%A4_7.png","人物与园主或其他成员确实共同处于书房、茶间、休息室或客房，进行商议、倾诉旧事、解释顾虑或表达关心；亲近按既定人物关系发展。","段昭宁在室内与另一位实际到场的成员商议锻造图纸；半身构图，突出人物与关键物件；正常衣着、非露骨画面。","仅在上述场景实际发生、段昭宁确实到场、相关同席者也实际在场，且已接入的正常新图与该画面吻合时，输出[段昭宁][口交][7]。未换图或场景不符时不调用此编号。","","正常图片待接入"
"段昭宁","协作修习","性交","1","段昭宁/性交/1.png","https://cdn.jsdelivr.net/gh/lsr756480586-dev/baicao-images@main/%E6%AE%B5%E6%98%AD%E5%AE%81/%E6%80%A7%E4%BA%A4/1.png","https://cdn.jsdelivr.net/gh/Yehehua1311/mu-pig@main/%E9%99%88%E8%8B%A5%E6%9B%A6/nsfw/%E6%80%A7%E4%BA%A4/%E9%99%88%E8%8B%A5%E6%9B%A6_nsfw_%E6%80%A7%E4%BA%A4_1.png","人物实际在场，共同研习术法、调试符器、练剑、试制农具兵器或协作完成一项工作，出现与图片对应的操作、指点或成果展示。","段昭宁在工作间与同席者核对农具样件的操作或记录步骤；半身构图，突出人物与关键物件；正常衣着、非露骨画面。","仅在上述场景实际发生、段昭宁确实到场、相关同席者也实际在场，且已接入的正常新图与该画面吻合时，输出[段昭宁][性交][1]。未换图或场景不符时不调用此编号。","","正常图片待接入"
"段昭宁","协作修习","性交","2","段昭宁/性交/2.png","https://cdn.jsdelivr.net/gh/lsr756480586-dev/baicao-images@main/%E6%AE%B5%E6%98%AD%E5%AE%81/%E6%80%A7%E4%BA%A4/2.png","https://cdn.jsdelivr.net/gh/Yehehua1311/mu-pig@main/%E9%99%88%E8%8B%A5%E6%9B%A6/nsfw/%E6%80%A7%E4%BA%A4/%E9%99%88%E8%8B%A5%E6%9B%A6_nsfw_%E6%80%A7%E4%BA%A4_2.png","人物实际在场，共同研习术法、调试符器、练剑、试制农具兵器或协作完成一项工作，出现与图片对应的操作、指点或成果展示。","段昭宁在室内向园主展示与铁料有关的专业方法；半身构图，突出人物与关键物件；正常衣着、非露骨画面。","仅在上述场景实际发生、段昭宁确实到场、相关同席者也实际在场，且已接入的正常新图与该画面吻合时，输出[段昭宁][性交][2]。未换图或场景不符时不调用此编号。","","正常图片待接入"
"段昭宁","协作修习","性交","3","段昭宁/性交/3.png","https://cdn.jsdelivr.net/gh/lsr756480586-dev/baicao-images@main/%E6%AE%B5%E6%98%AD%E5%AE%81/%E6%80%A7%E4%BA%A4/3.png","https://cdn.jsdelivr.net/gh/Yehehua1311/mu-pig@main/%E9%99%88%E8%8B%A5%E6%9B%A6/nsfw/%E6%80%A7%E4%BA%A4/%E9%99%88%E8%8B%A5%E6%9B%A6_nsfw_%E6%80%A7%E4%BA%A4_3.png","人物实际在场，共同研习术法、调试符器、练剑、试制农具兵器或协作完成一项工作，出现与图片对应的操作、指点或成果展示。","段昭宁在工坊参与一项已有能力范围内的协作任务；半身构图，突出人物与关键物件；正常衣着、非露骨画面。","仅在上述场景实际发生、段昭宁确实到场、相关同席者也实际在场，且已接入的正常新图与该画面吻合时，输出[段昭宁][性交][3]。未换图或场景不符时不调用此编号。","","正常图片待接入"
"段昭宁","协作修习","性交","4","段昭宁/性交/4.png","https://cdn.jsdelivr.net/gh/lsr756480586-dev/baicao-images@main/%E6%AE%B5%E6%98%AD%E5%AE%81/%E6%80%A7%E4%BA%A4/4.png","https://cdn.jsdelivr.net/gh/Yehehua1311/mu-pig@main/%E9%99%88%E8%8B%A5%E6%9B%A6/nsfw/%E6%80%A7%E4%BA%A4/%E9%99%88%E8%8B%A5%E6%9B%A6_nsfw_%E6%80%A7%E4%BA%A4_4.png","人物实际在场，共同研习术法、调试符器、练剑、试制农具兵器或协作完成一项工作，出现与图片对应的操作、指点或成果展示。","段昭宁在书房与同席者共同推演锻造图纸；半身构图，突出人物与关键物件；正常衣着、非露骨画面。","仅在上述场景实际发生、段昭宁确实到场、相关同席者也实际在场，且已接入的正常新图与该画面吻合时，输出[段昭宁][性交][4]。未换图或场景不符时不调用此编号。","","正常图片待接入"
"段昭宁","协作修习","性交","5","段昭宁/性交/5.png","https://cdn.jsdelivr.net/gh/lsr756480586-dev/baicao-images@main/%E6%AE%B5%E6%98%AD%E5%AE%81/%E6%80%A7%E4%BA%A4/5.png","https://cdn.jsdelivr.net/gh/Yehehua1311/mu-pig@main/%E9%99%88%E8%8B%A5%E6%9B%A6/nsfw/%E6%80%A7%E4%BA%A4/%E9%99%88%E8%8B%A5%E6%9B%A6_nsfw_%E6%80%A7%E4%BA%A4_5.png","人物实际在场，共同研习术法、调试符器、练剑、试制农具兵器或协作完成一项工作，出现与图片对应的操作、指点或成果展示。","段昭宁在练习室学习基础护身动作，不额外获得高阶能力；半身构图，突出人物与关键物件；正常衣着、非露骨画面。","仅在上述场景实际发生、段昭宁确实到场、相关同席者也实际在场，且已接入的正常新图与该画面吻合时，输出[段昭宁][性交][5]。未换图或场景不符时不调用此编号。","","正常图片待接入"
"段昭宁","协作修习","性交","6","段昭宁/性交/6.png","https://cdn.jsdelivr.net/gh/lsr756480586-dev/baicao-images@main/%E6%AE%B5%E6%98%AD%E5%AE%81/%E6%80%A7%E4%BA%A4/6.png","https://cdn.jsdelivr.net/gh/Yehehua1311/mu-pig@main/%E9%99%88%E8%8B%A5%E6%9B%A6/nsfw/%E6%80%A7%E4%BA%A4/%E9%99%88%E8%8B%A5%E6%9B%A6_nsfw_%E6%80%A7%E4%BA%A4_6.png","人物实际在场，共同研习术法、调试符器、练剑、试制农具兵器或协作完成一项工作，出现与图片对应的操作、指点或成果展示。","段昭宁在工作台旁协助记录一次实际测试结果；半身构图，突出人物与关键物件；正常衣着、非露骨画面。","仅在上述场景实际发生、段昭宁确实到场、相关同席者也实际在场，且已接入的正常新图与该画面吻合时，输出[段昭宁][性交][6]。未换图或场景不符时不调用此编号。","","正常图片待接入"
"段昭宁","协作修习","性交","7","段昭宁/性交/7.png","https://cdn.jsdelivr.net/gh/lsr756480586-dev/baicao-images@main/%E6%AE%B5%E6%98%AD%E5%AE%81/%E6%80%A7%E4%BA%A4/7.png","https://cdn.jsdelivr.net/gh/Yehehua1311/mu-pig@main/%E9%99%88%E8%8B%A5%E6%9B%A6/nsfw/%E6%80%A7%E4%BA%A4/%E9%99%88%E8%8B%A5%E6%9B%A6_nsfw_%E6%80%A7%E4%BA%A4_7.png","人物实际在场，共同研习术法、调试符器、练剑、试制农具兵器或协作完成一项工作，出现与图片对应的操作、指点或成果展示。","段昭宁在室内向实际到场的成员请教一个具体问题；半身构图，突出人物与关键物件；正常衣着、非露骨画面。","仅在上述场景实际发生、段昭宁确实到场、相关同席者也实际在场，且已接入的正常新图与该画面吻合时，输出[段昭宁][性交][7]。未换图或场景不符时不调用此编号。","","正常图片待接入"
"段昭宁","协作修习","性交","8","段昭宁/性交/8.png","https://cdn.jsdelivr.net/gh/lsr756480586-dev/baicao-images@main/%E6%AE%B5%E6%98%AD%E5%AE%81/%E6%80%A7%E4%BA%A4/8.png","https://cdn.jsdelivr.net/gh/Yehehua1311/mu-pig@main/%E9%99%88%E8%8B%A5%E6%9B%A6/nsfw/%E6%80%A7%E4%BA%A4/%E9%99%88%E8%8B%A5%E6%9B%A6_nsfw_%E6%80%A7%E4%BA%A4_8.png","人物实际在场，共同研习术法、调试符器、练剑、试制农具兵器或协作完成一项工作，出现与图片对应的操作、指点或成果展示。","段昭宁在完成协作后展示已制作或整理的成果；半身构图，突出人物与关键物件；正常衣着、非露骨画面。","仅在上述场景实际发生、段昭宁确实到场、相关同席者也实际在场，且已接入的正常新图与该画面吻合时，输出[段昭宁][性交][8]。未换图或场景不符时不调用此编号。","","正常图片待接入"
"临安","立绘","","","临安/立绘.png","https://cdn.jsdelivr.net/gh/lsr756480586-dev/baicao-images@main/%E4%B8%B4%E5%AE%89/%E7%AB%8B%E7%BB%98.png","https://cdn.jsdelivr.net/gh/Yehehua1311/mu-pig@main/%E7%BD%97%E8%8E%8E%E7%90%B3%E5%BE%B7%C2%B7%E6%B5%B7%E5%B0%94%E5%8A%A0/sfw/%E7%BD%97%E8%8E%8E%E7%90%B3%E5%BE%B7%C2%B7%E6%B5%B7%E5%B0%94%E5%8A%A0_sfw_6.png","在人物菜单、状态栏或人物图库中显示该人物时使用。","临安身着已确定的日常衣装，正面人物立绘，背景简洁。","人物菜单、状态栏或图库实际显示该人物时使用。","","立绘"
"临安","日常","sfw","1","临安/sfw/1.png","https://cdn.jsdelivr.net/gh/lsr756480586-dev/baicao-images@main/%E4%B8%B4%E5%AE%89/sfw/1.png","https://cdn.jsdelivr.net/gh/Yehehua1311/mu-pig@main/%E7%BD%97%E8%8E%8E%E7%90%B3%E5%BE%B7%C2%B7%E6%B5%B7%E5%B0%94%E5%8A%A0/sfw/%E7%BD%97%E8%8E%8E%E7%90%B3%E5%BE%B7%C2%B7%E6%B5%B7%E5%B0%94%E5%8A%A0_sfw_1.png","人物实际在场，进行园务汇报、种粮育药、修器织染、用餐饮茶或公开会面，且画面适合当前情节。","临安在岗位工作间展示布样并汇报进展；半身构图，突出人物与关键物件；正常衣着、非露骨画面。","仅在上述场景实际发生、临安确实到场、相关同席者也实际在场，且已接入的正常新图与该画面吻合时，输出[临安][sfw][1]。未换图或场景不符时不调用此编号。","","暂用原日常图，新画面计划待接入"
"临安","日常","sfw","2","临安/sfw/2.png","https://cdn.jsdelivr.net/gh/lsr756480586-dev/baicao-images@main/%E4%B8%B4%E5%AE%89/sfw/2.png","https://cdn.jsdelivr.net/gh/Yehehua1311/mu-pig@main/%E7%BD%97%E8%8E%8E%E7%90%B3%E5%BE%B7%C2%B7%E6%B5%B7%E5%B0%94%E5%8A%A0/sfw/%E7%BD%97%E8%8E%8E%E7%90%B3%E5%BE%B7%C2%B7%E6%B5%B7%E5%B0%94%E5%8A%A0_sfw_2.png","人物实际在场，进行园务汇报、种粮育药、修器织染、用餐饮茶或公开会面，且画面适合当前情节。","临安在室内茶间准备清茶；半身构图，突出人物与关键物件；正常衣着、非露骨画面。","仅在上述场景实际发生、临安确实到场、相关同席者也实际在场，且已接入的正常新图与该画面吻合时，输出[临安][sfw][2]。未换图或场景不符时不调用此编号。","","暂用原日常图，新画面计划待接入"
"临安","日常","sfw","3","临安/sfw/3.png","https://cdn.jsdelivr.net/gh/lsr756480586-dev/baicao-images@main/%E4%B8%B4%E5%AE%89/sfw/3.png","https://cdn.jsdelivr.net/gh/Yehehua1311/mu-pig@main/%E7%BD%97%E8%8E%8E%E7%90%B3%E5%BE%B7%C2%B7%E6%B5%B7%E5%B0%94%E5%8A%A0/sfw/%E7%BD%97%E8%8E%8E%E7%90%B3%E5%BE%B7%C2%B7%E6%B5%B7%E5%B0%94%E5%8A%A0_sfw_3.png","人物实际在场，进行园务汇报、种粮育药、修器织染、用餐饮茶或公开会面，且画面适合当前情节。","临安在窗边翻阅与绣框有关的记录；半身构图，突出人物与关键物件；正常衣着、非露骨画面。","仅在上述场景实际发生、临安确实到场、相关同席者也实际在场，且已接入的正常新图与该画面吻合时，输出[临安][sfw][3]。未换图或场景不符时不调用此编号。","","暂用原日常图，新画面计划待接入"
"临安","日常","sfw","4","临安/sfw/4.png","https://cdn.jsdelivr.net/gh/lsr756480586-dev/baicao-images@main/%E4%B8%B4%E5%AE%89/sfw/4.png","https://cdn.jsdelivr.net/gh/Yehehua1311/mu-pig@main/%E7%BD%97%E8%8E%8E%E7%90%B3%E5%BE%B7%C2%B7%E6%B5%B7%E5%B0%94%E5%8A%A0/sfw/%E7%BD%97%E8%8E%8E%E7%90%B3%E5%BE%B7%C2%B7%E6%B5%B7%E5%B0%94%E5%8A%A0_sfw_4.png","人物实际在场，进行园务汇报、种粮育药、修器织染、用餐饮茶或公开会面，且画面适合当前情节。","临安在工作结束后收整染色样本；半身构图，突出人物与关键物件；正常衣着、非露骨画面。","仅在上述场景实际发生、临安确实到场、相关同席者也实际在场，且已接入的正常新图与该画面吻合时，输出[临安][sfw][4]。未换图或场景不符时不调用此编号。","","暂用原日常图，新画面计划待接入"
"临安","日常","sfw","5","临安/sfw/5.png","https://cdn.jsdelivr.net/gh/lsr756480586-dev/baicao-images@main/%E4%B8%B4%E5%AE%89/sfw/5.png","https://cdn.jsdelivr.net/gh/Yehehua1311/mu-pig@main/%E7%BD%97%E8%8E%8E%E7%90%B3%E5%BE%B7%C2%B7%E6%B5%B7%E5%B0%94%E5%8A%A0/sfw/%E7%BD%97%E8%8E%8E%E7%90%B3%E5%BE%B7%C2%B7%E6%B5%B7%E5%B0%94%E5%8A%A0_sfw_5.png","人物实际在场，进行园务汇报、种粮育药、修器织染、用餐饮茶或公开会面，且画面适合当前情节。","临安在白帝城商铺挑选生活物资；半身构图，突出人物与关键物件；正常衣着、非露骨画面。","仅在上述场景实际发生、临安确实到场、相关同席者也实际在场，且已接入的正常新图与该画面吻合时，输出[临安][sfw][5]。未换图或场景不符时不调用此编号。","","暂用原日常图，新画面计划待接入"
"临安","日常","sfw","6","临安/sfw/6.png","https://cdn.jsdelivr.net/gh/lsr756480586-dev/baicao-images@main/%E4%B8%B4%E5%AE%89/sfw/6.png","https://cdn.jsdelivr.net/gh/Yehehua1311/mu-pig@main/%E7%BD%97%E8%8E%8E%E7%90%B3%E5%BE%B7%C2%B7%E6%B5%B7%E5%B0%94%E5%8A%A0/sfw/%E7%BD%97%E8%8E%8E%E7%90%B3%E5%BE%B7%C2%B7%E6%B5%B7%E5%B0%94%E5%8A%A0_sfw_6.png","人物实际在场，进行园务汇报、种粮育药、修器织染、用餐饮茶或公开会面，且画面适合当前情节。","临安在青州城客栈核对随身物品；半身构图，突出人物与关键物件；正常衣着、非露骨画面。","仅在上述场景实际发生、临安确实到场、相关同席者也实际在场，且已接入的正常新图与该画面吻合时，输出[临安][sfw][6]。未换图或场景不符时不调用此编号。","","暂用原日常图，新画面计划待接入"
"临安","诊疗照护","肛交","1","临安/肛交/1.png","https://cdn.jsdelivr.net/gh/lsr756480586-dev/baicao-images@main/%E4%B8%B4%E5%AE%89/%E8%82%9B%E4%BA%A4/1.png","https://cdn.jsdelivr.net/gh/Yehehua1311/mu-pig@main/%E7%BD%97%E8%8E%8E%E7%90%B3%E5%BE%B7%C2%B7%E6%B5%B7%E5%B0%94%E5%8A%A0/nsfw/%E8%82%9B%E4%BA%A4/%E7%BD%97%E8%8E%8E%E7%90%B3%E5%BE%B7%C2%B7%E6%B5%B7%E5%B0%94%E5%8A%A0_nsfw_%E8%82%9B%E4%BA%A4_1.png","人物实际在场，在药房、诊室或休养房间接受诊察、包扎、调息指导，或照料另一名同处室内的成员；使用正常衣着和非露骨画面。","临安在药房接受药师询问，保持正常衣着；半身构图，突出人物与关键物件；正常衣着、非露骨画面。","仅在上述场景实际发生、临安确实到场、相关同席者也实际在场，且已接入的正常新图与该画面吻合时，输出[临安][肛交][1]。未换图或场景不符时不调用此编号。","","正常图片待接入"
"临安","诊疗照护","肛交","2","临安/肛交/2.png","https://cdn.jsdelivr.net/gh/lsr756480586-dev/baicao-images@main/%E4%B8%B4%E5%AE%89/%E8%82%9B%E4%BA%A4/2.png","https://cdn.jsdelivr.net/gh/Yehehua1311/mu-pig@main/%E7%BD%97%E8%8E%8E%E7%90%B3%E5%BE%B7%C2%B7%E6%B5%B7%E5%B0%94%E5%8A%A0/nsfw/%E8%82%9B%E4%BA%A4/%E7%BD%97%E8%8E%8E%E7%90%B3%E5%BE%B7%C2%B7%E6%B5%B7%E5%B0%94%E5%8A%A0_nsfw_%E8%82%9B%E4%BA%A4_2.png","人物实际在场，在药房、诊室或休养房间接受诊察、包扎、调息指导，或照料另一名同处室内的成员；使用正常衣着和非露骨画面。","临安在诊室就座，由医者检查手臂上的小伤；半身构图，突出人物与关键物件；正常衣着、非露骨画面。","仅在上述场景实际发生、临安确实到场、相关同席者也实际在场，且已接入的正常新图与该画面吻合时，输出[临安][肛交][2]。未换图或场景不符时不调用此编号。","","正常图片待接入"
"临安","诊疗照护","肛交","3","临安/肛交/3.png","https://cdn.jsdelivr.net/gh/lsr756480586-dev/baicao-images@main/%E4%B8%B4%E5%AE%89/%E8%82%9B%E4%BA%A4/3.png","https://cdn.jsdelivr.net/gh/Yehehua1311/mu-pig@main/%E7%BD%97%E8%8E%8E%E7%90%B3%E5%BE%B7%C2%B7%E6%B5%B7%E5%B0%94%E5%8A%A0/nsfw/%E8%82%9B%E4%BA%A4/%E7%BD%97%E8%8E%8E%E7%90%B3%E5%BE%B7%C2%B7%E6%B5%B7%E5%B0%94%E5%8A%A0_nsfw_%E8%82%9B%E4%BA%A4_3.png","人物实际在场，在药房、诊室或休养房间接受诊察、包扎、调息指导，或照料另一名同处室内的成员；使用正常衣着和非露骨画面。","临安在休养房间接过温水与药盏；半身构图，突出人物与关键物件；正常衣着、非露骨画面。","仅在上述场景实际发生、临安确实到场、相关同席者也实际在场，且已接入的正常新图与该画面吻合时，输出[临安][肛交][3]。未换图或场景不符时不调用此编号。","","正常图片待接入"
"临安","诊疗照护","肛交","4","临安/肛交/4.png","https://cdn.jsdelivr.net/gh/lsr756480586-dev/baicao-images@main/%E4%B8%B4%E5%AE%89/%E8%82%9B%E4%BA%A4/4.png","https://cdn.jsdelivr.net/gh/Yehehua1311/mu-pig@main/%E7%BD%97%E8%8E%8E%E7%90%B3%E5%BE%B7%C2%B7%E6%B5%B7%E5%B0%94%E5%8A%A0/nsfw/%E8%82%9B%E4%BA%A4/%E7%BD%97%E8%8E%8E%E7%90%B3%E5%BE%B7%C2%B7%E6%B5%B7%E5%B0%94%E5%8A%A0_nsfw_%E8%82%9B%E4%BA%A4_4.png","人物实际在场，在药房、诊室或休养房间接受诊察、包扎、调息指导，或照料另一名同处室内的成员；使用正常衣着和非露骨画面。","临安在医者指导下安静调息；半身构图，突出人物与关键物件；正常衣着、非露骨画面。","仅在上述场景实际发生、临安确实到场、相关同席者也实际在场，且已接入的正常新图与该画面吻合时，输出[临安][肛交][4]。未换图或场景不符时不调用此编号。","","正常图片待接入"
"临安","诊疗照护","肛交","5","临安/肛交/5.png","https://cdn.jsdelivr.net/gh/lsr756480586-dev/baicao-images@main/%E4%B8%B4%E5%AE%89/%E8%82%9B%E4%BA%A4/5.png","https://cdn.jsdelivr.net/gh/Yehehua1311/mu-pig@main/%E7%BD%97%E8%8E%8E%E7%90%B3%E5%BE%B7%C2%B7%E6%B5%B7%E5%B0%94%E5%8A%A0/nsfw/%E8%82%9B%E4%BA%A4/%E7%BD%97%E8%8E%8E%E7%90%B3%E5%BE%B7%C2%B7%E6%B5%B7%E5%B0%94%E5%8A%A0_nsfw_%E8%82%9B%E4%BA%A4_5.png","人物实际在场，在药房、诊室或休养房间接受诊察、包扎、调息指导，或照料另一名同处室内的成员；使用正常衣着和非露骨画面。","临安在室内为另一位实际到场的成员递送药包；半身构图，突出人物与关键物件；正常衣着、非露骨画面。","仅在上述场景实际发生、临安确实到场、相关同席者也实际在场，且已接入的正常新图与该画面吻合时，输出[临安][肛交][5]。未换图或场景不符时不调用此编号。","","正常图片待接入"
"临安","诊疗照护","肛交","6","临安/肛交/6.png","https://cdn.jsdelivr.net/gh/lsr756480586-dev/baicao-images@main/%E4%B8%B4%E5%AE%89/%E8%82%9B%E4%BA%A4/6.png","https://cdn.jsdelivr.net/gh/Yehehua1311/mu-pig@main/%E7%BD%97%E8%8E%8E%E7%90%B3%E5%BE%B7%C2%B7%E6%B5%B7%E5%B0%94%E5%8A%A0/nsfw/%E8%82%9B%E4%BA%A4/%E7%BD%97%E8%8E%8E%E7%90%B3%E5%BE%B7%C2%B7%E6%B5%B7%E5%B0%94%E5%8A%A0_nsfw_%E8%82%9B%E4%BA%A4_6.png","人物实际在场，在药房、诊室或休养房间接受诊察、包扎、调息指导，或照料另一名同处室内的成员；使用正常衣着和非露骨画面。","临安在休养室靠枕休息，室内有人陪伴；半身构图，突出人物与关键物件；正常衣着、非露骨画面。","仅在上述场景实际发生、临安确实到场、相关同席者也实际在场，且已接入的正常新图与该画面吻合时，输出[临安][肛交][6]。未换图或场景不符时不调用此编号。","","正常图片待接入"
"临安","诊疗照护","肛交","7","临安/肛交/7.png","https://cdn.jsdelivr.net/gh/lsr756480586-dev/baicao-images@main/%E4%B8%B4%E5%AE%89/%E8%82%9B%E4%BA%A4/7.png","https://cdn.jsdelivr.net/gh/Yehehua1311/mu-pig@main/%E7%BD%97%E8%8E%8E%E7%90%B3%E5%BE%B7%C2%B7%E6%B5%B7%E5%B0%94%E5%8A%A0/nsfw/%E8%82%9B%E4%BA%A4/%E7%BD%97%E8%8E%8E%E7%90%B3%E5%BE%B7%C2%B7%E6%B5%B7%E5%B0%94%E5%8A%A0_nsfw_%E8%82%9B%E4%BA%A4_7.png","人物实际在场，在药房、诊室或休养房间接受诊察、包扎、调息指导，或照料另一名同处室内的成员；使用正常衣着和非露骨画面。","临安在诊室核对实际处方和复诊安排；半身构图，突出人物与关键物件；正常衣着、非露骨画面。","仅在上述场景实际发生、临安确实到场、相关同席者也实际在场，且已接入的正常新图与该画面吻合时，输出[临安][肛交][7]。未换图或场景不符时不调用此编号。","","正常图片待接入"
"临安","诊疗照护","肛交","8","临安/肛交/8.png","https://cdn.jsdelivr.net/gh/lsr756480586-dev/baicao-images@main/%E4%B8%B4%E5%AE%89/%E8%82%9B%E4%BA%A4/8.png","https://cdn.jsdelivr.net/gh/Yehehua1311/mu-pig@main/%E7%BD%97%E8%8E%8E%E7%90%B3%E5%BE%B7%C2%B7%E6%B5%B7%E5%B0%94%E5%8A%A0/nsfw/%E8%82%9B%E4%BA%A4/%E7%BD%97%E8%8E%8E%E7%90%B3%E5%BE%B7%C2%B7%E6%B5%B7%E5%B0%94%E5%8A%A0_nsfw_%E8%82%9B%E4%BA%A4_8.png","人物实际在场，在药房、诊室或休养房间接受诊察、包扎、调息指导，或照料另一名同处室内的成员；使用正常衣着和非露骨画面。","临安在药房整理常用药物与干净绷带；半身构图，突出人物与关键物件；正常衣着、非露骨画面。","仅在上述场景实际发生、临安确实到场、相关同席者也实际在场，且已接入的正常新图与该画面吻合时，输出[临安][肛交][8]。未换图或场景不符时不调用此编号。","","正常图片待接入"
"临安","诊疗照护","肛交","9","临安/肛交/9.png","https://cdn.jsdelivr.net/gh/lsr756480586-dev/baicao-images@main/%E4%B8%B4%E5%AE%89/%E8%82%9B%E4%BA%A4/9.png","https://cdn.jsdelivr.net/gh/Yehehua1311/mu-pig@main/%E7%BD%97%E8%8E%8E%E7%90%B3%E5%BE%B7%C2%B7%E6%B5%B7%E5%B0%94%E5%8A%A0/nsfw/%E8%82%9B%E4%BA%A4/%E7%BD%97%E8%8E%8E%E7%90%B3%E5%BE%B7%C2%B7%E6%B5%B7%E5%B0%94%E5%8A%A0_nsfw_%E8%82%9B%E4%BA%A4_9.png","人物实际在场，在药房、诊室或休养房间接受诊察、包扎、调息指导，或照料另一名同处室内的成员；使用正常衣着和非露骨画面。","临安在疲劳缓解后向同处室内的人说明身体情况；半身构图，突出人物与关键物件；正常衣着、非露骨画面。","仅在上述场景实际发生、临安确实到场、相关同席者也实际在场，且已接入的正常新图与该画面吻合时，输出[临安][肛交][9]。未换图或场景不符时不调用此编号。","","正常图片待接入"
"临安","诊疗照护","肛交","10","临安/肛交/10.png","https://cdn.jsdelivr.net/gh/lsr756480586-dev/baicao-images@main/%E4%B8%B4%E5%AE%89/%E8%82%9B%E4%BA%A4/10.png","https://cdn.jsdelivr.net/gh/Yehehua1311/mu-pig@main/%E7%BD%97%E8%8E%8E%E7%90%B3%E5%BE%B7%C2%B7%E6%B5%B7%E5%B0%94%E5%8A%A0/nsfw/%E8%82%9B%E4%BA%A4/%E7%BD%97%E8%8E%8E%E7%90%B3%E5%BE%B7%C2%B7%E6%B5%B7%E5%B0%94%E5%8A%A0_nsfw_%E8%82%9B%E4%BA%A4_10.png","人物实际在场，在药房、诊室或休养房间接受诊察、包扎、调息指导，或照料另一名同处室内的成员；使用正常衣着和非露骨画面。","临安在室内协助准备清洁伤口所需的正常用品；半身构图，突出人物与关键物件；正常衣着、非露骨画面。","仅在上述场景实际发生、临安确实到场、相关同席者也实际在场，且已接入的正常新图与该画面吻合时，输出[临安][肛交][10]。未换图或场景不符时不调用此编号。","","正常图片待接入"
"临安","诊疗照护","肛交","11","临安/肛交/11.png","https://cdn.jsdelivr.net/gh/lsr756480586-dev/baicao-images@main/%E4%B8%B4%E5%AE%89/%E8%82%9B%E4%BA%A4/11.png","https://cdn.jsdelivr.net/gh/Yehehua1311/mu-pig@main/%E7%BD%97%E8%8E%8E%E7%90%B3%E5%BE%B7%C2%B7%E6%B5%B7%E5%B0%94%E5%8A%A0/nsfw/%E8%82%9B%E4%BA%A4/%E7%BD%97%E8%8E%8E%E7%90%B3%E5%BE%B7%C2%B7%E6%B5%B7%E5%B0%94%E5%8A%A0_nsfw_%E8%82%9B%E4%BA%A4_11.png","人物实际在场，在药房、诊室或休养房间接受诊察、包扎、调息指导，或照料另一名同处室内的成员；使用正常衣着和非露骨画面。","临安在药房接受药师询问，保持正常衣着；较宽构图，交代人物与场所；正常衣着、非露骨画面。","仅在上述场景实际发生、临安确实到场、相关同席者也实际在场，且已接入的正常新图与该画面吻合时，输出[临安][肛交][11]。未换图或场景不符时不调用此编号。","","正常图片待接入"
"临安","出行护送","足交","1","临安/足交/1.png","https://cdn.jsdelivr.net/gh/lsr756480586-dev/baicao-images@main/%E4%B8%B4%E5%AE%89/%E8%B6%B3%E4%BA%A4/1.png","https://cdn.jsdelivr.net/gh/Yehehua1311/mu-pig@main/%E7%BD%97%E8%8E%8E%E7%90%B3%E5%BE%B7%C2%B7%E6%B5%B7%E5%B0%94%E5%8A%A0/nsfw/%E8%B6%B3%E4%BA%A4/%E7%BD%97%E8%8E%8E%E7%90%B3%E5%BE%B7%C2%B7%E6%B5%B7%E5%B0%94%E5%8A%A0_nsfw_%E8%B6%B3%E4%BA%A4_1.png","人物实际随队采购、护送流民、巡守或赶路，并出现与图片对应的出发、行进、避雨、歇脚或归来情境。","临安在百草园院门核对出行物品后准备出发；半身构图，突出人物与关键物件；正常衣着、非露骨画面。","仅在上述场景实际发生、临安确实到场、相关同席者也实际在场，且已接入的正常新图与该画面吻合时，输出[临安][足交][1]。未换图或场景不符时不调用此编号。","","正常图片待接入"
"临安","出行护送","足交","2","临安/足交/2.png","https://cdn.jsdelivr.net/gh/lsr756480586-dev/baicao-images@main/%E4%B8%B4%E5%AE%89/%E8%B6%B3%E4%BA%A4/2.png","https://cdn.jsdelivr.net/gh/Yehehua1311/mu-pig@main/%E7%BD%97%E8%8E%8E%E7%90%B3%E5%BE%B7%C2%B7%E6%B5%B7%E5%B0%94%E5%8A%A0/nsfw/%E8%B6%B3%E4%BA%A4/%E7%BD%97%E8%8E%8E%E7%90%B3%E5%BE%B7%C2%B7%E6%B5%B7%E5%B0%94%E5%8A%A0_nsfw_%E8%B6%B3%E4%BA%A4_2.png","人物实际随队采购、护送流民、巡守或赶路，并出现与图片对应的出发、行进、避雨、歇脚或归来情境。","临安在白帝城街道随队采购；半身构图，突出人物与关键物件；正常衣着、非露骨画面。","仅在上述场景实际发生、临安确实到场、相关同席者也实际在场，且已接入的正常新图与该画面吻合时，输出[临安][足交][2]。未换图或场景不符时不调用此编号。","","正常图片待接入"
"临安","出行护送","足交","3","临安/足交/3.png","https://cdn.jsdelivr.net/gh/lsr756480586-dev/baicao-images@main/%E4%B8%B4%E5%AE%89/%E8%B6%B3%E4%BA%A4/3.png","https://cdn.jsdelivr.net/gh/Yehehua1311/mu-pig@main/%E7%BD%97%E8%8E%8E%E7%90%B3%E5%BE%B7%C2%B7%E6%B5%B7%E5%B0%94%E5%8A%A0/nsfw/%E8%B6%B3%E4%BA%A4/%E7%BD%97%E8%8E%8E%E7%90%B3%E5%BE%B7%C2%B7%E6%B5%B7%E5%B0%94%E5%8A%A0_nsfw_%E8%B6%B3%E4%BA%A4_3.png","人物实际随队采购、护送流民、巡守或赶路，并出现与图片对应的出发、行进、避雨、歇脚或归来情境。","临安在青州城城门与同行者核对路引；半身构图，突出人物与关键物件；正常衣着、非露骨画面。","仅在上述场景实际发生、临安确实到场、相关同席者也实际在场，且已接入的正常新图与该画面吻合时，输出[临安][足交][3]。未换图或场景不符时不调用此编号。","","正常图片待接入"
"临安","出行护送","足交","4","临安/足交/4.png","https://cdn.jsdelivr.net/gh/lsr756480586-dev/baicao-images@main/%E4%B8%B4%E5%AE%89/%E8%B6%B3%E4%BA%A4/4.png","https://cdn.jsdelivr.net/gh/Yehehua1311/mu-pig@main/%E7%BD%97%E8%8E%8E%E7%90%B3%E5%BE%B7%C2%B7%E6%B5%B7%E5%B0%94%E5%8A%A0/nsfw/%E8%B6%B3%E4%BA%A4/%E7%BD%97%E8%8E%8E%E7%90%B3%E5%BE%B7%C2%B7%E6%B5%B7%E5%B0%94%E5%8A%A0_nsfw_%E8%B6%B3%E4%BA%A4_4.png","人物实际随队采购、护送流民、巡守或赶路，并出现与图片对应的出发、行进、避雨、歇脚或归来情境。","临安在商路途中与队伍短暂停步；半身构图，突出人物与关键物件；正常衣着、非露骨画面。","仅在上述场景实际发生、临安确实到场、相关同席者也实际在场，且已接入的正常新图与该画面吻合时，输出[临安][足交][4]。未换图或场景不符时不调用此编号。","","正常图片待接入"
"临安","私室交谈","口交","1","临安/口交/1.png","https://cdn.jsdelivr.net/gh/lsr756480586-dev/baicao-images@main/%E4%B8%B4%E5%AE%89/%E5%8F%A3%E4%BA%A4/1.png","https://cdn.jsdelivr.net/gh/Yehehua1311/mu-pig@main/%E7%BD%97%E8%8E%8E%E7%90%B3%E5%BE%B7%C2%B7%E6%B5%B7%E5%B0%94%E5%8A%A0/nsfw/%E5%8F%A3%E4%BA%A4/%E7%BD%97%E8%8E%8E%E7%90%B3%E5%BE%B7%C2%B7%E6%B5%B7%E5%B0%94%E5%8A%A0_nsfw_%E5%8F%A3%E4%BA%A4_1.png","人物与园主或其他成员确实共同处于书房、茶间、休息室或客房，进行商议、倾诉旧事、解释顾虑或表达关心；亲近按既定人物关系发展。","临安在私人书房与园主同看布样；半身构图，突出人物与关键物件；正常衣着、非露骨画面。","仅在上述场景实际发生、临安确实到场、相关同席者也实际在场，且已接入的正常新图与该画面吻合时，输出[临安][口交][1]。未换图或场景不符时不调用此编号。","","正常图片待接入"
"临安","私室交谈","口交","2","临安/口交/2.png","https://cdn.jsdelivr.net/gh/lsr756480586-dev/baicao-images@main/%E4%B8%B4%E5%AE%89/%E5%8F%A3%E4%BA%A4/2.png","https://cdn.jsdelivr.net/gh/Yehehua1311/mu-pig@main/%E7%BD%97%E8%8E%8E%E7%90%B3%E5%BE%B7%C2%B7%E6%B5%B7%E5%B0%94%E5%8A%A0/nsfw/%E5%8F%A3%E4%BA%A4/%E7%BD%97%E8%8E%8E%E7%90%B3%E5%BE%B7%C2%B7%E6%B5%B7%E5%B0%94%E5%8A%A0_nsfw_%E5%8F%A3%E4%BA%A4_2.png","人物与园主或其他成员确实共同处于书房、茶间、休息室或客房，进行商议、倾诉旧事、解释顾虑或表达关心；亲近按既定人物关系发展。","临安在室内茶间说起个人生活愿望；半身构图，突出人物与关键物件；正常衣着、非露骨画面。","仅在上述场景实际发生、临安确实到场、相关同席者也实际在场，且已接入的正常新图与该画面吻合时，输出[临安][口交][2]。未换图或场景不符时不调用此编号。","","正常图片待接入"
"临安","私室交谈","口交","3","临安/口交/3.png","https://cdn.jsdelivr.net/gh/lsr756480586-dev/baicao-images@main/%E4%B8%B4%E5%AE%89/%E5%8F%A3%E4%BA%A4/3.png","https://cdn.jsdelivr.net/gh/Yehehua1311/mu-pig@main/%E7%BD%97%E8%8E%8E%E7%90%B3%E5%BE%B7%C2%B7%E6%B5%B7%E5%B0%94%E5%8A%A0/nsfw/%E5%8F%A3%E4%BA%A4/%E7%BD%97%E8%8E%8E%E7%90%B3%E5%BE%B7%C2%B7%E6%B5%B7%E5%B0%94%E5%8A%A0_nsfw_%E5%8F%A3%E4%BA%A4_3.png","人物与园主或其他成员确实共同处于书房、茶间、休息室或客房，进行商议、倾诉旧事、解释顾虑或表达关心；亲近按既定人物关系发展。","临安在住处待客间谈论已经发生的旧事；半身构图，突出人物与关键物件；正常衣着、非露骨画面。","仅在上述场景实际发生、临安确实到场、相关同席者也实际在场，且已接入的正常新图与该画面吻合时，输出[临安][口交][3]。未换图或场景不符时不调用此编号。","","正常图片待接入"
"临安","私室交谈","口交","4","临安/口交/4.png","https://cdn.jsdelivr.net/gh/lsr756480586-dev/baicao-images@main/%E4%B8%B4%E5%AE%89/%E5%8F%A3%E4%BA%A4/4.png","https://cdn.jsdelivr.net/gh/Yehehua1311/mu-pig@main/%E7%BD%97%E8%8E%8E%E7%90%B3%E5%BE%B7%C2%B7%E6%B5%B7%E5%B0%94%E5%8A%A0/nsfw/%E5%8F%A3%E4%BA%A4/%E7%BD%97%E8%8E%8E%E7%90%B3%E5%BE%B7%C2%B7%E6%B5%B7%E5%B0%94%E5%8A%A0_nsfw_%E5%8F%A3%E4%BA%A4_4.png","人物与园主或其他成员确实共同处于书房、茶间、休息室或客房，进行商议、倾诉旧事、解释顾虑或表达关心；亲近按既定人物关系发展。","临安在关门的休息室说明工作顾虑；半身构图，突出人物与关键物件；正常衣着、非露骨画面。","仅在上述场景实际发生、临安确实到场、相关同席者也实际在场，且已接入的正常新图与该画面吻合时，输出[临安][口交][4]。未换图或场景不符时不调用此编号。","","正常图片待接入"
"临安","私室交谈","口交","5","临安/口交/5.png","https://cdn.jsdelivr.net/gh/lsr756480586-dev/baicao-images@main/%E4%B8%B4%E5%AE%89/%E5%8F%A3%E4%BA%A4/5.png","https://cdn.jsdelivr.net/gh/Yehehua1311/mu-pig@main/%E7%BD%97%E8%8E%8E%E7%90%B3%E5%BE%B7%C2%B7%E6%B5%B7%E5%B0%94%E5%8A%A0/nsfw/%E5%8F%A3%E4%BA%A4/%E7%BD%97%E8%8E%8E%E7%90%B3%E5%BE%B7%C2%B7%E6%B5%B7%E5%B0%94%E5%8A%A0_nsfw_%E5%8F%A3%E4%BA%A4_5.png","人物与园主或其他成员确实共同处于书房、茶间、休息室或客房，进行商议、倾诉旧事、解释顾虑或表达关心；亲近按既定人物关系发展。","临安在私人小厅向园主解释一场实际争议；半身构图，突出人物与关键物件；正常衣着、非露骨画面。","仅在上述场景实际发生、临安确实到场、相关同席者也实际在场，且已接入的正常新图与该画面吻合时，输出[临安][口交][5]。未换图或场景不符时不调用此编号。","","正常图片待接入"
"临安","私室交谈","口交","6","临安/口交/6.png","https://cdn.jsdelivr.net/gh/lsr756480586-dev/baicao-images@main/%E4%B8%B4%E5%AE%89/%E5%8F%A3%E4%BA%A4/6.png","https://cdn.jsdelivr.net/gh/Yehehua1311/mu-pig@main/%E7%BD%97%E8%8E%8E%E7%90%B3%E5%BE%B7%C2%B7%E6%B5%B7%E5%B0%94%E5%8A%A0/nsfw/%E5%8F%A3%E4%BA%A4/%E7%BD%97%E8%8E%8E%E7%90%B3%E5%BE%B7%C2%B7%E6%B5%B7%E5%B0%94%E5%8A%A0_nsfw_%E5%8F%A3%E4%BA%A4_6.png","人物与园主或其他成员确实共同处于书房、茶间、休息室或客房，进行商议、倾诉旧事、解释顾虑或表达关心；亲近按既定人物关系发展。","临安在雨夜书房与园主共读地方志；半身构图，突出人物与关键物件；正常衣着、非露骨画面。","仅在上述场景实际发生、临安确实到场、相关同席者也实际在场，且已接入的正常新图与该画面吻合时，输出[临安][口交][6]。未换图或场景不符时不调用此编号。","","正常图片待接入"
"临安","私室交谈","口交","7","临安/口交/7.png","https://cdn.jsdelivr.net/gh/lsr756480586-dev/baicao-images@main/%E4%B8%B4%E5%AE%89/%E5%8F%A3%E4%BA%A4/7.png","https://cdn.jsdelivr.net/gh/Yehehua1311/mu-pig@main/%E7%BD%97%E8%8E%8E%E7%90%B3%E5%BE%B7%C2%B7%E6%B5%B7%E5%B0%94%E5%8A%A0/nsfw/%E5%8F%A3%E4%BA%A4/%E7%BD%97%E8%8E%8E%E7%90%B3%E5%BE%B7%C2%B7%E6%B5%B7%E5%B0%94%E5%8A%A0_nsfw_%E5%8F%A3%E4%BA%A4_7.png","人物与园主或其他成员确实共同处于书房、茶间、休息室或客房，进行商议、倾诉旧事、解释顾虑或表达关心；亲近按既定人物关系发展。","临安在室内与另一位实际到场的成员商议染色样本；半身构图，突出人物与关键物件；正常衣着、非露骨画面。","仅在上述场景实际发生、临安确实到场、相关同席者也实际在场，且已接入的正常新图与该画面吻合时，输出[临安][口交][7]。未换图或场景不符时不调用此编号。","","正常图片待接入"
"临安","私室交谈","口交","8","临安/口交/8.png","https://cdn.jsdelivr.net/gh/lsr756480586-dev/baicao-images@main/%E4%B8%B4%E5%AE%89/%E5%8F%A3%E4%BA%A4/8.png","https://cdn.jsdelivr.net/gh/Yehehua1311/mu-pig@main/%E7%BD%97%E8%8E%8E%E7%90%B3%E5%BE%B7%C2%B7%E6%B5%B7%E5%B0%94%E5%8A%A0/nsfw/%E5%8F%A3%E4%BA%A4/%E7%BD%97%E8%8E%8E%E7%90%B3%E5%BE%B7%C2%B7%E6%B5%B7%E5%B0%94%E5%8A%A0_nsfw_%E5%8F%A3%E4%BA%A4_8.png","人物与园主或其他成员确实共同处于书房、茶间、休息室或客房，进行商议、倾诉旧事、解释顾虑或表达关心；亲近按既定人物关系发展。","临安在茶案旁表达关心并递上热茶；半身构图，突出人物与关键物件；正常衣着、非露骨画面。","仅在上述场景实际发生、临安确实到场、相关同席者也实际在场，且已接入的正常新图与该画面吻合时，输出[临安][口交][8]。未换图或场景不符时不调用此编号。","","正常图片待接入"
"临安","私室交谈","口交","9","临安/口交/9.png","https://cdn.jsdelivr.net/gh/lsr756480586-dev/baicao-images@main/%E4%B8%B4%E5%AE%89/%E5%8F%A3%E4%BA%A4/9.png","https://cdn.jsdelivr.net/gh/Yehehua1311/mu-pig@main/%E7%BD%97%E8%8E%8E%E7%90%B3%E5%BE%B7%C2%B7%E6%B5%B7%E5%B0%94%E5%8A%A0/nsfw/%E5%8F%A3%E4%BA%A4/%E7%BD%97%E8%8E%8E%E7%90%B3%E5%BE%B7%C2%B7%E6%B5%B7%E5%B0%94%E5%8A%A0_nsfw_%E5%8F%A3%E4%BA%A4_9.png","人物与园主或其他成员确实共同处于书房、茶间、休息室或客房，进行商议、倾诉旧事、解释顾虑或表达关心；亲近按既定人物关系发展。","临安在休息间将尚未解决的问题写在便笺上；半身构图，突出人物与关键物件；正常衣着、非露骨画面。","仅在上述场景实际发生、临安确实到场、相关同席者也实际在场，且已接入的正常新图与该画面吻合时，输出[临安][口交][9]。未换图或场景不符时不调用此编号。","","正常图片待接入"
"临安","私室交谈","口交","10","临安/口交/10.png","https://cdn.jsdelivr.net/gh/lsr756480586-dev/baicao-images@main/%E4%B8%B4%E5%AE%89/%E5%8F%A3%E4%BA%A4/10.png","https://cdn.jsdelivr.net/gh/Yehehua1311/mu-pig@main/%E7%BD%97%E8%8E%8E%E7%90%B3%E5%BE%B7%C2%B7%E6%B5%B7%E5%B0%94%E5%8A%A0/nsfw/%E5%8F%A3%E4%BA%A4/%E7%BD%97%E8%8E%8E%E7%90%B3%E5%BE%B7%C2%B7%E6%B5%B7%E5%B0%94%E5%8A%A0_nsfw_%E5%8F%A3%E4%BA%A4_10.png","人物与园主或其他成员确实共同处于书房、茶间、休息室或客房，进行商议、倾诉旧事、解释顾虑或表达关心；亲近按既定人物关系发展。","临安在灯下谈完正事后轻松闲聊；半身构图，突出人物与关键物件；正常衣着、非露骨画面。","仅在上述场景实际发生、临安确实到场、相关同席者也实际在场，且已接入的正常新图与该画面吻合时，输出[临安][口交][10]。未换图或场景不符时不调用此编号。","","正常图片待接入"
"临安","私室交谈","口交","11","临安/口交/11.png","https://cdn.jsdelivr.net/gh/lsr756480586-dev/baicao-images@main/%E4%B8%B4%E5%AE%89/%E5%8F%A3%E4%BA%A4/11.png","https://cdn.jsdelivr.net/gh/Yehehua1311/mu-pig@main/%E7%BD%97%E8%8E%8E%E7%90%B3%E5%BE%B7%C2%B7%E6%B5%B7%E5%B0%94%E5%8A%A0/nsfw/%E5%8F%A3%E4%BA%A4/%E7%BD%97%E8%8E%8E%E7%90%B3%E5%BE%B7%C2%B7%E6%B5%B7%E5%B0%94%E5%8A%A0_nsfw_%E5%8F%A3%E4%BA%A4_11.png","人物与园主或其他成员确实共同处于书房、茶间、休息室或客房，进行商议、倾诉旧事、解释顾虑或表达关心；亲近按既定人物关系发展。","临安在私人书房与园主同看布样；较宽构图，交代人物与场所；正常衣着、非露骨画面。","仅在上述场景实际发生、临安确实到场、相关同席者也实际在场，且已接入的正常新图与该画面吻合时，输出[临安][口交][11]。未换图或场景不符时不调用此编号。","","正常图片待接入"
"临安","私室交谈","口交","12","临安/口交/12.png","https://cdn.jsdelivr.net/gh/lsr756480586-dev/baicao-images@main/%E4%B8%B4%E5%AE%89/%E5%8F%A3%E4%BA%A4/12.png","https://cdn.jsdelivr.net/gh/Yehehua1311/mu-pig@main/%E7%BD%97%E8%8E%8E%E7%90%B3%E5%BE%B7%C2%B7%E6%B5%B7%E5%B0%94%E5%8A%A0/nsfw/%E5%8F%A3%E4%BA%A4/%E7%BD%97%E8%8E%8E%E7%90%B3%E5%BE%B7%C2%B7%E6%B5%B7%E5%B0%94%E5%8A%A0_nsfw_%E5%8F%A3%E4%BA%A4_12.png","人物与园主或其他成员确实共同处于书房、茶间、休息室或客房，进行商议、倾诉旧事、解释顾虑或表达关心；亲近按既定人物关系发展。","临安在室内茶间说起个人生活愿望；较宽构图，交代人物与场所；正常衣着、非露骨画面。","仅在上述场景实际发生、临安确实到场、相关同席者也实际在场，且已接入的正常新图与该画面吻合时，输出[临安][口交][12]。未换图或场景不符时不调用此编号。","","正常图片待接入"
"临安","私室交谈","口交","13","临安/口交/13.png","https://cdn.jsdelivr.net/gh/lsr756480586-dev/baicao-images@main/%E4%B8%B4%E5%AE%89/%E5%8F%A3%E4%BA%A4/13.png","https://cdn.jsdelivr.net/gh/Yehehua1311/mu-pig@main/%E7%BD%97%E8%8E%8E%E7%90%B3%E5%BE%B7%C2%B7%E6%B5%B7%E5%B0%94%E5%8A%A0/nsfw/%E5%8F%A3%E4%BA%A4/%E7%BD%97%E8%8E%8E%E7%90%B3%E5%BE%B7%C2%B7%E6%B5%B7%E5%B0%94%E5%8A%A0_nsfw_%E5%8F%A3%E4%BA%A4_13.png","人物与园主或其他成员确实共同处于书房、茶间、休息室或客房，进行商议、倾诉旧事、解释顾虑或表达关心；亲近按既定人物关系发展。","临安在住处待客间谈论已经发生的旧事；较宽构图，交代人物与场所；正常衣着、非露骨画面。","仅在上述场景实际发生、临安确实到场、相关同席者也实际在场，且已接入的正常新图与该画面吻合时，输出[临安][口交][13]。未换图或场景不符时不调用此编号。","","正常图片待接入"
"临安","协作修习","性交","1","临安/性交/1.png","https://cdn.jsdelivr.net/gh/lsr756480586-dev/baicao-images@main/%E4%B8%B4%E5%AE%89/%E6%80%A7%E4%BA%A4/1.png","https://cdn.jsdelivr.net/gh/Yehehua1311/mu-pig@main/%E7%BD%97%E8%8E%8E%E7%90%B3%E5%BE%B7%C2%B7%E6%B5%B7%E5%B0%94%E5%8A%A0/nsfw/%E6%80%A7%E4%BA%A4/%E7%BD%97%E8%8E%8E%E7%90%B3%E5%BE%B7%C2%B7%E6%B5%B7%E5%B0%94%E5%8A%A0_nsfw_%E6%80%A7%E4%BA%A4_1.png","人物实际在场，共同研习术法、调试符器、练剑、试制农具兵器或协作完成一项工作，出现与图片对应的操作、指点或成果展示。","临安在工作间与同席者核对布样的操作或记录步骤；半身构图，突出人物与关键物件；正常衣着、非露骨画面。","仅在上述场景实际发生、临安确实到场、相关同席者也实际在场，且已接入的正常新图与该画面吻合时，输出[临安][性交][1]。未换图或场景不符时不调用此编号。","","正常图片待接入"
"临安","协作修习","性交","2","临安/性交/2.png","https://cdn.jsdelivr.net/gh/lsr756480586-dev/baicao-images@main/%E4%B8%B4%E5%AE%89/%E6%80%A7%E4%BA%A4/2.png","https://cdn.jsdelivr.net/gh/Yehehua1311/mu-pig@main/%E7%BD%97%E8%8E%8E%E7%90%B3%E5%BE%B7%C2%B7%E6%B5%B7%E5%B0%94%E5%8A%A0/nsfw/%E6%80%A7%E4%BA%A4/%E7%BD%97%E8%8E%8E%E7%90%B3%E5%BE%B7%C2%B7%E6%B5%B7%E5%B0%94%E5%8A%A0_nsfw_%E6%80%A7%E4%BA%A4_2.png","人物实际在场，共同研习术法、调试符器、练剑、试制农具兵器或协作完成一项工作，出现与图片对应的操作、指点或成果展示。","临安在室内向园主展示与绣框有关的专业方法；半身构图，突出人物与关键物件；正常衣着、非露骨画面。","仅在上述场景实际发生、临安确实到场、相关同席者也实际在场，且已接入的正常新图与该画面吻合时，输出[临安][性交][2]。未换图或场景不符时不调用此编号。","","正常图片待接入"
"临安","协作修习","性交","3","临安/性交/3.png","https://cdn.jsdelivr.net/gh/lsr756480586-dev/baicao-images@main/%E4%B8%B4%E5%AE%89/%E6%80%A7%E4%BA%A4/3.png","https://cdn.jsdelivr.net/gh/Yehehua1311/mu-pig@main/%E7%BD%97%E8%8E%8E%E7%90%B3%E5%BE%B7%C2%B7%E6%B5%B7%E5%B0%94%E5%8A%A0/nsfw/%E6%80%A7%E4%BA%A4/%E7%BD%97%E8%8E%8E%E7%90%B3%E5%BE%B7%C2%B7%E6%B5%B7%E5%B0%94%E5%8A%A0_nsfw_%E6%80%A7%E4%BA%A4_3.png","人物实际在场，共同研习术法、调试符器、练剑、试制农具兵器或协作完成一项工作，出现与图片对应的操作、指点或成果展示。","临安在工坊参与一项已有能力范围内的协作任务；半身构图，突出人物与关键物件；正常衣着、非露骨画面。","仅在上述场景实际发生、临安确实到场、相关同席者也实际在场，且已接入的正常新图与该画面吻合时，输出[临安][性交][3]。未换图或场景不符时不调用此编号。","","正常图片待接入"
"临安","协作修习","性交","4","临安/性交/4.png","https://cdn.jsdelivr.net/gh/lsr756480586-dev/baicao-images@main/%E4%B8%B4%E5%AE%89/%E6%80%A7%E4%BA%A4/4.png","https://cdn.jsdelivr.net/gh/Yehehua1311/mu-pig@main/%E7%BD%97%E8%8E%8E%E7%90%B3%E5%BE%B7%C2%B7%E6%B5%B7%E5%B0%94%E5%8A%A0/nsfw/%E6%80%A7%E4%BA%A4/%E7%BD%97%E8%8E%8E%E7%90%B3%E5%BE%B7%C2%B7%E6%B5%B7%E5%B0%94%E5%8A%A0_nsfw_%E6%80%A7%E4%BA%A4_4.png","人物实际在场，共同研习术法、调试符器、练剑、试制农具兵器或协作完成一项工作，出现与图片对应的操作、指点或成果展示。","临安在书房与同席者共同推演染色样本；半身构图，突出人物与关键物件；正常衣着、非露骨画面。","仅在上述场景实际发生、临安确实到场、相关同席者也实际在场，且已接入的正常新图与该画面吻合时，输出[临安][性交][4]。未换图或场景不符时不调用此编号。","","正常图片待接入"
"临安","协作修习","性交","5","临安/性交/5.png","https://cdn.jsdelivr.net/gh/lsr756480586-dev/baicao-images@main/%E4%B8%B4%E5%AE%89/%E6%80%A7%E4%BA%A4/5.png","https://cdn.jsdelivr.net/gh/Yehehua1311/mu-pig@main/%E7%BD%97%E8%8E%8E%E7%90%B3%E5%BE%B7%C2%B7%E6%B5%B7%E5%B0%94%E5%8A%A0/nsfw/%E6%80%A7%E4%BA%A4/%E7%BD%97%E8%8E%8E%E7%90%B3%E5%BE%B7%C2%B7%E6%B5%B7%E5%B0%94%E5%8A%A0_nsfw_%E6%80%A7%E4%BA%A4_5.png","人物实际在场，共同研习术法、调试符器、练剑、试制农具兵器或协作完成一项工作，出现与图片对应的操作、指点或成果展示。","临安在练习室学习基础护身动作，不额外获得高阶能力；半身构图，突出人物与关键物件；正常衣着、非露骨画面。","仅在上述场景实际发生、临安确实到场、相关同席者也实际在场，且已接入的正常新图与该画面吻合时，输出[临安][性交][5]。未换图或场景不符时不调用此编号。","","正常图片待接入"
"临安","协作修习","性交","6","临安/性交/6.png","https://cdn.jsdelivr.net/gh/lsr756480586-dev/baicao-images@main/%E4%B8%B4%E5%AE%89/%E6%80%A7%E4%BA%A4/6.png","https://cdn.jsdelivr.net/gh/Yehehua1311/mu-pig@main/%E7%BD%97%E8%8E%8E%E7%90%B3%E5%BE%B7%C2%B7%E6%B5%B7%E5%B0%94%E5%8A%A0/nsfw/%E6%80%A7%E4%BA%A4/%E7%BD%97%E8%8E%8E%E7%90%B3%E5%BE%B7%C2%B7%E6%B5%B7%E5%B0%94%E5%8A%A0_nsfw_%E6%80%A7%E4%BA%A4_6.png","人物实际在场，共同研习术法、调试符器、练剑、试制农具兵器或协作完成一项工作，出现与图片对应的操作、指点或成果展示。","临安在工作台旁协助记录一次实际测试结果；半身构图，突出人物与关键物件；正常衣着、非露骨画面。","仅在上述场景实际发生、临安确实到场、相关同席者也实际在场，且已接入的正常新图与该画面吻合时，输出[临安][性交][6]。未换图或场景不符时不调用此编号。","","正常图片待接入"
"临安","协作修习","性交","7","临安/性交/7.png","https://cdn.jsdelivr.net/gh/lsr756480586-dev/baicao-images@main/%E4%B8%B4%E5%AE%89/%E6%80%A7%E4%BA%A4/7.png","https://cdn.jsdelivr.net/gh/Yehehua1311/mu-pig@main/%E7%BD%97%E8%8E%8E%E7%90%B3%E5%BE%B7%C2%B7%E6%B5%B7%E5%B0%94%E5%8A%A0/nsfw/%E6%80%A7%E4%BA%A4/%E7%BD%97%E8%8E%8E%E7%90%B3%E5%BE%B7%C2%B7%E6%B5%B7%E5%B0%94%E5%8A%A0_nsfw_%E6%80%A7%E4%BA%A4_7.png","人物实际在场，共同研习术法、调试符器、练剑、试制农具兵器或协作完成一项工作，出现与图片对应的操作、指点或成果展示。","临安在室内向实际到场的成员请教一个具体问题；半身构图，突出人物与关键物件；正常衣着、非露骨画面。","仅在上述场景实际发生、临安确实到场、相关同席者也实际在场，且已接入的正常新图与该画面吻合时，输出[临安][性交][7]。未换图或场景不符时不调用此编号。","","正常图片待接入"
"临安","协作修习","性交","8","临安/性交/8.png","https://cdn.jsdelivr.net/gh/lsr756480586-dev/baicao-images@main/%E4%B8%B4%E5%AE%89/%E6%80%A7%E4%BA%A4/8.png","https://cdn.jsdelivr.net/gh/Yehehua1311/mu-pig@main/%E7%BD%97%E8%8E%8E%E7%90%B3%E5%BE%B7%C2%B7%E6%B5%B7%E5%B0%94%E5%8A%A0/nsfw/%E6%80%A7%E4%BA%A4/%E7%BD%97%E8%8E%8E%E7%90%B3%E5%BE%B7%C2%B7%E6%B5%B7%E5%B0%94%E5%8A%A0_nsfw_%E6%80%A7%E4%BA%A4_8.png","人物实际在场，共同研习术法、调试符器、练剑、试制农具兵器或协作完成一项工作，出现与图片对应的操作、指点或成果展示。","临安在完成协作后展示已制作或整理的成果；半身构图，突出人物与关键物件；正常衣着、非露骨画面。","仅在上述场景实际发生、临安确实到场、相关同席者也实际在场，且已接入的正常新图与该画面吻合时，输出[临安][性交][8]。未换图或场景不符时不调用此编号。","","正常图片待接入"
"临安","协作修习","性交","9","临安/性交/9.png","https://cdn.jsdelivr.net/gh/lsr756480586-dev/baicao-images@main/%E4%B8%B4%E5%AE%89/%E6%80%A7%E4%BA%A4/9.png","https://cdn.jsdelivr.net/gh/Yehehua1311/mu-pig@main/%E7%BD%97%E8%8E%8E%E7%90%B3%E5%BE%B7%C2%B7%E6%B5%B7%E5%B0%94%E5%8A%A0/nsfw/%E6%80%A7%E4%BA%A4/%E7%BD%97%E8%8E%8E%E7%90%B3%E5%BE%B7%C2%B7%E6%B5%B7%E5%B0%94%E5%8A%A0_nsfw_%E6%80%A7%E4%BA%A4_9.png","人物实际在场，共同研习术法、调试符器、练剑、试制农具兵器或协作完成一项工作，出现与图片对应的操作、指点或成果展示。","临安在遇到失误时指认问题并重新核对步骤；半身构图，突出人物与关键物件；正常衣着、非露骨画面。","仅在上述场景实际发生、临安确实到场、相关同席者也实际在场，且已接入的正常新图与该画面吻合时，输出[临安][性交][9]。未换图或场景不符时不调用此编号。","","正常图片待接入"
"临安","协作修习","性交","10","临安/性交/10.png","https://cdn.jsdelivr.net/gh/lsr756480586-dev/baicao-images@main/%E4%B8%B4%E5%AE%89/%E6%80%A7%E4%BA%A4/10.png","https://cdn.jsdelivr.net/gh/Yehehua1311/mu-pig@main/%E7%BD%97%E8%8E%8E%E7%90%B3%E5%BE%B7%C2%B7%E6%B5%B7%E5%B0%94%E5%8A%A0/nsfw/%E6%80%A7%E4%BA%A4/%E7%BD%97%E8%8E%8E%E7%90%B3%E5%BE%B7%C2%B7%E6%B5%B7%E5%B0%94%E5%8A%A0_nsfw_%E6%80%A7%E4%BA%A4_10.png","人物实际在场，共同研习术法、调试符器、练剑、试制农具兵器或协作完成一项工作，出现与图片对应的操作、指点或成果展示。","临安在休息室与同席者总结已经完成的练习；半身构图，突出人物与关键物件；正常衣着、非露骨画面。","仅在上述场景实际发生、临安确实到场、相关同席者也实际在场，且已接入的正常新图与该画面吻合时，输出[临安][性交][10]。未换图或场景不符时不调用此编号。","","正常图片待接入"
"临安","协作修习","性交","11","临安/性交/11.png","https://cdn.jsdelivr.net/gh/lsr756480586-dev/baicao-images@main/%E4%B8%B4%E5%AE%89/%E6%80%A7%E4%BA%A4/11.png","https://cdn.jsdelivr.net/gh/Yehehua1311/mu-pig@main/%E7%BD%97%E8%8E%8E%E7%90%B3%E5%BE%B7%C2%B7%E6%B5%B7%E5%B0%94%E5%8A%A0/nsfw/%E6%80%A7%E4%BA%A4/%E7%BD%97%E8%8E%8E%E7%90%B3%E5%BE%B7%C2%B7%E6%B5%B7%E5%B0%94%E5%8A%A0_nsfw_%E6%80%A7%E4%BA%A4_11.png","人物实际在场，共同研习术法、调试符器、练剑、试制农具兵器或协作完成一项工作，出现与图片对应的操作、指点或成果展示。","临安在工作间与同席者核对布样的操作或记录步骤；较宽构图，交代人物与场所；正常衣着、非露骨画面。","仅在上述场景实际发生、临安确实到场、相关同席者也实际在场，且已接入的正常新图与该画面吻合时，输出[临安][性交][11]。未换图或场景不符时不调用此编号。","","正常图片待接入"
"临安","协作修习","性交","12","临安/性交/12.png","https://cdn.jsdelivr.net/gh/lsr756480586-dev/baicao-images@main/%E4%B8%B4%E5%AE%89/%E6%80%A7%E4%BA%A4/12.png","https://cdn.jsdelivr.net/gh/Yehehua1311/mu-pig@main/%E7%BD%97%E8%8E%8E%E7%90%B3%E5%BE%B7%C2%B7%E6%B5%B7%E5%B0%94%E5%8A%A0/nsfw/%E6%80%A7%E4%BA%A4/%E7%BD%97%E8%8E%8E%E7%90%B3%E5%BE%B7%C2%B7%E6%B5%B7%E5%B0%94%E5%8A%A0_nsfw_%E6%80%A7%E4%BA%A4_12.png","人物实际在场，共同研习术法、调试符器、练剑、试制农具兵器或协作完成一项工作，出现与图片对应的操作、指点或成果展示。","临安在室内向园主展示与绣框有关的专业方法；较宽构图，交代人物与场所；正常衣着、非露骨画面。","仅在上述场景实际发生、临安确实到场、相关同席者也实际在场，且已接入的正常新图与该画面吻合时，输出[临安][性交][12]。未换图或场景不符时不调用此编号。","","正常图片待接入"
"临安","协作修习","性交","13","临安/性交/13.png","https://cdn.jsdelivr.net/gh/lsr756480586-dev/baicao-images@main/%E4%B8%B4%E5%AE%89/%E6%80%A7%E4%BA%A4/13.png","https://cdn.jsdelivr.net/gh/Yehehua1311/mu-pig@main/%E7%BD%97%E8%8E%8E%E7%90%B3%E5%BE%B7%C2%B7%E6%B5%B7%E5%B0%94%E5%8A%A0/nsfw/%E6%80%A7%E4%BA%A4/%E7%BD%97%E8%8E%8E%E7%90%B3%E5%BE%B7%C2%B7%E6%B5%B7%E5%B0%94%E5%8A%A0_nsfw_%E6%80%A7%E4%BA%A4_13.png","人物实际在场，共同研习术法、调试符器、练剑、试制农具兵器或协作完成一项工作，出现与图片对应的操作、指点或成果展示。","临安在工坊参与一项已有能力范围内的协作任务；较宽构图，交代人物与场所；正常衣着、非露骨画面。","仅在上述场景实际发生、临安确实到场、相关同席者也实际在场，且已接入的正常新图与该画面吻合时，输出[临安][性交][13]。未换图或场景不符时不调用此编号。","","正常图片待接入"
"秦照雪","立绘","","","秦照雪/立绘.png","https://cdn.jsdelivr.net/gh/lsr756480586-dev/baicao-images@main/%E7%A7%A6%E7%85%A7%E9%9B%AA/%E7%AB%8B%E7%BB%98.png","https://cdn.jsdelivr.net/gh/Yehehua1311/mu-pig@main/%E9%A1%BE%E8%A1%8D%E5%AE%B9/sfw/%E9%A1%BE%E8%A1%8D%E5%AE%B9_sfw_6.png","在人物菜单、状态栏或人物图库中显示该人物时使用。","秦照雪身着已确定的日常衣装，正面人物立绘，背景简洁。","人物菜单、状态栏或图库实际显示该人物时使用。","","立绘"
"秦照雪","日常","sfw","1","秦照雪/sfw/1.png","https://cdn.jsdelivr.net/gh/lsr756480586-dev/baicao-images@main/%E7%A7%A6%E7%85%A7%E9%9B%AA/sfw/1.png","https://cdn.jsdelivr.net/gh/Yehehua1311/mu-pig@main/%E9%A1%BE%E8%A1%8D%E5%AE%B9/sfw/%E9%A1%BE%E8%A1%8D%E5%AE%B9_sfw_1.png","人物实际在场，进行园务汇报、种粮育药、修器织染、用餐饮茶或公开会面，且画面适合当前情节。","秦照雪在岗位工作间展示巡守图并汇报进展；半身构图，突出人物与关键物件；正常衣着、非露骨画面。","仅在上述场景实际发生、秦照雪确实到场、相关同席者也实际在场，且已接入的正常新图与该画面吻合时，输出[秦照雪][sfw][1]。未换图或场景不符时不调用此编号。","","暂用原日常图，新画面计划待接入"
"秦照雪","日常","sfw","2","秦照雪/sfw/2.png","https://cdn.jsdelivr.net/gh/lsr756480586-dev/baicao-images@main/%E7%A7%A6%E7%85%A7%E9%9B%AA/sfw/2.png","https://cdn.jsdelivr.net/gh/Yehehua1311/mu-pig@main/%E9%A1%BE%E8%A1%8D%E5%AE%B9/sfw/%E9%A1%BE%E8%A1%8D%E5%AE%B9_sfw_2.png","人物实际在场，进行园务汇报、种粮育药、修器织染、用餐饮茶或公开会面，且画面适合当前情节。","秦照雪在室内茶间准备清茶；半身构图，突出人物与关键物件；正常衣着、非露骨画面。","仅在上述场景实际发生、秦照雪确实到场、相关同席者也实际在场，且已接入的正常新图与该画面吻合时，输出[秦照雪][sfw][2]。未换图或场景不符时不调用此编号。","","暂用原日常图，新画面计划待接入"
"秦照雪","日常","sfw","3","秦照雪/sfw/3.png","https://cdn.jsdelivr.net/gh/lsr756480586-dev/baicao-images@main/%E7%A7%A6%E7%85%A7%E9%9B%AA/sfw/3.png","https://cdn.jsdelivr.net/gh/Yehehua1311/mu-pig@main/%E9%A1%BE%E8%A1%8D%E5%AE%B9/sfw/%E9%A1%BE%E8%A1%8D%E5%AE%B9_sfw_3.png","人物实际在场，进行园务汇报、种粮育药、修器织染、用餐饮茶或公开会面，且画面适合当前情节。","秦照雪在窗边翻阅与护送名册有关的记录；半身构图，突出人物与关键物件；正常衣着、非露骨画面。","仅在上述场景实际发生、秦照雪确实到场、相关同席者也实际在场，且已接入的正常新图与该画面吻合时，输出[秦照雪][sfw][3]。未换图或场景不符时不调用此编号。","","暂用原日常图，新画面计划待接入"
"秦照雪","日常","sfw","4","秦照雪/sfw/4.png","https://cdn.jsdelivr.net/gh/lsr756480586-dev/baicao-images@main/%E7%A7%A6%E7%85%A7%E9%9B%AA/sfw/4.png","https://cdn.jsdelivr.net/gh/Yehehua1311/mu-pig@main/%E9%A1%BE%E8%A1%8D%E5%AE%B9/sfw/%E9%A1%BE%E8%A1%8D%E5%AE%B9_sfw_4.png","人物实际在场，进行园务汇报、种粮育药、修器织染、用餐饮茶或公开会面，且画面适合当前情节。","秦照雪在工作结束后收整护具；半身构图，突出人物与关键物件；正常衣着、非露骨画面。","仅在上述场景实际发生、秦照雪确实到场、相关同席者也实际在场，且已接入的正常新图与该画面吻合时，输出[秦照雪][sfw][4]。未换图或场景不符时不调用此编号。","","暂用原日常图，新画面计划待接入"
"秦照雪","日常","sfw","5","秦照雪/sfw/5.png","https://cdn.jsdelivr.net/gh/lsr756480586-dev/baicao-images@main/%E7%A7%A6%E7%85%A7%E9%9B%AA/sfw/5.png","https://cdn.jsdelivr.net/gh/Yehehua1311/mu-pig@main/%E9%A1%BE%E8%A1%8D%E5%AE%B9/sfw/%E9%A1%BE%E8%A1%8D%E5%AE%B9_sfw_5.png","人物实际在场，进行园务汇报、种粮育药、修器织染、用餐饮茶或公开会面，且画面适合当前情节。","秦照雪在白帝城商铺挑选生活物资；半身构图，突出人物与关键物件；正常衣着、非露骨画面。","仅在上述场景实际发生、秦照雪确实到场、相关同席者也实际在场，且已接入的正常新图与该画面吻合时，输出[秦照雪][sfw][5]。未换图或场景不符时不调用此编号。","","暂用原日常图，新画面计划待接入"
"秦照雪","日常","sfw","6","秦照雪/sfw/6.png","https://cdn.jsdelivr.net/gh/lsr756480586-dev/baicao-images@main/%E7%A7%A6%E7%85%A7%E9%9B%AA/sfw/6.png","https://cdn.jsdelivr.net/gh/Yehehua1311/mu-pig@main/%E9%A1%BE%E8%A1%8D%E5%AE%B9/sfw/%E9%A1%BE%E8%A1%8D%E5%AE%B9_sfw_6.png","人物实际在场，进行园务汇报、种粮育药、修器织染、用餐饮茶或公开会面，且画面适合当前情节。","秦照雪在青州城客栈核对随身物品；半身构图，突出人物与关键物件；正常衣着、非露骨画面。","仅在上述场景实际发生、秦照雪确实到场、相关同席者也实际在场，且已接入的正常新图与该画面吻合时，输出[秦照雪][sfw][6]。未换图或场景不符时不调用此编号。","","暂用原日常图，新画面计划待接入"
"秦照雪","日常","sfw","7","秦照雪/sfw/7.png","https://cdn.jsdelivr.net/gh/lsr756480586-dev/baicao-images@main/%E7%A7%A6%E7%85%A7%E9%9B%AA/sfw/7.png","https://cdn.jsdelivr.net/gh/Yehehua1311/mu-pig@main/%E9%A1%BE%E8%A1%8D%E5%AE%B9/sfw/%E9%A1%BE%E8%A1%8D%E5%AE%B9_sfw_7.png","人物实际在场，进行园务汇报、种粮育药、修器织染、用餐饮茶或公开会面，且画面适合当前情节。","秦照雪在百草园食堂同桌用餐；半身构图，突出人物与关键物件；正常衣着、非露骨画面。","仅在上述场景实际发生、秦照雪确实到场、相关同席者也实际在场，且已接入的正常新图与该画面吻合时，输出[秦照雪][sfw][7]。未换图或场景不符时不调用此编号。","","暂用原日常图，新画面计划待接入"
"秦照雪","日常","sfw","8","秦照雪/sfw/8.png","https://cdn.jsdelivr.net/gh/lsr756480586-dev/baicao-images@main/%E7%A7%A6%E7%85%A7%E9%9B%AA/sfw/8.png","https://cdn.jsdelivr.net/gh/Yehehua1311/mu-pig@main/%E9%A1%BE%E8%A1%8D%E5%AE%B9/sfw/%E9%A1%BE%E8%A1%8D%E5%AE%B9_sfw_8.png","人物实际在场，进行园务汇报、种粮育药、修器织染、用餐饮茶或公开会面，且画面适合当前情节。","秦照雪在回廊停步看雨；半身构图，突出人物与关键物件；正常衣着、非露骨画面。","仅在上述场景实际发生、秦照雪确实到场、相关同席者也实际在场，且已接入的正常新图与该画面吻合时，输出[秦照雪][sfw][8]。未换图或场景不符时不调用此编号。","","暂用原日常图，新画面计划待接入"
"秦照雪","诊疗照护","肛交","1","秦照雪/肛交/1.png","https://cdn.jsdelivr.net/gh/lsr756480586-dev/baicao-images@main/%E7%A7%A6%E7%85%A7%E9%9B%AA/%E8%82%9B%E4%BA%A4/1.png","https://cdn.jsdelivr.net/gh/Yehehua1311/mu-pig@main/%E9%A1%BE%E8%A1%8D%E5%AE%B9/nsfw/%E8%82%9B%E4%BA%A4/%E9%A1%BE%E8%A1%8D%E5%AE%B9_nsfw_%E8%82%9B%E4%BA%A4_1.png","人物实际在场，在药房、诊室或休养房间接受诊察、包扎、调息指导，或照料另一名同处室内的成员；使用正常衣着和非露骨画面。","秦照雪在药房接受药师询问，保持正常衣着；半身构图，突出人物与关键物件；正常衣着、非露骨画面。","仅在上述场景实际发生、秦照雪确实到场、相关同席者也实际在场，且已接入的正常新图与该画面吻合时，输出[秦照雪][肛交][1]。未换图或场景不符时不调用此编号。","","正常图片待接入"
"秦照雪","诊疗照护","肛交","2","秦照雪/肛交/2.png","https://cdn.jsdelivr.net/gh/lsr756480586-dev/baicao-images@main/%E7%A7%A6%E7%85%A7%E9%9B%AA/%E8%82%9B%E4%BA%A4/2.png","https://cdn.jsdelivr.net/gh/Yehehua1311/mu-pig@main/%E9%A1%BE%E8%A1%8D%E5%AE%B9/nsfw/%E8%82%9B%E4%BA%A4/%E9%A1%BE%E8%A1%8D%E5%AE%B9_nsfw_%E8%82%9B%E4%BA%A4_2.png","人物实际在场，在药房、诊室或休养房间接受诊察、包扎、调息指导，或照料另一名同处室内的成员；使用正常衣着和非露骨画面。","秦照雪在诊室就座，由医者检查手臂上的小伤；半身构图，突出人物与关键物件；正常衣着、非露骨画面。","仅在上述场景实际发生、秦照雪确实到场、相关同席者也实际在场，且已接入的正常新图与该画面吻合时，输出[秦照雪][肛交][2]。未换图或场景不符时不调用此编号。","","正常图片待接入"
"秦照雪","诊疗照护","肛交","3","秦照雪/肛交/3.png","https://cdn.jsdelivr.net/gh/lsr756480586-dev/baicao-images@main/%E7%A7%A6%E7%85%A7%E9%9B%AA/%E8%82%9B%E4%BA%A4/3.png","https://cdn.jsdelivr.net/gh/Yehehua1311/mu-pig@main/%E9%A1%BE%E8%A1%8D%E5%AE%B9/nsfw/%E8%82%9B%E4%BA%A4/%E9%A1%BE%E8%A1%8D%E5%AE%B9_nsfw_%E8%82%9B%E4%BA%A4_3.png","人物实际在场，在药房、诊室或休养房间接受诊察、包扎、调息指导，或照料另一名同处室内的成员；使用正常衣着和非露骨画面。","秦照雪在休养房间接过温水与药盏；半身构图，突出人物与关键物件；正常衣着、非露骨画面。","仅在上述场景实际发生、秦照雪确实到场、相关同席者也实际在场，且已接入的正常新图与该画面吻合时，输出[秦照雪][肛交][3]。未换图或场景不符时不调用此编号。","","正常图片待接入"
"秦照雪","诊疗照护","肛交","4","秦照雪/肛交/4.png","https://cdn.jsdelivr.net/gh/lsr756480586-dev/baicao-images@main/%E7%A7%A6%E7%85%A7%E9%9B%AA/%E8%82%9B%E4%BA%A4/4.png","https://cdn.jsdelivr.net/gh/Yehehua1311/mu-pig@main/%E9%A1%BE%E8%A1%8D%E5%AE%B9/nsfw/%E8%82%9B%E4%BA%A4/%E9%A1%BE%E8%A1%8D%E5%AE%B9_nsfw_%E8%82%9B%E4%BA%A4_4.png","人物实际在场，在药房、诊室或休养房间接受诊察、包扎、调息指导，或照料另一名同处室内的成员；使用正常衣着和非露骨画面。","秦照雪在医者指导下安静调息；半身构图，突出人物与关键物件；正常衣着、非露骨画面。","仅在上述场景实际发生、秦照雪确实到场、相关同席者也实际在场，且已接入的正常新图与该画面吻合时，输出[秦照雪][肛交][4]。未换图或场景不符时不调用此编号。","","正常图片待接入"
"秦照雪","诊疗照护","肛交","5","秦照雪/肛交/5.png","https://cdn.jsdelivr.net/gh/lsr756480586-dev/baicao-images@main/%E7%A7%A6%E7%85%A7%E9%9B%AA/%E8%82%9B%E4%BA%A4/5.png","https://cdn.jsdelivr.net/gh/Yehehua1311/mu-pig@main/%E9%A1%BE%E8%A1%8D%E5%AE%B9/nsfw/%E8%82%9B%E4%BA%A4/%E9%A1%BE%E8%A1%8D%E5%AE%B9_nsfw_%E8%82%9B%E4%BA%A4_5.png","人物实际在场，在药房、诊室或休养房间接受诊察、包扎、调息指导，或照料另一名同处室内的成员；使用正常衣着和非露骨画面。","秦照雪在室内为另一位实际到场的成员递送药包；半身构图，突出人物与关键物件；正常衣着、非露骨画面。","仅在上述场景实际发生、秦照雪确实到场、相关同席者也实际在场，且已接入的正常新图与该画面吻合时，输出[秦照雪][肛交][5]。未换图或场景不符时不调用此编号。","","正常图片待接入"
"秦照雪","诊疗照护","肛交","6","秦照雪/肛交/6.png","https://cdn.jsdelivr.net/gh/lsr756480586-dev/baicao-images@main/%E7%A7%A6%E7%85%A7%E9%9B%AA/%E8%82%9B%E4%BA%A4/6.png","https://cdn.jsdelivr.net/gh/Yehehua1311/mu-pig@main/%E9%A1%BE%E8%A1%8D%E5%AE%B9/nsfw/%E8%82%9B%E4%BA%A4/%E9%A1%BE%E8%A1%8D%E5%AE%B9_nsfw_%E8%82%9B%E4%BA%A4_6.png","人物实际在场，在药房、诊室或休养房间接受诊察、包扎、调息指导，或照料另一名同处室内的成员；使用正常衣着和非露骨画面。","秦照雪在休养室靠枕休息，室内有人陪伴；半身构图，突出人物与关键物件；正常衣着、非露骨画面。","仅在上述场景实际发生、秦照雪确实到场、相关同席者也实际在场，且已接入的正常新图与该画面吻合时，输出[秦照雪][肛交][6]。未换图或场景不符时不调用此编号。","","正常图片待接入"
"秦照雪","诊疗照护","肛交","7","秦照雪/肛交/7.png","https://cdn.jsdelivr.net/gh/lsr756480586-dev/baicao-images@main/%E7%A7%A6%E7%85%A7%E9%9B%AA/%E8%82%9B%E4%BA%A4/7.png","https://cdn.jsdelivr.net/gh/Yehehua1311/mu-pig@main/%E9%A1%BE%E8%A1%8D%E5%AE%B9/nsfw/%E8%82%9B%E4%BA%A4/%E9%A1%BE%E8%A1%8D%E5%AE%B9_nsfw_%E8%82%9B%E4%BA%A4_7.png","人物实际在场，在药房、诊室或休养房间接受诊察、包扎、调息指导，或照料另一名同处室内的成员；使用正常衣着和非露骨画面。","秦照雪在诊室核对实际处方和复诊安排；半身构图，突出人物与关键物件；正常衣着、非露骨画面。","仅在上述场景实际发生、秦照雪确实到场、相关同席者也实际在场，且已接入的正常新图与该画面吻合时，输出[秦照雪][肛交][7]。未换图或场景不符时不调用此编号。","","正常图片待接入"
"秦照雪","诊疗照护","肛交","8","秦照雪/肛交/8.png","https://cdn.jsdelivr.net/gh/lsr756480586-dev/baicao-images@main/%E7%A7%A6%E7%85%A7%E9%9B%AA/%E8%82%9B%E4%BA%A4/8.png","https://cdn.jsdelivr.net/gh/Yehehua1311/mu-pig@main/%E9%A1%BE%E8%A1%8D%E5%AE%B9/nsfw/%E8%82%9B%E4%BA%A4/%E9%A1%BE%E8%A1%8D%E5%AE%B9_nsfw_%E8%82%9B%E4%BA%A4_8.png","人物实际在场，在药房、诊室或休养房间接受诊察、包扎、调息指导，或照料另一名同处室内的成员；使用正常衣着和非露骨画面。","秦照雪在药房整理常用药物与干净绷带；半身构图，突出人物与关键物件；正常衣着、非露骨画面。","仅在上述场景实际发生、秦照雪确实到场、相关同席者也实际在场，且已接入的正常新图与该画面吻合时，输出[秦照雪][肛交][8]。未换图或场景不符时不调用此编号。","","正常图片待接入"
"秦照雪","诊疗照护","肛交","9","秦照雪/肛交/9.png","https://cdn.jsdelivr.net/gh/lsr756480586-dev/baicao-images@main/%E7%A7%A6%E7%85%A7%E9%9B%AA/%E8%82%9B%E4%BA%A4/9.png","https://cdn.jsdelivr.net/gh/Yehehua1311/mu-pig@main/%E9%A1%BE%E8%A1%8D%E5%AE%B9/nsfw/%E8%82%9B%E4%BA%A4/%E9%A1%BE%E8%A1%8D%E5%AE%B9_nsfw_%E8%82%9B%E4%BA%A4_9.png","人物实际在场，在药房、诊室或休养房间接受诊察、包扎、调息指导，或照料另一名同处室内的成员；使用正常衣着和非露骨画面。","秦照雪在疲劳缓解后向同处室内的人说明身体情况；半身构图，突出人物与关键物件；正常衣着、非露骨画面。","仅在上述场景实际发生、秦照雪确实到场、相关同席者也实际在场，且已接入的正常新图与该画面吻合时，输出[秦照雪][肛交][9]。未换图或场景不符时不调用此编号。","","正常图片待接入"
"秦照雪","出行护送","足交","1","秦照雪/足交/1.png","https://cdn.jsdelivr.net/gh/lsr756480586-dev/baicao-images@main/%E7%A7%A6%E7%85%A7%E9%9B%AA/%E8%B6%B3%E4%BA%A4/1.png","https://cdn.jsdelivr.net/gh/Yehehua1311/mu-pig@main/%E9%A1%BE%E8%A1%8D%E5%AE%B9/nsfw/%E8%B6%B3%E4%BA%A4/%E9%A1%BE%E8%A1%8D%E5%AE%B9_nsfw_%E8%B6%B3%E4%BA%A4_1.png","人物实际随队采购、护送流民、巡守或赶路，并出现与图片对应的出发、行进、避雨、歇脚或归来情境。","秦照雪在百草园院门核对出行物品后准备出发；半身构图，突出人物与关键物件；正常衣着、非露骨画面。","仅在上述场景实际发生、秦照雪确实到场、相关同席者也实际在场，且已接入的正常新图与该画面吻合时，输出[秦照雪][足交][1]。未换图或场景不符时不调用此编号。","","正常图片待接入"
"秦照雪","出行护送","足交","2","秦照雪/足交/2.png","https://cdn.jsdelivr.net/gh/lsr756480586-dev/baicao-images@main/%E7%A7%A6%E7%85%A7%E9%9B%AA/%E8%B6%B3%E4%BA%A4/2.png","https://cdn.jsdelivr.net/gh/Yehehua1311/mu-pig@main/%E9%A1%BE%E8%A1%8D%E5%AE%B9/nsfw/%E8%B6%B3%E4%BA%A4/%E9%A1%BE%E8%A1%8D%E5%AE%B9_nsfw_%E8%B6%B3%E4%BA%A4_2.png","人物实际随队采购、护送流民、巡守或赶路，并出现与图片对应的出发、行进、避雨、歇脚或归来情境。","秦照雪在白帝城街道随队采购；半身构图，突出人物与关键物件；正常衣着、非露骨画面。","仅在上述场景实际发生、秦照雪确实到场、相关同席者也实际在场，且已接入的正常新图与该画面吻合时，输出[秦照雪][足交][2]。未换图或场景不符时不调用此编号。","","正常图片待接入"
"秦照雪","出行护送","足交","3","秦照雪/足交/3.png","https://cdn.jsdelivr.net/gh/lsr756480586-dev/baicao-images@main/%E7%A7%A6%E7%85%A7%E9%9B%AA/%E8%B6%B3%E4%BA%A4/3.png","https://cdn.jsdelivr.net/gh/Yehehua1311/mu-pig@main/%E9%A1%BE%E8%A1%8D%E5%AE%B9/nsfw/%E8%B6%B3%E4%BA%A4/%E9%A1%BE%E8%A1%8D%E5%AE%B9_nsfw_%E8%B6%B3%E4%BA%A4_3.png","人物实际随队采购、护送流民、巡守或赶路，并出现与图片对应的出发、行进、避雨、歇脚或归来情境。","秦照雪在青州城城门与同行者核对路引；半身构图，突出人物与关键物件；正常衣着、非露骨画面。","仅在上述场景实际发生、秦照雪确实到场、相关同席者也实际在场，且已接入的正常新图与该画面吻合时，输出[秦照雪][足交][3]。未换图或场景不符时不调用此编号。","","正常图片待接入"
"秦照雪","出行护送","足交","4","秦照雪/足交/4.png","https://cdn.jsdelivr.net/gh/lsr756480586-dev/baicao-images@main/%E7%A7%A6%E7%85%A7%E9%9B%AA/%E8%B6%B3%E4%BA%A4/4.png","https://cdn.jsdelivr.net/gh/Yehehua1311/mu-pig@main/%E9%A1%BE%E8%A1%8D%E5%AE%B9/nsfw/%E8%B6%B3%E4%BA%A4/%E9%A1%BE%E8%A1%8D%E5%AE%B9_nsfw_%E8%B6%B3%E4%BA%A4_4.png","人物实际随队采购、护送流民、巡守或赶路，并出现与图片对应的出发、行进、避雨、歇脚或归来情境。","秦照雪在商路途中与队伍短暂停步；半身构图，突出人物与关键物件；正常衣着、非露骨画面。","仅在上述场景实际发生、秦照雪确实到场、相关同席者也实际在场，且已接入的正常新图与该画面吻合时，输出[秦照雪][足交][4]。未换图或场景不符时不调用此编号。","","正常图片待接入"
"秦照雪","出行护送","足交","5","秦照雪/足交/5.png","https://cdn.jsdelivr.net/gh/lsr756480586-dev/baicao-images@main/%E7%A7%A6%E7%85%A7%E9%9B%AA/%E8%B6%B3%E4%BA%A4/5.png","https://cdn.jsdelivr.net/gh/Yehehua1311/mu-pig@main/%E9%A1%BE%E8%A1%8D%E5%AE%B9/nsfw/%E8%B6%B3%E4%BA%A4/%E9%A1%BE%E8%A1%8D%E5%AE%B9_nsfw_%E8%B6%B3%E4%BA%A4_5.png","人物实际随队采购、护送流民、巡守或赶路，并出现与图片对应的出发、行进、避雨、歇脚或归来情境。","秦照雪在客栈厅内查看实际路线与巡守图；半身构图，突出人物与关键物件；正常衣着、非露骨画面。","仅在上述场景实际发生、秦照雪确实到场、相关同席者也实际在场，且已接入的正常新图与该画面吻合时，输出[秦照雪][足交][5]。未换图或场景不符时不调用此编号。","","正常图片待接入"
"秦照雪","出行护送","足交","6","秦照雪/足交/6.png","https://cdn.jsdelivr.net/gh/lsr756480586-dev/baicao-images@main/%E7%A7%A6%E7%85%A7%E9%9B%AA/%E8%B6%B3%E4%BA%A4/6.png","https://cdn.jsdelivr.net/gh/Yehehua1311/mu-pig@main/%E9%A1%BE%E8%A1%8D%E5%AE%B9/nsfw/%E8%B6%B3%E4%BA%A4/%E9%A1%BE%E8%A1%8D%E5%AE%B9_nsfw_%E8%B6%B3%E4%BA%A4_6.png","人物实际随队采购、护送流民、巡守或赶路，并出现与图片对应的出发、行进、避雨、歇脚或归来情境。","秦照雪在有顶棚的驿站与同行者避雨；半身构图，突出人物与关键物件；正常衣着、非露骨画面。","仅在上述场景实际发生、秦照雪确实到场、相关同席者也实际在场，且已接入的正常新图与该画面吻合时，输出[秦照雪][足交][6]。未换图或场景不符时不调用此编号。","","正常图片待接入"
"秦照雪","私室交谈","口交","1","秦照雪/口交/1.png","https://cdn.jsdelivr.net/gh/lsr756480586-dev/baicao-images@main/%E7%A7%A6%E7%85%A7%E9%9B%AA/%E5%8F%A3%E4%BA%A4/1.png","https://cdn.jsdelivr.net/gh/Yehehua1311/mu-pig@main/%E9%A1%BE%E8%A1%8D%E5%AE%B9/nsfw/%E5%8F%A3%E4%BA%A4/%E9%A1%BE%E8%A1%8D%E5%AE%B9_nsfw_%E5%8F%A3%E4%BA%A4_1.png","人物与园主或其他成员确实共同处于书房、茶间、休息室或客房，进行商议、倾诉旧事、解释顾虑或表达关心；亲近按既定人物关系发展。","秦照雪在私人书房与园主同看巡守图；半身构图，突出人物与关键物件；正常衣着、非露骨画面。","仅在上述场景实际发生、秦照雪确实到场、相关同席者也实际在场，且已接入的正常新图与该画面吻合时，输出[秦照雪][口交][1]。未换图或场景不符时不调用此编号。","","正常图片待接入"
"秦照雪","私室交谈","口交","2","秦照雪/口交/2.png","https://cdn.jsdelivr.net/gh/lsr756480586-dev/baicao-images@main/%E7%A7%A6%E7%85%A7%E9%9B%AA/%E5%8F%A3%E4%BA%A4/2.png","https://cdn.jsdelivr.net/gh/Yehehua1311/mu-pig@main/%E9%A1%BE%E8%A1%8D%E5%AE%B9/nsfw/%E5%8F%A3%E4%BA%A4/%E9%A1%BE%E8%A1%8D%E5%AE%B9_nsfw_%E5%8F%A3%E4%BA%A4_2.png","人物与园主或其他成员确实共同处于书房、茶间、休息室或客房，进行商议、倾诉旧事、解释顾虑或表达关心；亲近按既定人物关系发展。","秦照雪在室内茶间说起个人生活愿望；半身构图，突出人物与关键物件；正常衣着、非露骨画面。","仅在上述场景实际发生、秦照雪确实到场、相关同席者也实际在场，且已接入的正常新图与该画面吻合时，输出[秦照雪][口交][2]。未换图或场景不符时不调用此编号。","","正常图片待接入"
"秦照雪","私室交谈","口交","3","秦照雪/口交/3.png","https://cdn.jsdelivr.net/gh/lsr756480586-dev/baicao-images@main/%E7%A7%A6%E7%85%A7%E9%9B%AA/%E5%8F%A3%E4%BA%A4/3.png","https://cdn.jsdelivr.net/gh/Yehehua1311/mu-pig@main/%E9%A1%BE%E8%A1%8D%E5%AE%B9/nsfw/%E5%8F%A3%E4%BA%A4/%E9%A1%BE%E8%A1%8D%E5%AE%B9_nsfw_%E5%8F%A3%E4%BA%A4_3.png","人物与园主或其他成员确实共同处于书房、茶间、休息室或客房，进行商议、倾诉旧事、解释顾虑或表达关心；亲近按既定人物关系发展。","秦照雪在住处待客间谈论已经发生的旧事；半身构图，突出人物与关键物件；正常衣着、非露骨画面。","仅在上述场景实际发生、秦照雪确实到场、相关同席者也实际在场，且已接入的正常新图与该画面吻合时，输出[秦照雪][口交][3]。未换图或场景不符时不调用此编号。","","正常图片待接入"
"秦照雪","私室交谈","口交","4","秦照雪/口交/4.png","https://cdn.jsdelivr.net/gh/lsr756480586-dev/baicao-images@main/%E7%A7%A6%E7%85%A7%E9%9B%AA/%E5%8F%A3%E4%BA%A4/4.png","https://cdn.jsdelivr.net/gh/Yehehua1311/mu-pig@main/%E9%A1%BE%E8%A1%8D%E5%AE%B9/nsfw/%E5%8F%A3%E4%BA%A4/%E9%A1%BE%E8%A1%8D%E5%AE%B9_nsfw_%E5%8F%A3%E4%BA%A4_4.png","人物与园主或其他成员确实共同处于书房、茶间、休息室或客房，进行商议、倾诉旧事、解释顾虑或表达关心；亲近按既定人物关系发展。","秦照雪在关门的休息室说明工作顾虑；半身构图，突出人物与关键物件；正常衣着、非露骨画面。","仅在上述场景实际发生、秦照雪确实到场、相关同席者也实际在场，且已接入的正常新图与该画面吻合时，输出[秦照雪][口交][4]。未换图或场景不符时不调用此编号。","","正常图片待接入"
"秦照雪","私室交谈","口交","5","秦照雪/口交/5.png","https://cdn.jsdelivr.net/gh/lsr756480586-dev/baicao-images@main/%E7%A7%A6%E7%85%A7%E9%9B%AA/%E5%8F%A3%E4%BA%A4/5.png","https://cdn.jsdelivr.net/gh/Yehehua1311/mu-pig@main/%E9%A1%BE%E8%A1%8D%E5%AE%B9/nsfw/%E5%8F%A3%E4%BA%A4/%E9%A1%BE%E8%A1%8D%E5%AE%B9_nsfw_%E5%8F%A3%E4%BA%A4_5.png","人物与园主或其他成员确实共同处于书房、茶间、休息室或客房，进行商议、倾诉旧事、解释顾虑或表达关心；亲近按既定人物关系发展。","秦照雪在私人小厅向园主解释一场实际争议；半身构图，突出人物与关键物件；正常衣着、非露骨画面。","仅在上述场景实际发生、秦照雪确实到场、相关同席者也实际在场，且已接入的正常新图与该画面吻合时，输出[秦照雪][口交][5]。未换图或场景不符时不调用此编号。","","正常图片待接入"
"秦照雪","私室交谈","口交","6","秦照雪/口交/6.png","https://cdn.jsdelivr.net/gh/lsr756480586-dev/baicao-images@main/%E7%A7%A6%E7%85%A7%E9%9B%AA/%E5%8F%A3%E4%BA%A4/6.png","https://cdn.jsdelivr.net/gh/Yehehua1311/mu-pig@main/%E9%A1%BE%E8%A1%8D%E5%AE%B9/nsfw/%E5%8F%A3%E4%BA%A4/%E9%A1%BE%E8%A1%8D%E5%AE%B9_nsfw_%E5%8F%A3%E4%BA%A4_6.png","人物与园主或其他成员确实共同处于书房、茶间、休息室或客房，进行商议、倾诉旧事、解释顾虑或表达关心；亲近按既定人物关系发展。","秦照雪在雨夜书房与园主共读地方志；半身构图，突出人物与关键物件；正常衣着、非露骨画面。","仅在上述场景实际发生、秦照雪确实到场、相关同席者也实际在场，且已接入的正常新图与该画面吻合时，输出[秦照雪][口交][6]。未换图或场景不符时不调用此编号。","","正常图片待接入"
"秦照雪","私室交谈","口交","7","秦照雪/口交/7.png","https://cdn.jsdelivr.net/gh/lsr756480586-dev/baicao-images@main/%E7%A7%A6%E7%85%A7%E9%9B%AA/%E5%8F%A3%E4%BA%A4/7.png","https://cdn.jsdelivr.net/gh/Yehehua1311/mu-pig@main/%E9%A1%BE%E8%A1%8D%E5%AE%B9/nsfw/%E5%8F%A3%E4%BA%A4/%E9%A1%BE%E8%A1%8D%E5%AE%B9_nsfw_%E5%8F%A3%E4%BA%A4_7.png","人物与园主或其他成员确实共同处于书房、茶间、休息室或客房，进行商议、倾诉旧事、解释顾虑或表达关心；亲近按既定人物关系发展。","秦照雪在室内与另一位实际到场的成员商议护具；半身构图，突出人物与关键物件；正常衣着、非露骨画面。","仅在上述场景实际发生、秦照雪确实到场、相关同席者也实际在场，且已接入的正常新图与该画面吻合时，输出[秦照雪][口交][7]。未换图或场景不符时不调用此编号。","","正常图片待接入"
"秦照雪","私室交谈","口交","8","秦照雪/口交/8.png","https://cdn.jsdelivr.net/gh/lsr756480586-dev/baicao-images@main/%E7%A7%A6%E7%85%A7%E9%9B%AA/%E5%8F%A3%E4%BA%A4/8.png","https://cdn.jsdelivr.net/gh/Yehehua1311/mu-pig@main/%E9%A1%BE%E8%A1%8D%E5%AE%B9/nsfw/%E5%8F%A3%E4%BA%A4/%E9%A1%BE%E8%A1%8D%E5%AE%B9_nsfw_%E5%8F%A3%E4%BA%A4_8.png","人物与园主或其他成员确实共同处于书房、茶间、休息室或客房，进行商议、倾诉旧事、解释顾虑或表达关心；亲近按既定人物关系发展。","秦照雪在茶案旁表达关心并递上热茶；半身构图，突出人物与关键物件；正常衣着、非露骨画面。","仅在上述场景实际发生、秦照雪确实到场、相关同席者也实际在场，且已接入的正常新图与该画面吻合时，输出[秦照雪][口交][8]。未换图或场景不符时不调用此编号。","","正常图片待接入"
"秦照雪","私室交谈","口交","9","秦照雪/口交/9.png","https://cdn.jsdelivr.net/gh/lsr756480586-dev/baicao-images@main/%E7%A7%A6%E7%85%A7%E9%9B%AA/%E5%8F%A3%E4%BA%A4/9.png","https://cdn.jsdelivr.net/gh/Yehehua1311/mu-pig@main/%E9%A1%BE%E8%A1%8D%E5%AE%B9/nsfw/%E5%8F%A3%E4%BA%A4/%E9%A1%BE%E8%A1%8D%E5%AE%B9_nsfw_%E5%8F%A3%E4%BA%A4_9.png","人物与园主或其他成员确实共同处于书房、茶间、休息室或客房，进行商议、倾诉旧事、解释顾虑或表达关心；亲近按既定人物关系发展。","秦照雪在休息间将尚未解决的问题写在便笺上；半身构图，突出人物与关键物件；正常衣着、非露骨画面。","仅在上述场景实际发生、秦照雪确实到场、相关同席者也实际在场，且已接入的正常新图与该画面吻合时，输出[秦照雪][口交][9]。未换图或场景不符时不调用此编号。","","正常图片待接入"
"秦照雪","私室交谈","口交","10","秦照雪/口交/10.png","https://cdn.jsdelivr.net/gh/lsr756480586-dev/baicao-images@main/%E7%A7%A6%E7%85%A7%E9%9B%AA/%E5%8F%A3%E4%BA%A4/10.png","https://cdn.jsdelivr.net/gh/Yehehua1311/mu-pig@main/%E9%A1%BE%E8%A1%8D%E5%AE%B9/nsfw/%E5%8F%A3%E4%BA%A4/%E9%A1%BE%E8%A1%8D%E5%AE%B9_nsfw_%E5%8F%A3%E4%BA%A4_10.png","人物与园主或其他成员确实共同处于书房、茶间、休息室或客房，进行商议、倾诉旧事、解释顾虑或表达关心；亲近按既定人物关系发展。","秦照雪在灯下谈完正事后轻松闲聊；半身构图，突出人物与关键物件；正常衣着、非露骨画面。","仅在上述场景实际发生、秦照雪确实到场、相关同席者也实际在场，且已接入的正常新图与该画面吻合时，输出[秦照雪][口交][10]。未换图或场景不符时不调用此编号。","","正常图片待接入"
"秦照雪","私室交谈","口交","11","秦照雪/口交/11.png","https://cdn.jsdelivr.net/gh/lsr756480586-dev/baicao-images@main/%E7%A7%A6%E7%85%A7%E9%9B%AA/%E5%8F%A3%E4%BA%A4/11.png","https://cdn.jsdelivr.net/gh/Yehehua1311/mu-pig@main/%E9%A1%BE%E8%A1%8D%E5%AE%B9/nsfw/%E5%8F%A3%E4%BA%A4/%E9%A1%BE%E8%A1%8D%E5%AE%B9_nsfw_%E5%8F%A3%E4%BA%A4_11.png","人物与园主或其他成员确实共同处于书房、茶间、休息室或客房，进行商议、倾诉旧事、解释顾虑或表达关心；亲近按既定人物关系发展。","秦照雪在私人书房与园主同看巡守图；较宽构图，交代人物与场所；正常衣着、非露骨画面。","仅在上述场景实际发生、秦照雪确实到场、相关同席者也实际在场，且已接入的正常新图与该画面吻合时，输出[秦照雪][口交][11]。未换图或场景不符时不调用此编号。","","正常图片待接入"
"秦照雪","私室交谈","口交","12","秦照雪/口交/12.png","https://cdn.jsdelivr.net/gh/lsr756480586-dev/baicao-images@main/%E7%A7%A6%E7%85%A7%E9%9B%AA/%E5%8F%A3%E4%BA%A4/12.png","https://cdn.jsdelivr.net/gh/Yehehua1311/mu-pig@main/%E9%A1%BE%E8%A1%8D%E5%AE%B9/nsfw/%E5%8F%A3%E4%BA%A4/%E9%A1%BE%E8%A1%8D%E5%AE%B9_nsfw_%E5%8F%A3%E4%BA%A4_12.png","人物与园主或其他成员确实共同处于书房、茶间、休息室或客房，进行商议、倾诉旧事、解释顾虑或表达关心；亲近按既定人物关系发展。","秦照雪在室内茶间说起个人生活愿望；较宽构图，交代人物与场所；正常衣着、非露骨画面。","仅在上述场景实际发生、秦照雪确实到场、相关同席者也实际在场，且已接入的正常新图与该画面吻合时，输出[秦照雪][口交][12]。未换图或场景不符时不调用此编号。","","正常图片待接入"
"秦照雪","私室交谈","口交","13","秦照雪/口交/13.png","https://cdn.jsdelivr.net/gh/lsr756480586-dev/baicao-images@main/%E7%A7%A6%E7%85%A7%E9%9B%AA/%E5%8F%A3%E4%BA%A4/13.png","https://cdn.jsdelivr.net/gh/Yehehua1311/mu-pig@main/%E9%A1%BE%E8%A1%8D%E5%AE%B9/nsfw/%E5%8F%A3%E4%BA%A4/%E9%A1%BE%E8%A1%8D%E5%AE%B9_nsfw_%E5%8F%A3%E4%BA%A4_13.png","人物与园主或其他成员确实共同处于书房、茶间、休息室或客房，进行商议、倾诉旧事、解释顾虑或表达关心；亲近按既定人物关系发展。","秦照雪在住处待客间谈论已经发生的旧事；较宽构图，交代人物与场所；正常衣着、非露骨画面。","仅在上述场景实际发生、秦照雪确实到场、相关同席者也实际在场，且已接入的正常新图与该画面吻合时，输出[秦照雪][口交][13]。未换图或场景不符时不调用此编号。","","正常图片待接入"
"秦照雪","私室交谈","口交","14","秦照雪/口交/14.png","https://cdn.jsdelivr.net/gh/lsr756480586-dev/baicao-images@main/%E7%A7%A6%E7%85%A7%E9%9B%AA/%E5%8F%A3%E4%BA%A4/14.png","https://cdn.jsdelivr.net/gh/Yehehua1311/mu-pig@main/%E9%A1%BE%E8%A1%8D%E5%AE%B9/nsfw/%E5%8F%A3%E4%BA%A4/%E9%A1%BE%E8%A1%8D%E5%AE%B9_nsfw_%E5%8F%A3%E4%BA%A4_14.png","人物与园主或其他成员确实共同处于书房、茶间、休息室或客房，进行商议、倾诉旧事、解释顾虑或表达关心；亲近按既定人物关系发展。","秦照雪在关门的休息室说明工作顾虑；较宽构图，交代人物与场所；正常衣着、非露骨画面。","仅在上述场景实际发生、秦照雪确实到场、相关同席者也实际在场，且已接入的正常新图与该画面吻合时，输出[秦照雪][口交][14]。未换图或场景不符时不调用此编号。","","正常图片待接入"
"秦照雪","协作修习","性交","1","秦照雪/性交/1.png","https://cdn.jsdelivr.net/gh/lsr756480586-dev/baicao-images@main/%E7%A7%A6%E7%85%A7%E9%9B%AA/%E6%80%A7%E4%BA%A4/1.png","https://cdn.jsdelivr.net/gh/Yehehua1311/mu-pig@main/%E9%A1%BE%E8%A1%8D%E5%AE%B9/nsfw/%E6%80%A7%E4%BA%A4/%E9%A1%BE%E8%A1%8D%E5%AE%B9_nsfw_%E6%80%A7%E4%BA%A4_1.png","人物实际在场，共同研习术法、调试符器、练剑、试制农具兵器或协作完成一项工作，出现与图片对应的操作、指点或成果展示。","秦照雪在工作间与同席者核对巡守图的操作或记录步骤；半身构图，突出人物与关键物件；正常衣着、非露骨画面。","仅在上述场景实际发生、秦照雪确实到场、相关同席者也实际在场，且已接入的正常新图与该画面吻合时，输出[秦照雪][性交][1]。未换图或场景不符时不调用此编号。","","正常图片待接入"
"秦照雪","协作修习","性交","2","秦照雪/性交/2.png","https://cdn.jsdelivr.net/gh/lsr756480586-dev/baicao-images@main/%E7%A7%A6%E7%85%A7%E9%9B%AA/%E6%80%A7%E4%BA%A4/2.png","https://cdn.jsdelivr.net/gh/Yehehua1311/mu-pig@main/%E9%A1%BE%E8%A1%8D%E5%AE%B9/nsfw/%E6%80%A7%E4%BA%A4/%E9%A1%BE%E8%A1%8D%E5%AE%B9_nsfw_%E6%80%A7%E4%BA%A4_2.png","人物实际在场，共同研习术法、调试符器、练剑、试制农具兵器或协作完成一项工作，出现与图片对应的操作、指点或成果展示。","秦照雪在室内向园主展示与护送名册有关的专业方法；半身构图，突出人物与关键物件；正常衣着、非露骨画面。","仅在上述场景实际发生、秦照雪确实到场、相关同席者也实际在场，且已接入的正常新图与该画面吻合时，输出[秦照雪][性交][2]。未换图或场景不符时不调用此编号。","","正常图片待接入"
"秦照雪","协作修习","性交","3","秦照雪/性交/3.png","https://cdn.jsdelivr.net/gh/lsr756480586-dev/baicao-images@main/%E7%A7%A6%E7%85%A7%E9%9B%AA/%E6%80%A7%E4%BA%A4/3.png","https://cdn.jsdelivr.net/gh/Yehehua1311/mu-pig@main/%E9%A1%BE%E8%A1%8D%E5%AE%B9/nsfw/%E6%80%A7%E4%BA%A4/%E9%A1%BE%E8%A1%8D%E5%AE%B9_nsfw_%E6%80%A7%E4%BA%A4_3.png","人物实际在场，共同研习术法、调试符器、练剑、试制农具兵器或协作完成一项工作，出现与图片对应的操作、指点或成果展示。","秦照雪在工坊参与一项已有能力范围内的协作任务；半身构图，突出人物与关键物件；正常衣着、非露骨画面。","仅在上述场景实际发生、秦照雪确实到场、相关同席者也实际在场，且已接入的正常新图与该画面吻合时，输出[秦照雪][性交][3]。未换图或场景不符时不调用此编号。","","正常图片待接入"
"秦照雪","协作修习","性交","4","秦照雪/性交/4.png","https://cdn.jsdelivr.net/gh/lsr756480586-dev/baicao-images@main/%E7%A7%A6%E7%85%A7%E9%9B%AA/%E6%80%A7%E4%BA%A4/4.png","https://cdn.jsdelivr.net/gh/Yehehua1311/mu-pig@main/%E9%A1%BE%E8%A1%8D%E5%AE%B9/nsfw/%E6%80%A7%E4%BA%A4/%E9%A1%BE%E8%A1%8D%E5%AE%B9_nsfw_%E6%80%A7%E4%BA%A4_4.png","人物实际在场，共同研习术法、调试符器、练剑、试制农具兵器或协作完成一项工作，出现与图片对应的操作、指点或成果展示。","秦照雪在书房与同席者共同推演护具；半身构图，突出人物与关键物件；正常衣着、非露骨画面。","仅在上述场景实际发生、秦照雪确实到场、相关同席者也实际在场，且已接入的正常新图与该画面吻合时，输出[秦照雪][性交][4]。未换图或场景不符时不调用此编号。","","正常图片待接入"
"秦照雪","协作修习","性交","5","秦照雪/性交/5.png","https://cdn.jsdelivr.net/gh/lsr756480586-dev/baicao-images@main/%E7%A7%A6%E7%85%A7%E9%9B%AA/%E6%80%A7%E4%BA%A4/5.png","https://cdn.jsdelivr.net/gh/Yehehua1311/mu-pig@main/%E9%A1%BE%E8%A1%8D%E5%AE%B9/nsfw/%E6%80%A7%E4%BA%A4/%E9%A1%BE%E8%A1%8D%E5%AE%B9_nsfw_%E6%80%A7%E4%BA%A4_5.png","人物实际在场，共同研习术法、调试符器、练剑、试制农具兵器或协作完成一项工作，出现与图片对应的操作、指点或成果展示。","秦照雪在练习室学习基础护身动作，不额外获得高阶能力；半身构图，突出人物与关键物件；正常衣着、非露骨画面。","仅在上述场景实际发生、秦照雪确实到场、相关同席者也实际在场，且已接入的正常新图与该画面吻合时，输出[秦照雪][性交][5]。未换图或场景不符时不调用此编号。","","正常图片待接入"
"秦照雪","协作修习","性交","6","秦照雪/性交/6.png","https://cdn.jsdelivr.net/gh/lsr756480586-dev/baicao-images@main/%E7%A7%A6%E7%85%A7%E9%9B%AA/%E6%80%A7%E4%BA%A4/6.png","https://cdn.jsdelivr.net/gh/Yehehua1311/mu-pig@main/%E9%A1%BE%E8%A1%8D%E5%AE%B9/nsfw/%E6%80%A7%E4%BA%A4/%E9%A1%BE%E8%A1%8D%E5%AE%B9_nsfw_%E6%80%A7%E4%BA%A4_6.png","人物实际在场，共同研习术法、调试符器、练剑、试制农具兵器或协作完成一项工作，出现与图片对应的操作、指点或成果展示。","秦照雪在工作台旁协助记录一次实际测试结果；半身构图，突出人物与关键物件；正常衣着、非露骨画面。","仅在上述场景实际发生、秦照雪确实到场、相关同席者也实际在场，且已接入的正常新图与该画面吻合时，输出[秦照雪][性交][6]。未换图或场景不符时不调用此编号。","","正常图片待接入"
"秦照雪","协作修习","性交","7","秦照雪/性交/7.png","https://cdn.jsdelivr.net/gh/lsr756480586-dev/baicao-images@main/%E7%A7%A6%E7%85%A7%E9%9B%AA/%E6%80%A7%E4%BA%A4/7.png","https://cdn.jsdelivr.net/gh/Yehehua1311/mu-pig@main/%E9%A1%BE%E8%A1%8D%E5%AE%B9/nsfw/%E6%80%A7%E4%BA%A4/%E9%A1%BE%E8%A1%8D%E5%AE%B9_nsfw_%E6%80%A7%E4%BA%A4_7.png","人物实际在场，共同研习术法、调试符器、练剑、试制农具兵器或协作完成一项工作，出现与图片对应的操作、指点或成果展示。","秦照雪在室内向实际到场的成员请教一个具体问题；半身构图，突出人物与关键物件；正常衣着、非露骨画面。","仅在上述场景实际发生、秦照雪确实到场、相关同席者也实际在场，且已接入的正常新图与该画面吻合时，输出[秦照雪][性交][7]。未换图或场景不符时不调用此编号。","","正常图片待接入"
"秦照雪","协作修习","性交","8","秦照雪/性交/8.png","https://cdn.jsdelivr.net/gh/lsr756480586-dev/baicao-images@main/%E7%A7%A6%E7%85%A7%E9%9B%AA/%E6%80%A7%E4%BA%A4/8.png","https://cdn.jsdelivr.net/gh/Yehehua1311/mu-pig@main/%E9%A1%BE%E8%A1%8D%E5%AE%B9/nsfw/%E6%80%A7%E4%BA%A4/%E9%A1%BE%E8%A1%8D%E5%AE%B9_nsfw_%E6%80%A7%E4%BA%A4_8.png","人物实际在场，共同研习术法、调试符器、练剑、试制农具兵器或协作完成一项工作，出现与图片对应的操作、指点或成果展示。","秦照雪在完成协作后展示已制作或整理的成果；半身构图，突出人物与关键物件；正常衣着、非露骨画面。","仅在上述场景实际发生、秦照雪确实到场、相关同席者也实际在场，且已接入的正常新图与该画面吻合时，输出[秦照雪][性交][8]。未换图或场景不符时不调用此编号。","","正常图片待接入"
"秦照雪","协作修习","性交","9","秦照雪/性交/9.png","https://cdn.jsdelivr.net/gh/lsr756480586-dev/baicao-images@main/%E7%A7%A6%E7%85%A7%E9%9B%AA/%E6%80%A7%E4%BA%A4/9.png","https://cdn.jsdelivr.net/gh/Yehehua1311/mu-pig@main/%E9%A1%BE%E8%A1%8D%E5%AE%B9/nsfw/%E6%80%A7%E4%BA%A4/%E9%A1%BE%E8%A1%8D%E5%AE%B9_nsfw_%E6%80%A7%E4%BA%A4_9.png","人物实际在场，共同研习术法、调试符器、练剑、试制农具兵器或协作完成一项工作，出现与图片对应的操作、指点或成果展示。","秦照雪在遇到失误时指认问题并重新核对步骤；半身构图，突出人物与关键物件；正常衣着、非露骨画面。","仅在上述场景实际发生、秦照雪确实到场、相关同席者也实际在场，且已接入的正常新图与该画面吻合时，输出[秦照雪][性交][9]。未换图或场景不符时不调用此编号。","","正常图片待接入"
"秦照雪","协作修习","性交","10","秦照雪/性交/10.png","https://cdn.jsdelivr.net/gh/lsr756480586-dev/baicao-images@main/%E7%A7%A6%E7%85%A7%E9%9B%AA/%E6%80%A7%E4%BA%A4/10.png","https://cdn.jsdelivr.net/gh/Yehehua1311/mu-pig@main/%E9%A1%BE%E8%A1%8D%E5%AE%B9/nsfw/%E6%80%A7%E4%BA%A4/%E9%A1%BE%E8%A1%8D%E5%AE%B9_nsfw_%E6%80%A7%E4%BA%A4_10.png","人物实际在场，共同研习术法、调试符器、练剑、试制农具兵器或协作完成一项工作，出现与图片对应的操作、指点或成果展示。","秦照雪在休息室与同席者总结已经完成的练习；半身构图，突出人物与关键物件；正常衣着、非露骨画面。","仅在上述场景实际发生、秦照雪确实到场、相关同席者也实际在场，且已接入的正常新图与该画面吻合时，输出[秦照雪][性交][10]。未换图或场景不符时不调用此编号。","","正常图片待接入"
"秦照雪","协作修习","性交","11","秦照雪/性交/11.png","https://cdn.jsdelivr.net/gh/lsr756480586-dev/baicao-images@main/%E7%A7%A6%E7%85%A7%E9%9B%AA/%E6%80%A7%E4%BA%A4/11.png","https://cdn.jsdelivr.net/gh/Yehehua1311/mu-pig@main/%E9%A1%BE%E8%A1%8D%E5%AE%B9/nsfw/%E6%80%A7%E4%BA%A4/%E9%A1%BE%E8%A1%8D%E5%AE%B9_nsfw_%E6%80%A7%E4%BA%A4_11.png","人物实际在场，共同研习术法、调试符器、练剑、试制农具兵器或协作完成一项工作，出现与图片对应的操作、指点或成果展示。","秦照雪在工作间与同席者核对巡守图的操作或记录步骤；较宽构图，交代人物与场所；正常衣着、非露骨画面。","仅在上述场景实际发生、秦照雪确实到场、相关同席者也实际在场，且已接入的正常新图与该画面吻合时，输出[秦照雪][性交][11]。未换图或场景不符时不调用此编号。","","正常图片待接入"
"秦照雪","协作修习","性交","12","秦照雪/性交/12.png","https://cdn.jsdelivr.net/gh/lsr756480586-dev/baicao-images@main/%E7%A7%A6%E7%85%A7%E9%9B%AA/%E6%80%A7%E4%BA%A4/12.png","https://cdn.jsdelivr.net/gh/Yehehua1311/mu-pig@main/%E9%A1%BE%E8%A1%8D%E5%AE%B9/nsfw/%E6%80%A7%E4%BA%A4/%E9%A1%BE%E8%A1%8D%E5%AE%B9_nsfw_%E6%80%A7%E4%BA%A4_12.png","人物实际在场，共同研习术法、调试符器、练剑、试制农具兵器或协作完成一项工作，出现与图片对应的操作、指点或成果展示。","秦照雪在室内向园主展示与护送名册有关的专业方法；较宽构图，交代人物与场所；正常衣着、非露骨画面。","仅在上述场景实际发生、秦照雪确实到场、相关同席者也实际在场，且已接入的正常新图与该画面吻合时，输出[秦照雪][性交][12]。未换图或场景不符时不调用此编号。","","正常图片待接入"
"秦照雪","协作修习","性交","13","秦照雪/性交/13.png","https://cdn.jsdelivr.net/gh/lsr756480586-dev/baicao-images@main/%E7%A7%A6%E7%85%A7%E9%9B%AA/%E6%80%A7%E4%BA%A4/13.png","https://cdn.jsdelivr.net/gh/Yehehua1311/mu-pig@main/%E9%A1%BE%E8%A1%8D%E5%AE%B9/nsfw/%E6%80%A7%E4%BA%A4/%E9%A1%BE%E8%A1%8D%E5%AE%B9_nsfw_%E6%80%A7%E4%BA%A4_13.png","人物实际在场，共同研习术法、调试符器、练剑、试制农具兵器或协作完成一项工作，出现与图片对应的操作、指点或成果展示。","秦照雪在工坊参与一项已有能力范围内的协作任务；较宽构图，交代人物与场所；正常衣着、非露骨画面。","仅在上述场景实际发生、秦照雪确实到场、相关同席者也实际在场，且已接入的正常新图与该画面吻合时，输出[秦照雪][性交][13]。未换图或场景不符时不调用此编号。","","正常图片待接入"
"秦照雪","协作修习","性交","14","秦照雪/性交/14.png","https://cdn.jsdelivr.net/gh/lsr756480586-dev/baicao-images@main/%E7%A7%A6%E7%85%A7%E9%9B%AA/%E6%80%A7%E4%BA%A4/14.png","https://cdn.jsdelivr.net/gh/Yehehua1311/mu-pig@main/%E9%A1%BE%E8%A1%8D%E5%AE%B9/nsfw/%E6%80%A7%E4%BA%A4/%E9%A1%BE%E8%A1%8D%E5%AE%B9_nsfw_%E6%80%A7%E4%BA%A4_14.png","人物实际在场，共同研习术法、调试符器、练剑、试制农具兵器或协作完成一项工作，出现与图片对应的操作、指点或成果展示。","秦照雪在书房与同席者共同推演护具；较宽构图，交代人物与场所；正常衣着、非露骨画面。","仅在上述场景实际发生、秦照雪确实到场、相关同席者也实际在场，且已接入的正常新图与该画面吻合时，输出[秦照雪][性交][14]。未换图或场景不符时不调用此编号。","","正常图片待接入"
"云韵","立绘","","","云韵/立绘.png","https://cdn.jsdelivr.net/gh/lsr756480586-dev/baicao-images@main/%E4%BA%91%E9%9F%B5/%E7%AB%8B%E7%BB%98.png","https://cdn.jsdelivr.net/gh/Yehehua1311/mu-pig@main/%E4%BC%8A%E8%96%87%E7%89%B9%C2%B7%E6%96%BD%E5%A5%88%E5%BE%B7/sfw/%E4%BC%8A%E8%96%87%E7%89%B9%C2%B7%E6%96%BD%E5%A5%88%E5%BE%B7_sfw_3.png","在人物菜单、状态栏或人物图库中显示该人物时使用。","云韵身着已确定的日常衣装，正面人物立绘，背景简洁。","人物菜单、状态栏或图库实际显示该人物时使用。","","立绘"
"云韵","日常","sfw","1","云韵/sfw/1.png","https://cdn.jsdelivr.net/gh/lsr756480586-dev/baicao-images@main/%E4%BA%91%E9%9F%B5/sfw/1.png","https://cdn.jsdelivr.net/gh/Yehehua1311/mu-pig@main/%E4%BC%8A%E8%96%87%E7%89%B9%C2%B7%E6%96%BD%E5%A5%88%E5%BE%B7/sfw/%E4%BC%8A%E8%96%87%E7%89%B9%C2%B7%E6%96%BD%E5%A5%88%E5%BE%B7_sfw_1.png","人物实际在场，进行园务汇报、种粮育药、修器织染、用餐饮茶或公开会面，且画面适合当前情节。","云韵在岗位工作间展示祖契抄本并汇报进展；半身构图，突出人物与关键物件；正常衣着、非露骨画面。","仅在上述场景实际发生、云韵确实到场、相关同席者也实际在场，且已接入的正常新图与该画面吻合时，输出[云韵][sfw][1]。未换图或场景不符时不调用此编号。","","暂用原日常图，新画面计划待接入"
"云韵","日常","sfw","2","云韵/sfw/2.png","https://cdn.jsdelivr.net/gh/lsr756480586-dev/baicao-images@main/%E4%BA%91%E9%9F%B5/sfw/2.png","https://cdn.jsdelivr.net/gh/Yehehua1311/mu-pig@main/%E4%BC%8A%E8%96%87%E7%89%B9%C2%B7%E6%96%BD%E5%A5%88%E5%BE%B7/sfw/%E4%BC%8A%E8%96%87%E7%89%B9%C2%B7%E6%96%BD%E5%A5%88%E5%BE%B7_sfw_2.png","人物实际在场，进行园务汇报、种粮育药、修器织染、用餐饮茶或公开会面，且画面适合当前情节。","云韵在室内茶间准备清茶；半身构图，突出人物与关键物件；正常衣着、非露骨画面。","仅在上述场景实际发生、云韵确实到场、相关同席者也实际在场，且已接入的正常新图与该画面吻合时，输出[云韵][sfw][2]。未换图或场景不符时不调用此编号。","","暂用原日常图，新画面计划待接入"
"云韵","日常","sfw","3","云韵/sfw/3.png","https://cdn.jsdelivr.net/gh/lsr756480586-dev/baicao-images@main/%E4%BA%91%E9%9F%B5/sfw/3.png","https://cdn.jsdelivr.net/gh/Yehehua1311/mu-pig@main/%E4%BC%8A%E8%96%87%E7%89%B9%C2%B7%E6%96%BD%E5%A5%88%E5%BE%B7/sfw/%E4%BC%8A%E8%96%87%E7%89%B9%C2%B7%E6%96%BD%E5%A5%88%E5%BE%B7_sfw_3.png","人物实际在场，进行园务汇报、种粮育药、修器织染、用餐饮茶或公开会面，且画面适合当前情节。","云韵在窗边翻阅与印章拓片有关的记录；半身构图，突出人物与关键物件；正常衣着、非露骨画面。","仅在上述场景实际发生、云韵确实到场、相关同席者也实际在场，且已接入的正常新图与该画面吻合时，输出[云韵][sfw][3]。未换图或场景不符时不调用此编号。","","暂用原日常图，新画面计划待接入"
"云韵","日常","sfw","4","云韵/sfw/4.png","https://cdn.jsdelivr.net/gh/lsr756480586-dev/baicao-images@main/%E4%BA%91%E9%9F%B5/sfw/4.png","https://cdn.jsdelivr.net/gh/Yehehua1311/mu-pig@main/%E4%BC%8A%E8%96%87%E7%89%B9%C2%B7%E6%96%BD%E5%A5%88%E5%BE%B7/sfw/%E4%BC%8A%E8%96%87%E7%89%B9%C2%B7%E6%96%BD%E5%A5%88%E5%BE%B7_sfw_4.png","人物实际在场，进行园务汇报、种粮育药、修器织染、用餐饮茶或公开会面，且画面适合当前情节。","云韵在工作结束后收整交易清单；半身构图，突出人物与关键物件；正常衣着、非露骨画面。","仅在上述场景实际发生、云韵确实到场、相关同席者也实际在场，且已接入的正常新图与该画面吻合时，输出[云韵][sfw][4]。未换图或场景不符时不调用此编号。","","暂用原日常图，新画面计划待接入"
"云韵","日常","sfw","5","云韵/sfw/5.png","https://cdn.jsdelivr.net/gh/lsr756480586-dev/baicao-images@main/%E4%BA%91%E9%9F%B5/sfw/5.png","https://cdn.jsdelivr.net/gh/Yehehua1311/mu-pig@main/%E4%BC%8A%E8%96%87%E7%89%B9%C2%B7%E6%96%BD%E5%A5%88%E5%BE%B7/sfw/%E4%BC%8A%E8%96%87%E7%89%B9%C2%B7%E6%96%BD%E5%A5%88%E5%BE%B7_sfw_5.png","人物实际在场，进行园务汇报、种粮育药、修器织染、用餐饮茶或公开会面，且画面适合当前情节。","云韵在白帝城商铺挑选生活物资；半身构图，突出人物与关键物件；正常衣着、非露骨画面。","仅在上述场景实际发生、云韵确实到场、相关同席者也实际在场，且已接入的正常新图与该画面吻合时，输出[云韵][sfw][5]。未换图或场景不符时不调用此编号。","","暂用原日常图，新画面计划待接入"
"云韵","日常","sfw","6","云韵/sfw/6.png","https://cdn.jsdelivr.net/gh/lsr756480586-dev/baicao-images@main/%E4%BA%91%E9%9F%B5/sfw/6.png","https://cdn.jsdelivr.net/gh/Yehehua1311/mu-pig@main/%E4%BC%8A%E8%96%87%E7%89%B9%C2%B7%E6%96%BD%E5%A5%88%E5%BE%B7/sfw/%E4%BC%8A%E8%96%87%E7%89%B9%C2%B7%E6%96%BD%E5%A5%88%E5%BE%B7_sfw_6.png","人物实际在场，进行园务汇报、种粮育药、修器织染、用餐饮茶或公开会面，且画面适合当前情节。","云韵在青州城客栈核对随身物品；半身构图，突出人物与关键物件；正常衣着、非露骨画面。","仅在上述场景实际发生、云韵确实到场、相关同席者也实际在场，且已接入的正常新图与该画面吻合时，输出[云韵][sfw][6]。未换图或场景不符时不调用此编号。","","暂用原日常图，新画面计划待接入"
"云韵","日常","sfw","7","云韵/sfw/7.png","https://cdn.jsdelivr.net/gh/lsr756480586-dev/baicao-images@main/%E4%BA%91%E9%9F%B5/sfw/7.png","https://cdn.jsdelivr.net/gh/Yehehua1311/mu-pig@main/%E4%BC%8A%E8%96%87%E7%89%B9%C2%B7%E6%96%BD%E5%A5%88%E5%BE%B7/sfw/%E4%BC%8A%E8%96%87%E7%89%B9%C2%B7%E6%96%BD%E5%A5%88%E5%BE%B7_sfw_7.png","人物实际在场，进行园务汇报、种粮育药、修器织染、用餐饮茶或公开会面，且画面适合当前情节。","云韵在百草园食堂同桌用餐；半身构图，突出人物与关键物件；正常衣着、非露骨画面。","仅在上述场景实际发生、云韵确实到场、相关同席者也实际在场，且已接入的正常新图与该画面吻合时，输出[云韵][sfw][7]。未换图或场景不符时不调用此编号。","","暂用原日常图，新画面计划待接入"
"云韵","诊疗照护","肛交","1","云韵/肛交/1.png","https://cdn.jsdelivr.net/gh/lsr756480586-dev/baicao-images@main/%E4%BA%91%E9%9F%B5/%E8%82%9B%E4%BA%A4/1.png","https://cdn.jsdelivr.net/gh/Yehehua1311/mu-pig@main/%E4%BC%8A%E8%96%87%E7%89%B9%C2%B7%E6%96%BD%E5%A5%88%E5%BE%B7/nsfw/%E8%82%9B%E4%BA%A4/%E4%BC%8A%E8%96%87%E7%89%B9%C2%B7%E6%96%BD%E5%A5%88%E5%BE%B7_nsfw_%E8%82%9B%E4%BA%A4_1.png","人物实际在场，在药房、诊室或休养房间接受诊察、包扎、调息指导，或照料另一名同处室内的成员；使用正常衣着和非露骨画面。","云韵在药房接受药师询问，保持正常衣着；半身构图，突出人物与关键物件；正常衣着、非露骨画面。","仅在上述场景实际发生、云韵确实到场、相关同席者也实际在场，且已接入的正常新图与该画面吻合时，输出[云韵][肛交][1]。未换图或场景不符时不调用此编号。","","正常图片待接入"
"云韵","诊疗照护","肛交","2","云韵/肛交/2.png","https://cdn.jsdelivr.net/gh/lsr756480586-dev/baicao-images@main/%E4%BA%91%E9%9F%B5/%E8%82%9B%E4%BA%A4/2.png","https://cdn.jsdelivr.net/gh/Yehehua1311/mu-pig@main/%E4%BC%8A%E8%96%87%E7%89%B9%C2%B7%E6%96%BD%E5%A5%88%E5%BE%B7/nsfw/%E8%82%9B%E4%BA%A4/%E4%BC%8A%E8%96%87%E7%89%B9%C2%B7%E6%96%BD%E5%A5%88%E5%BE%B7_nsfw_%E8%82%9B%E4%BA%A4_2.png","人物实际在场，在药房、诊室或休养房间接受诊察、包扎、调息指导，或照料另一名同处室内的成员；使用正常衣着和非露骨画面。","云韵在诊室就座，由医者检查手臂上的小伤；半身构图，突出人物与关键物件；正常衣着、非露骨画面。","仅在上述场景实际发生、云韵确实到场、相关同席者也实际在场，且已接入的正常新图与该画面吻合时，输出[云韵][肛交][2]。未换图或场景不符时不调用此编号。","","正常图片待接入"
"云韵","诊疗照护","肛交","3","云韵/肛交/3.png","https://cdn.jsdelivr.net/gh/lsr756480586-dev/baicao-images@main/%E4%BA%91%E9%9F%B5/%E8%82%9B%E4%BA%A4/3.png","https://cdn.jsdelivr.net/gh/Yehehua1311/mu-pig@main/%E4%BC%8A%E8%96%87%E7%89%B9%C2%B7%E6%96%BD%E5%A5%88%E5%BE%B7/nsfw/%E8%82%9B%E4%BA%A4/%E4%BC%8A%E8%96%87%E7%89%B9%C2%B7%E6%96%BD%E5%A5%88%E5%BE%B7_nsfw_%E8%82%9B%E4%BA%A4_3.png","人物实际在场，在药房、诊室或休养房间接受诊察、包扎、调息指导，或照料另一名同处室内的成员；使用正常衣着和非露骨画面。","云韵在休养房间接过温水与药盏；半身构图，突出人物与关键物件；正常衣着、非露骨画面。","仅在上述场景实际发生、云韵确实到场、相关同席者也实际在场，且已接入的正常新图与该画面吻合时，输出[云韵][肛交][3]。未换图或场景不符时不调用此编号。","","正常图片待接入"
"云韵","诊疗照护","肛交","4","云韵/肛交/4.png","https://cdn.jsdelivr.net/gh/lsr756480586-dev/baicao-images@main/%E4%BA%91%E9%9F%B5/%E8%82%9B%E4%BA%A4/4.png","https://cdn.jsdelivr.net/gh/Yehehua1311/mu-pig@main/%E4%BC%8A%E8%96%87%E7%89%B9%C2%B7%E6%96%BD%E5%A5%88%E5%BE%B7/nsfw/%E8%82%9B%E4%BA%A4/%E4%BC%8A%E8%96%87%E7%89%B9%C2%B7%E6%96%BD%E5%A5%88%E5%BE%B7_nsfw_%E8%82%9B%E4%BA%A4_4.png","人物实际在场，在药房、诊室或休养房间接受诊察、包扎、调息指导，或照料另一名同处室内的成员；使用正常衣着和非露骨画面。","云韵在医者指导下安静调息；半身构图，突出人物与关键物件；正常衣着、非露骨画面。","仅在上述场景实际发生、云韵确实到场、相关同席者也实际在场，且已接入的正常新图与该画面吻合时，输出[云韵][肛交][4]。未换图或场景不符时不调用此编号。","","正常图片待接入"
"云韵","诊疗照护","肛交","5","云韵/肛交/5.png","https://cdn.jsdelivr.net/gh/lsr756480586-dev/baicao-images@main/%E4%BA%91%E9%9F%B5/%E8%82%9B%E4%BA%A4/5.png","https://cdn.jsdelivr.net/gh/Yehehua1311/mu-pig@main/%E4%BC%8A%E8%96%87%E7%89%B9%C2%B7%E6%96%BD%E5%A5%88%E5%BE%B7/nsfw/%E8%82%9B%E4%BA%A4/%E4%BC%8A%E8%96%87%E7%89%B9%C2%B7%E6%96%BD%E5%A5%88%E5%BE%B7_nsfw_%E8%82%9B%E4%BA%A4_5.png","人物实际在场，在药房、诊室或休养房间接受诊察、包扎、调息指导，或照料另一名同处室内的成员；使用正常衣着和非露骨画面。","云韵在室内为另一位实际到场的成员递送药包；半身构图，突出人物与关键物件；正常衣着、非露骨画面。","仅在上述场景实际发生、云韵确实到场、相关同席者也实际在场，且已接入的正常新图与该画面吻合时，输出[云韵][肛交][5]。未换图或场景不符时不调用此编号。","","正常图片待接入"
"云韵","诊疗照护","肛交","6","云韵/肛交/6.png","https://cdn.jsdelivr.net/gh/lsr756480586-dev/baicao-images@main/%E4%BA%91%E9%9F%B5/%E8%82%9B%E4%BA%A4/6.png","https://cdn.jsdelivr.net/gh/Yehehua1311/mu-pig@main/%E4%BC%8A%E8%96%87%E7%89%B9%C2%B7%E6%96%BD%E5%A5%88%E5%BE%B7/nsfw/%E8%82%9B%E4%BA%A4/%E4%BC%8A%E8%96%87%E7%89%B9%C2%B7%E6%96%BD%E5%A5%88%E5%BE%B7_nsfw_%E8%82%9B%E4%BA%A4_6.png","人物实际在场，在药房、诊室或休养房间接受诊察、包扎、调息指导，或照料另一名同处室内的成员；使用正常衣着和非露骨画面。","云韵在休养室靠枕休息，室内有人陪伴；半身构图，突出人物与关键物件；正常衣着、非露骨画面。","仅在上述场景实际发生、云韵确实到场、相关同席者也实际在场，且已接入的正常新图与该画面吻合时，输出[云韵][肛交][6]。未换图或场景不符时不调用此编号。","","正常图片待接入"
"云韵","诊疗照护","肛交","7","云韵/肛交/7.png","https://cdn.jsdelivr.net/gh/lsr756480586-dev/baicao-images@main/%E4%BA%91%E9%9F%B5/%E8%82%9B%E4%BA%A4/7.png","https://cdn.jsdelivr.net/gh/Yehehua1311/mu-pig@main/%E4%BC%8A%E8%96%87%E7%89%B9%C2%B7%E6%96%BD%E5%A5%88%E5%BE%B7/nsfw/%E8%82%9B%E4%BA%A4/%E4%BC%8A%E8%96%87%E7%89%B9%C2%B7%E6%96%BD%E5%A5%88%E5%BE%B7_nsfw_%E8%82%9B%E4%BA%A4_7.png","人物实际在场，在药房、诊室或休养房间接受诊察、包扎、调息指导，或照料另一名同处室内的成员；使用正常衣着和非露骨画面。","云韵在诊室核对实际处方和复诊安排；半身构图，突出人物与关键物件；正常衣着、非露骨画面。","仅在上述场景实际发生、云韵确实到场、相关同席者也实际在场，且已接入的正常新图与该画面吻合时，输出[云韵][肛交][7]。未换图或场景不符时不调用此编号。","","正常图片待接入"
"云韵","诊疗照护","肛交","8","云韵/肛交/8.png","https://cdn.jsdelivr.net/gh/lsr756480586-dev/baicao-images@main/%E4%BA%91%E9%9F%B5/%E8%82%9B%E4%BA%A4/8.png","https://cdn.jsdelivr.net/gh/Yehehua1311/mu-pig@main/%E4%BC%8A%E8%96%87%E7%89%B9%C2%B7%E6%96%BD%E5%A5%88%E5%BE%B7/nsfw/%E8%82%9B%E4%BA%A4/%E4%BC%8A%E8%96%87%E7%89%B9%C2%B7%E6%96%BD%E5%A5%88%E5%BE%B7_nsfw_%E8%82%9B%E4%BA%A4_8.png","人物实际在场，在药房、诊室或休养房间接受诊察、包扎、调息指导，或照料另一名同处室内的成员；使用正常衣着和非露骨画面。","云韵在药房整理常用药物与干净绷带；半身构图，突出人物与关键物件；正常衣着、非露骨画面。","仅在上述场景实际发生、云韵确实到场、相关同席者也实际在场，且已接入的正常新图与该画面吻合时，输出[云韵][肛交][8]。未换图或场景不符时不调用此编号。","","正常图片待接入"
"云韵","诊疗照护","肛交","9","云韵/肛交/9.png","https://cdn.jsdelivr.net/gh/lsr756480586-dev/baicao-images@main/%E4%BA%91%E9%9F%B5/%E8%82%9B%E4%BA%A4/9.png","https://cdn.jsdelivr.net/gh/Yehehua1311/mu-pig@main/%E4%BC%8A%E8%96%87%E7%89%B9%C2%B7%E6%96%BD%E5%A5%88%E5%BE%B7/nsfw/%E8%82%9B%E4%BA%A4/%E4%BC%8A%E8%96%87%E7%89%B9%C2%B7%E6%96%BD%E5%A5%88%E5%BE%B7_nsfw_%E8%82%9B%E4%BA%A4_9.png","人物实际在场，在药房、诊室或休养房间接受诊察、包扎、调息指导，或照料另一名同处室内的成员；使用正常衣着和非露骨画面。","云韵在疲劳缓解后向同处室内的人说明身体情况；半身构图，突出人物与关键物件；正常衣着、非露骨画面。","仅在上述场景实际发生、云韵确实到场、相关同席者也实际在场，且已接入的正常新图与该画面吻合时，输出[云韵][肛交][9]。未换图或场景不符时不调用此编号。","","正常图片待接入"
"云韵","诊疗照护","肛交","10","云韵/肛交/10.png","https://cdn.jsdelivr.net/gh/lsr756480586-dev/baicao-images@main/%E4%BA%91%E9%9F%B5/%E8%82%9B%E4%BA%A4/10.png","https://cdn.jsdelivr.net/gh/Yehehua1311/mu-pig@main/%E4%BC%8A%E8%96%87%E7%89%B9%C2%B7%E6%96%BD%E5%A5%88%E5%BE%B7/nsfw/%E8%82%9B%E4%BA%A4/%E4%BC%8A%E8%96%87%E7%89%B9%C2%B7%E6%96%BD%E5%A5%88%E5%BE%B7_nsfw_%E8%82%9B%E4%BA%A4_10.png","人物实际在场，在药房、诊室或休养房间接受诊察、包扎、调息指导，或照料另一名同处室内的成员；使用正常衣着和非露骨画面。","云韵在室内协助准备清洁伤口所需的正常用品；半身构图，突出人物与关键物件；正常衣着、非露骨画面。","仅在上述场景实际发生、云韵确实到场、相关同席者也实际在场，且已接入的正常新图与该画面吻合时，输出[云韵][肛交][10]。未换图或场景不符时不调用此编号。","","正常图片待接入"
"云韵","诊疗照护","肛交","11","云韵/肛交/11.png","https://cdn.jsdelivr.net/gh/lsr756480586-dev/baicao-images@main/%E4%BA%91%E9%9F%B5/%E8%82%9B%E4%BA%A4/11.png","https://cdn.jsdelivr.net/gh/Yehehua1311/mu-pig@main/%E4%BC%8A%E8%96%87%E7%89%B9%C2%B7%E6%96%BD%E5%A5%88%E5%BE%B7/nsfw/%E8%82%9B%E4%BA%A4/%E4%BC%8A%E8%96%87%E7%89%B9%C2%B7%E6%96%BD%E5%A5%88%E5%BE%B7_nsfw_%E8%82%9B%E4%BA%A4_11.png","人物实际在场，在药房、诊室或休养房间接受诊察、包扎、调息指导，或照料另一名同处室内的成员；使用正常衣着和非露骨画面。","云韵在药房接受药师询问，保持正常衣着；较宽构图，交代人物与场所；正常衣着、非露骨画面。","仅在上述场景实际发生、云韵确实到场、相关同席者也实际在场，且已接入的正常新图与该画面吻合时，输出[云韵][肛交][11]。未换图或场景不符时不调用此编号。","","正常图片待接入"
"云韵","出行护送","足交","1","云韵/足交/1.png","https://cdn.jsdelivr.net/gh/lsr756480586-dev/baicao-images@main/%E4%BA%91%E9%9F%B5/%E8%B6%B3%E4%BA%A4/1.png","https://cdn.jsdelivr.net/gh/Yehehua1311/mu-pig@main/%E4%BC%8A%E8%96%87%E7%89%B9%C2%B7%E6%96%BD%E5%A5%88%E5%BE%B7/nsfw/%E8%B6%B3%E4%BA%A4/%E4%BC%8A%E8%96%87%E7%89%B9%C2%B7%E6%96%BD%E5%A5%88%E5%BE%B7_nsfw_%E8%B6%B3%E4%BA%A4_1.png","人物实际随队采购、护送流民、巡守或赶路，并出现与图片对应的出发、行进、避雨、歇脚或归来情境。","云韵在百草园院门核对出行物品后准备出发；半身构图，突出人物与关键物件；正常衣着、非露骨画面。","仅在上述场景实际发生、云韵确实到场、相关同席者也实际在场，且已接入的正常新图与该画面吻合时，输出[云韵][足交][1]。未换图或场景不符时不调用此编号。","","正常图片待接入"
"云韵","出行护送","足交","2","云韵/足交/2.png","https://cdn.jsdelivr.net/gh/lsr756480586-dev/baicao-images@main/%E4%BA%91%E9%9F%B5/%E8%B6%B3%E4%BA%A4/2.png","https://cdn.jsdelivr.net/gh/Yehehua1311/mu-pig@main/%E4%BC%8A%E8%96%87%E7%89%B9%C2%B7%E6%96%BD%E5%A5%88%E5%BE%B7/nsfw/%E8%B6%B3%E4%BA%A4/%E4%BC%8A%E8%96%87%E7%89%B9%C2%B7%E6%96%BD%E5%A5%88%E5%BE%B7_nsfw_%E8%B6%B3%E4%BA%A4_2.png","人物实际随队采购、护送流民、巡守或赶路，并出现与图片对应的出发、行进、避雨、歇脚或归来情境。","云韵在白帝城街道随队采购；半身构图，突出人物与关键物件；正常衣着、非露骨画面。","仅在上述场景实际发生、云韵确实到场、相关同席者也实际在场，且已接入的正常新图与该画面吻合时，输出[云韵][足交][2]。未换图或场景不符时不调用此编号。","","正常图片待接入"
"云韵","出行护送","足交","3","云韵/足交/3.png","https://cdn.jsdelivr.net/gh/lsr756480586-dev/baicao-images@main/%E4%BA%91%E9%9F%B5/%E8%B6%B3%E4%BA%A4/3.png","https://cdn.jsdelivr.net/gh/Yehehua1311/mu-pig@main/%E4%BC%8A%E8%96%87%E7%89%B9%C2%B7%E6%96%BD%E5%A5%88%E5%BE%B7/nsfw/%E8%B6%B3%E4%BA%A4/%E4%BC%8A%E8%96%87%E7%89%B9%C2%B7%E6%96%BD%E5%A5%88%E5%BE%B7_nsfw_%E8%B6%B3%E4%BA%A4_3.png","人物实际随队采购、护送流民、巡守或赶路，并出现与图片对应的出发、行进、避雨、歇脚或归来情境。","云韵在青州城城门与同行者核对路引；半身构图，突出人物与关键物件；正常衣着、非露骨画面。","仅在上述场景实际发生、云韵确实到场、相关同席者也实际在场，且已接入的正常新图与该画面吻合时，输出[云韵][足交][3]。未换图或场景不符时不调用此编号。","","正常图片待接入"
"云韵","出行护送","足交","4","云韵/足交/4.png","https://cdn.jsdelivr.net/gh/lsr756480586-dev/baicao-images@main/%E4%BA%91%E9%9F%B5/%E8%B6%B3%E4%BA%A4/4.png","https://cdn.jsdelivr.net/gh/Yehehua1311/mu-pig@main/%E4%BC%8A%E8%96%87%E7%89%B9%C2%B7%E6%96%BD%E5%A5%88%E5%BE%B7/nsfw/%E8%B6%B3%E4%BA%A4/%E4%BC%8A%E8%96%87%E7%89%B9%C2%B7%E6%96%BD%E5%A5%88%E5%BE%B7_nsfw_%E8%B6%B3%E4%BA%A4_4.png","人物实际随队采购、护送流民、巡守或赶路，并出现与图片对应的出发、行进、避雨、歇脚或归来情境。","云韵在商路途中与队伍短暂停步；半身构图，突出人物与关键物件；正常衣着、非露骨画面。","仅在上述场景实际发生、云韵确实到场、相关同席者也实际在场，且已接入的正常新图与该画面吻合时，输出[云韵][足交][4]。未换图或场景不符时不调用此编号。","","正常图片待接入"
"云韵","私室交谈","口交","1","云韵/口交/1.png","https://cdn.jsdelivr.net/gh/lsr756480586-dev/baicao-images@main/%E4%BA%91%E9%9F%B5/%E5%8F%A3%E4%BA%A4/1.png","https://cdn.jsdelivr.net/gh/Yehehua1311/mu-pig@main/%E4%BC%8A%E8%96%87%E7%89%B9%C2%B7%E6%96%BD%E5%A5%88%E5%BE%B7/nsfw/%E5%8F%A3%E4%BA%A4/%E4%BC%8A%E8%96%87%E7%89%B9%C2%B7%E6%96%BD%E5%A5%88%E5%BE%B7_nsfw_%E5%8F%A3%E4%BA%A4_1.png","人物与园主或其他成员确实共同处于书房、茶间、休息室或客房，进行商议、倾诉旧事、解释顾虑或表达关心；亲近按既定人物关系发展。","云韵在私人书房与园主同看祖契抄本；半身构图，突出人物与关键物件；正常衣着、非露骨画面。","仅在上述场景实际发生、云韵确实到场、相关同席者也实际在场，且已接入的正常新图与该画面吻合时，输出[云韵][口交][1]。未换图或场景不符时不调用此编号。","","正常图片待接入"
"云韵","私室交谈","口交","2","云韵/口交/2.png","https://cdn.jsdelivr.net/gh/lsr756480586-dev/baicao-images@main/%E4%BA%91%E9%9F%B5/%E5%8F%A3%E4%BA%A4/2.png","https://cdn.jsdelivr.net/gh/Yehehua1311/mu-pig@main/%E4%BC%8A%E8%96%87%E7%89%B9%C2%B7%E6%96%BD%E5%A5%88%E5%BE%B7/nsfw/%E5%8F%A3%E4%BA%A4/%E4%BC%8A%E8%96%87%E7%89%B9%C2%B7%E6%96%BD%E5%A5%88%E5%BE%B7_nsfw_%E5%8F%A3%E4%BA%A4_2.png","人物与园主或其他成员确实共同处于书房、茶间、休息室或客房，进行商议、倾诉旧事、解释顾虑或表达关心；亲近按既定人物关系发展。","云韵在室内茶间说起个人生活愿望；半身构图，突出人物与关键物件；正常衣着、非露骨画面。","仅在上述场景实际发生、云韵确实到场、相关同席者也实际在场，且已接入的正常新图与该画面吻合时，输出[云韵][口交][2]。未换图或场景不符时不调用此编号。","","正常图片待接入"
"云韵","私室交谈","口交","3","云韵/口交/3.png","https://cdn.jsdelivr.net/gh/lsr756480586-dev/baicao-images@main/%E4%BA%91%E9%9F%B5/%E5%8F%A3%E4%BA%A4/3.png","https://cdn.jsdelivr.net/gh/Yehehua1311/mu-pig@main/%E4%BC%8A%E8%96%87%E7%89%B9%C2%B7%E6%96%BD%E5%A5%88%E5%BE%B7/nsfw/%E5%8F%A3%E4%BA%A4/%E4%BC%8A%E8%96%87%E7%89%B9%C2%B7%E6%96%BD%E5%A5%88%E5%BE%B7_nsfw_%E5%8F%A3%E4%BA%A4_3.png","人物与园主或其他成员确实共同处于书房、茶间、休息室或客房，进行商议、倾诉旧事、解释顾虑或表达关心；亲近按既定人物关系发展。","云韵在住处待客间谈论已经发生的旧事；半身构图，突出人物与关键物件；正常衣着、非露骨画面。","仅在上述场景实际发生、云韵确实到场、相关同席者也实际在场，且已接入的正常新图与该画面吻合时，输出[云韵][口交][3]。未换图或场景不符时不调用此编号。","","正常图片待接入"
"云韵","私室交谈","口交","4","云韵/口交/4.png","https://cdn.jsdelivr.net/gh/lsr756480586-dev/baicao-images@main/%E4%BA%91%E9%9F%B5/%E5%8F%A3%E4%BA%A4/4.png","https://cdn.jsdelivr.net/gh/Yehehua1311/mu-pig@main/%E4%BC%8A%E8%96%87%E7%89%B9%C2%B7%E6%96%BD%E5%A5%88%E5%BE%B7/nsfw/%E5%8F%A3%E4%BA%A4/%E4%BC%8A%E8%96%87%E7%89%B9%C2%B7%E6%96%BD%E5%A5%88%E5%BE%B7_nsfw_%E5%8F%A3%E4%BA%A4_4.png","人物与园主或其他成员确实共同处于书房、茶间、休息室或客房，进行商议、倾诉旧事、解释顾虑或表达关心；亲近按既定人物关系发展。","云韵在关门的休息室说明工作顾虑；半身构图，突出人物与关键物件；正常衣着、非露骨画面。","仅在上述场景实际发生、云韵确实到场、相关同席者也实际在场，且已接入的正常新图与该画面吻合时，输出[云韵][口交][4]。未换图或场景不符时不调用此编号。","","正常图片待接入"
"云韵","私室交谈","口交","5","云韵/口交/5.png","https://cdn.jsdelivr.net/gh/lsr756480586-dev/baicao-images@main/%E4%BA%91%E9%9F%B5/%E5%8F%A3%E4%BA%A4/5.png","https://cdn.jsdelivr.net/gh/Yehehua1311/mu-pig@main/%E4%BC%8A%E8%96%87%E7%89%B9%C2%B7%E6%96%BD%E5%A5%88%E5%BE%B7/nsfw/%E5%8F%A3%E4%BA%A4/%E4%BC%8A%E8%96%87%E7%89%B9%C2%B7%E6%96%BD%E5%A5%88%E5%BE%B7_nsfw_%E5%8F%A3%E4%BA%A4_5.png","人物与园主或其他成员确实共同处于书房、茶间、休息室或客房，进行商议、倾诉旧事、解释顾虑或表达关心；亲近按既定人物关系发展。","云韵在私人小厅向园主解释一场实际争议；半身构图，突出人物与关键物件；正常衣着、非露骨画面。","仅在上述场景实际发生、云韵确实到场、相关同席者也实际在场，且已接入的正常新图与该画面吻合时，输出[云韵][口交][5]。未换图或场景不符时不调用此编号。","","正常图片待接入"
"云韵","私室交谈","口交","6","云韵/口交/6.png","https://cdn.jsdelivr.net/gh/lsr756480586-dev/baicao-images@main/%E4%BA%91%E9%9F%B5/%E5%8F%A3%E4%BA%A4/6.png","https://cdn.jsdelivr.net/gh/Yehehua1311/mu-pig@main/%E4%BC%8A%E8%96%87%E7%89%B9%C2%B7%E6%96%BD%E5%A5%88%E5%BE%B7/nsfw/%E5%8F%A3%E4%BA%A4/%E4%BC%8A%E8%96%87%E7%89%B9%C2%B7%E6%96%BD%E5%A5%88%E5%BE%B7_nsfw_%E5%8F%A3%E4%BA%A4_6.png","人物与园主或其他成员确实共同处于书房、茶间、休息室或客房，进行商议、倾诉旧事、解释顾虑或表达关心；亲近按既定人物关系发展。","云韵在雨夜书房与园主共读地方志；半身构图，突出人物与关键物件；正常衣着、非露骨画面。","仅在上述场景实际发生、云韵确实到场、相关同席者也实际在场，且已接入的正常新图与该画面吻合时，输出[云韵][口交][6]。未换图或场景不符时不调用此编号。","","正常图片待接入"
"云韵","私室交谈","口交","7","云韵/口交/7.png","https://cdn.jsdelivr.net/gh/lsr756480586-dev/baicao-images@main/%E4%BA%91%E9%9F%B5/%E5%8F%A3%E4%BA%A4/7.png","https://cdn.jsdelivr.net/gh/Yehehua1311/mu-pig@main/%E4%BC%8A%E8%96%87%E7%89%B9%C2%B7%E6%96%BD%E5%A5%88%E5%BE%B7/nsfw/%E5%8F%A3%E4%BA%A4/%E4%BC%8A%E8%96%87%E7%89%B9%C2%B7%E6%96%BD%E5%A5%88%E5%BE%B7_nsfw_%E5%8F%A3%E4%BA%A4_7.png","人物与园主或其他成员确实共同处于书房、茶间、休息室或客房，进行商议、倾诉旧事、解释顾虑或表达关心；亲近按既定人物关系发展。","云韵在室内与另一位实际到场的成员商议交易清单；半身构图，突出人物与关键物件；正常衣着、非露骨画面。","仅在上述场景实际发生、云韵确实到场、相关同席者也实际在场，且已接入的正常新图与该画面吻合时，输出[云韵][口交][7]。未换图或场景不符时不调用此编号。","","正常图片待接入"
"云韵","私室交谈","口交","8","云韵/口交/8.png","https://cdn.jsdelivr.net/gh/lsr756480586-dev/baicao-images@main/%E4%BA%91%E9%9F%B5/%E5%8F%A3%E4%BA%A4/8.png","https://cdn.jsdelivr.net/gh/Yehehua1311/mu-pig@main/%E4%BC%8A%E8%96%87%E7%89%B9%C2%B7%E6%96%BD%E5%A5%88%E5%BE%B7/nsfw/%E5%8F%A3%E4%BA%A4/%E4%BC%8A%E8%96%87%E7%89%B9%C2%B7%E6%96%BD%E5%A5%88%E5%BE%B7_nsfw_%E5%8F%A3%E4%BA%A4_8.png","人物与园主或其他成员确实共同处于书房、茶间、休息室或客房，进行商议、倾诉旧事、解释顾虑或表达关心；亲近按既定人物关系发展。","云韵在茶案旁表达关心并递上热茶；半身构图，突出人物与关键物件；正常衣着、非露骨画面。","仅在上述场景实际发生、云韵确实到场、相关同席者也实际在场，且已接入的正常新图与该画面吻合时，输出[云韵][口交][8]。未换图或场景不符时不调用此编号。","","正常图片待接入"
"云韵","私室交谈","口交","9","云韵/口交/9.png","https://cdn.jsdelivr.net/gh/lsr756480586-dev/baicao-images@main/%E4%BA%91%E9%9F%B5/%E5%8F%A3%E4%BA%A4/9.png","https://cdn.jsdelivr.net/gh/Yehehua1311/mu-pig@main/%E4%BC%8A%E8%96%87%E7%89%B9%C2%B7%E6%96%BD%E5%A5%88%E5%BE%B7/nsfw/%E5%8F%A3%E4%BA%A4/%E4%BC%8A%E8%96%87%E7%89%B9%C2%B7%E6%96%BD%E5%A5%88%E5%BE%B7_nsfw_%E5%8F%A3%E4%BA%A4_9.png","人物与园主或其他成员确实共同处于书房、茶间、休息室或客房，进行商议、倾诉旧事、解释顾虑或表达关心；亲近按既定人物关系发展。","云韵在休息间将尚未解决的问题写在便笺上；半身构图，突出人物与关键物件；正常衣着、非露骨画面。","仅在上述场景实际发生、云韵确实到场、相关同席者也实际在场，且已接入的正常新图与该画面吻合时，输出[云韵][口交][9]。未换图或场景不符时不调用此编号。","","正常图片待接入"
"云韵","私室交谈","口交","10","云韵/口交/10.png","https://cdn.jsdelivr.net/gh/lsr756480586-dev/baicao-images@main/%E4%BA%91%E9%9F%B5/%E5%8F%A3%E4%BA%A4/10.png","https://cdn.jsdelivr.net/gh/Yehehua1311/mu-pig@main/%E4%BC%8A%E8%96%87%E7%89%B9%C2%B7%E6%96%BD%E5%A5%88%E5%BE%B7/nsfw/%E5%8F%A3%E4%BA%A4/%E4%BC%8A%E8%96%87%E7%89%B9%C2%B7%E6%96%BD%E5%A5%88%E5%BE%B7_nsfw_%E5%8F%A3%E4%BA%A4_10.png","人物与园主或其他成员确实共同处于书房、茶间、休息室或客房，进行商议、倾诉旧事、解释顾虑或表达关心；亲近按既定人物关系发展。","云韵在灯下谈完正事后轻松闲聊；半身构图，突出人物与关键物件；正常衣着、非露骨画面。","仅在上述场景实际发生、云韵确实到场、相关同席者也实际在场，且已接入的正常新图与该画面吻合时，输出[云韵][口交][10]。未换图或场景不符时不调用此编号。","","正常图片待接入"
"云韵","私室交谈","口交","11","云韵/口交/11.png","https://cdn.jsdelivr.net/gh/lsr756480586-dev/baicao-images@main/%E4%BA%91%E9%9F%B5/%E5%8F%A3%E4%BA%A4/11.png","https://cdn.jsdelivr.net/gh/Yehehua1311/mu-pig@main/%E4%BC%8A%E8%96%87%E7%89%B9%C2%B7%E6%96%BD%E5%A5%88%E5%BE%B7/nsfw/%E5%8F%A3%E4%BA%A4/%E4%BC%8A%E8%96%87%E7%89%B9%C2%B7%E6%96%BD%E5%A5%88%E5%BE%B7_nsfw_%E5%8F%A3%E4%BA%A4_11.png","人物与园主或其他成员确实共同处于书房、茶间、休息室或客房，进行商议、倾诉旧事、解释顾虑或表达关心；亲近按既定人物关系发展。","云韵在私人书房与园主同看祖契抄本；较宽构图，交代人物与场所；正常衣着、非露骨画面。","仅在上述场景实际发生、云韵确实到场、相关同席者也实际在场，且已接入的正常新图与该画面吻合时，输出[云韵][口交][11]。未换图或场景不符时不调用此编号。","","正常图片待接入"
"云韵","私室交谈","口交","12","云韵/口交/12.png","https://cdn.jsdelivr.net/gh/lsr756480586-dev/baicao-images@main/%E4%BA%91%E9%9F%B5/%E5%8F%A3%E4%BA%A4/12.png","https://cdn.jsdelivr.net/gh/Yehehua1311/mu-pig@main/%E4%BC%8A%E8%96%87%E7%89%B9%C2%B7%E6%96%BD%E5%A5%88%E5%BE%B7/nsfw/%E5%8F%A3%E4%BA%A4/%E4%BC%8A%E8%96%87%E7%89%B9%C2%B7%E6%96%BD%E5%A5%88%E5%BE%B7_nsfw_%E5%8F%A3%E4%BA%A4_12.png","人物与园主或其他成员确实共同处于书房、茶间、休息室或客房，进行商议、倾诉旧事、解释顾虑或表达关心；亲近按既定人物关系发展。","云韵在室内茶间说起个人生活愿望；较宽构图，交代人物与场所；正常衣着、非露骨画面。","仅在上述场景实际发生、云韵确实到场、相关同席者也实际在场，且已接入的正常新图与该画面吻合时，输出[云韵][口交][12]。未换图或场景不符时不调用此编号。","","正常图片待接入"
"云韵","协作修习","性交","1","云韵/性交/1.png","https://cdn.jsdelivr.net/gh/lsr756480586-dev/baicao-images@main/%E4%BA%91%E9%9F%B5/%E6%80%A7%E4%BA%A4/1.png","https://cdn.jsdelivr.net/gh/Yehehua1311/mu-pig@main/%E4%BC%8A%E8%96%87%E7%89%B9%C2%B7%E6%96%BD%E5%A5%88%E5%BE%B7/nsfw/%E6%80%A7%E4%BA%A4/%E4%BC%8A%E8%96%87%E7%89%B9%C2%B7%E6%96%BD%E5%A5%88%E5%BE%B7_nsfw_%E6%80%A7%E4%BA%A4_1.png","人物实际在场，共同研习术法、调试符器、练剑、试制农具兵器或协作完成一项工作，出现与图片对应的操作、指点或成果展示。","云韵在工作间与同席者核对祖契抄本的操作或记录步骤；半身构图，突出人物与关键物件；正常衣着、非露骨画面。","仅在上述场景实际发生、云韵确实到场、相关同席者也实际在场，且已接入的正常新图与该画面吻合时，输出[云韵][性交][1]。未换图或场景不符时不调用此编号。","","正常图片待接入"
"云韵","协作修习","性交","2","云韵/性交/2.png","https://cdn.jsdelivr.net/gh/lsr756480586-dev/baicao-images@main/%E4%BA%91%E9%9F%B5/%E6%80%A7%E4%BA%A4/2.png","https://cdn.jsdelivr.net/gh/Yehehua1311/mu-pig@main/%E4%BC%8A%E8%96%87%E7%89%B9%C2%B7%E6%96%BD%E5%A5%88%E5%BE%B7/nsfw/%E6%80%A7%E4%BA%A4/%E4%BC%8A%E8%96%87%E7%89%B9%C2%B7%E6%96%BD%E5%A5%88%E5%BE%B7_nsfw_%E6%80%A7%E4%BA%A4_2.png","人物实际在场，共同研习术法、调试符器、练剑、试制农具兵器或协作完成一项工作，出现与图片对应的操作、指点或成果展示。","云韵在室内向园主展示与印章拓片有关的专业方法；半身构图，突出人物与关键物件；正常衣着、非露骨画面。","仅在上述场景实际发生、云韵确实到场、相关同席者也实际在场，且已接入的正常新图与该画面吻合时，输出[云韵][性交][2]。未换图或场景不符时不调用此编号。","","正常图片待接入"
"云韵","协作修习","性交","3","云韵/性交/3.png","https://cdn.jsdelivr.net/gh/lsr756480586-dev/baicao-images@main/%E4%BA%91%E9%9F%B5/%E6%80%A7%E4%BA%A4/3.png","https://cdn.jsdelivr.net/gh/Yehehua1311/mu-pig@main/%E4%BC%8A%E8%96%87%E7%89%B9%C2%B7%E6%96%BD%E5%A5%88%E5%BE%B7/nsfw/%E6%80%A7%E4%BA%A4/%E4%BC%8A%E8%96%87%E7%89%B9%C2%B7%E6%96%BD%E5%A5%88%E5%BE%B7_nsfw_%E6%80%A7%E4%BA%A4_3.png","人物实际在场，共同研习术法、调试符器、练剑、试制农具兵器或协作完成一项工作，出现与图片对应的操作、指点或成果展示。","云韵在工坊参与一项已有能力范围内的协作任务；半身构图，突出人物与关键物件；正常衣着、非露骨画面。","仅在上述场景实际发生、云韵确实到场、相关同席者也实际在场，且已接入的正常新图与该画面吻合时，输出[云韵][性交][3]。未换图或场景不符时不调用此编号。","","正常图片待接入"
"云韵","协作修习","性交","4","云韵/性交/4.png","https://cdn.jsdelivr.net/gh/lsr756480586-dev/baicao-images@main/%E4%BA%91%E9%9F%B5/%E6%80%A7%E4%BA%A4/4.png","https://cdn.jsdelivr.net/gh/Yehehua1311/mu-pig@main/%E4%BC%8A%E8%96%87%E7%89%B9%C2%B7%E6%96%BD%E5%A5%88%E5%BE%B7/nsfw/%E6%80%A7%E4%BA%A4/%E4%BC%8A%E8%96%87%E7%89%B9%C2%B7%E6%96%BD%E5%A5%88%E5%BE%B7_nsfw_%E6%80%A7%E4%BA%A4_4.png","人物实际在场，共同研习术法、调试符器、练剑、试制农具兵器或协作完成一项工作，出现与图片对应的操作、指点或成果展示。","云韵在书房与同席者共同推演交易清单；半身构图，突出人物与关键物件；正常衣着、非露骨画面。","仅在上述场景实际发生、云韵确实到场、相关同席者也实际在场，且已接入的正常新图与该画面吻合时，输出[云韵][性交][4]。未换图或场景不符时不调用此编号。","","正常图片待接入"
"云韵","协作修习","性交","5","云韵/性交/5.png","https://cdn.jsdelivr.net/gh/lsr756480586-dev/baicao-images@main/%E4%BA%91%E9%9F%B5/%E6%80%A7%E4%BA%A4/5.png","https://cdn.jsdelivr.net/gh/Yehehua1311/mu-pig@main/%E4%BC%8A%E8%96%87%E7%89%B9%C2%B7%E6%96%BD%E5%A5%88%E5%BE%B7/nsfw/%E6%80%A7%E4%BA%A4/%E4%BC%8A%E8%96%87%E7%89%B9%C2%B7%E6%96%BD%E5%A5%88%E5%BE%B7_nsfw_%E6%80%A7%E4%BA%A4_5.png","人物实际在场，共同研习术法、调试符器、练剑、试制农具兵器或协作完成一项工作，出现与图片对应的操作、指点或成果展示。","云韵在练习室学习基础护身动作，不额外获得高阶能力；半身构图，突出人物与关键物件；正常衣着、非露骨画面。","仅在上述场景实际发生、云韵确实到场、相关同席者也实际在场，且已接入的正常新图与该画面吻合时，输出[云韵][性交][5]。未换图或场景不符时不调用此编号。","","正常图片待接入"
"云韵","协作修习","性交","6","云韵/性交/6.png","https://cdn.jsdelivr.net/gh/lsr756480586-dev/baicao-images@main/%E4%BA%91%E9%9F%B5/%E6%80%A7%E4%BA%A4/6.png","https://cdn.jsdelivr.net/gh/Yehehua1311/mu-pig@main/%E4%BC%8A%E8%96%87%E7%89%B9%C2%B7%E6%96%BD%E5%A5%88%E5%BE%B7/nsfw/%E6%80%A7%E4%BA%A4/%E4%BC%8A%E8%96%87%E7%89%B9%C2%B7%E6%96%BD%E5%A5%88%E5%BE%B7_nsfw_%E6%80%A7%E4%BA%A4_6.png","人物实际在场，共同研习术法、调试符器、练剑、试制农具兵器或协作完成一项工作，出现与图片对应的操作、指点或成果展示。","云韵在工作台旁协助记录一次实际测试结果；半身构图，突出人物与关键物件；正常衣着、非露骨画面。","仅在上述场景实际发生、云韵确实到场、相关同席者也实际在场，且已接入的正常新图与该画面吻合时，输出[云韵][性交][6]。未换图或场景不符时不调用此编号。","","正常图片待接入"
"云韵","协作修习","性交","7","云韵/性交/7.png","https://cdn.jsdelivr.net/gh/lsr756480586-dev/baicao-images@main/%E4%BA%91%E9%9F%B5/%E6%80%A7%E4%BA%A4/7.png","https://cdn.jsdelivr.net/gh/Yehehua1311/mu-pig@main/%E4%BC%8A%E8%96%87%E7%89%B9%C2%B7%E6%96%BD%E5%A5%88%E5%BE%B7/nsfw/%E6%80%A7%E4%BA%A4/%E4%BC%8A%E8%96%87%E7%89%B9%C2%B7%E6%96%BD%E5%A5%88%E5%BE%B7_nsfw_%E6%80%A7%E4%BA%A4_7.png","人物实际在场，共同研习术法、调试符器、练剑、试制农具兵器或协作完成一项工作，出现与图片对应的操作、指点或成果展示。","云韵在室内向实际到场的成员请教一个具体问题；半身构图，突出人物与关键物件；正常衣着、非露骨画面。","仅在上述场景实际发生、云韵确实到场、相关同席者也实际在场，且已接入的正常新图与该画面吻合时，输出[云韵][性交][7]。未换图或场景不符时不调用此编号。","","正常图片待接入"
"云韵","协作修习","性交","8","云韵/性交/8.png","https://cdn.jsdelivr.net/gh/lsr756480586-dev/baicao-images@main/%E4%BA%91%E9%9F%B5/%E6%80%A7%E4%BA%A4/8.png","https://cdn.jsdelivr.net/gh/Yehehua1311/mu-pig@main/%E4%BC%8A%E8%96%87%E7%89%B9%C2%B7%E6%96%BD%E5%A5%88%E5%BE%B7/nsfw/%E6%80%A7%E4%BA%A4/%E4%BC%8A%E8%96%87%E7%89%B9%C2%B7%E6%96%BD%E5%A5%88%E5%BE%B7_nsfw_%E6%80%A7%E4%BA%A4_8.png","人物实际在场，共同研习术法、调试符器、练剑、试制农具兵器或协作完成一项工作，出现与图片对应的操作、指点或成果展示。","云韵在完成协作后展示已制作或整理的成果；半身构图，突出人物与关键物件；正常衣着、非露骨画面。","仅在上述场景实际发生、云韵确实到场、相关同席者也实际在场，且已接入的正常新图与该画面吻合时，输出[云韵][性交][8]。未换图或场景不符时不调用此编号。","","正常图片待接入"
"云韵","协作修习","性交","9","云韵/性交/9.png","https://cdn.jsdelivr.net/gh/lsr756480586-dev/baicao-images@main/%E4%BA%91%E9%9F%B5/%E6%80%A7%E4%BA%A4/9.png","https://cdn.jsdelivr.net/gh/Yehehua1311/mu-pig@main/%E4%BC%8A%E8%96%87%E7%89%B9%C2%B7%E6%96%BD%E5%A5%88%E5%BE%B7/nsfw/%E6%80%A7%E4%BA%A4/%E4%BC%8A%E8%96%87%E7%89%B9%C2%B7%E6%96%BD%E5%A5%88%E5%BE%B7_nsfw_%E6%80%A7%E4%BA%A4_9.png","人物实际在场，共同研习术法、调试符器、练剑、试制农具兵器或协作完成一项工作，出现与图片对应的操作、指点或成果展示。","云韵在遇到失误时指认问题并重新核对步骤；半身构图，突出人物与关键物件；正常衣着、非露骨画面。","仅在上述场景实际发生、云韵确实到场、相关同席者也实际在场，且已接入的正常新图与该画面吻合时，输出[云韵][性交][9]。未换图或场景不符时不调用此编号。","","正常图片待接入"
"云韵","协作修习","性交","10","云韵/性交/10.png","https://cdn.jsdelivr.net/gh/lsr756480586-dev/baicao-images@main/%E4%BA%91%E9%9F%B5/%E6%80%A7%E4%BA%A4/10.png","https://cdn.jsdelivr.net/gh/Yehehua1311/mu-pig@main/%E4%BC%8A%E8%96%87%E7%89%B9%C2%B7%E6%96%BD%E5%A5%88%E5%BE%B7/nsfw/%E6%80%A7%E4%BA%A4/%E4%BC%8A%E8%96%87%E7%89%B9%C2%B7%E6%96%BD%E5%A5%88%E5%BE%B7_nsfw_%E6%80%A7%E4%BA%A4_10.png","人物实际在场，共同研习术法、调试符器、练剑、试制农具兵器或协作完成一项工作，出现与图片对应的操作、指点或成果展示。","云韵在休息室与同席者总结已经完成的练习；半身构图，突出人物与关键物件；正常衣着、非露骨画面。","仅在上述场景实际发生、云韵确实到场、相关同席者也实际在场，且已接入的正常新图与该画面吻合时，输出[云韵][性交][10]。未换图或场景不符时不调用此编号。","","正常图片待接入"
"云韵","协作修习","性交","11","云韵/性交/11.png","https://cdn.jsdelivr.net/gh/lsr756480586-dev/baicao-images@main/%E4%BA%91%E9%9F%B5/%E6%80%A7%E4%BA%A4/11.png","https://cdn.jsdelivr.net/gh/Yehehua1311/mu-pig@main/%E4%BC%8A%E8%96%87%E7%89%B9%C2%B7%E6%96%BD%E5%A5%88%E5%BE%B7/nsfw/%E6%80%A7%E4%BA%A4/%E4%BC%8A%E8%96%87%E7%89%B9%C2%B7%E6%96%BD%E5%A5%88%E5%BE%B7_nsfw_%E6%80%A7%E4%BA%A4_11.png","人物实际在场，共同研习术法、调试符器、练剑、试制农具兵器或协作完成一项工作，出现与图片对应的操作、指点或成果展示。","云韵在工作间与同席者核对祖契抄本的操作或记录步骤；较宽构图，交代人物与场所；正常衣着、非露骨画面。","仅在上述场景实际发生、云韵确实到场、相关同席者也实际在场，且已接入的正常新图与该画面吻合时，输出[云韵][性交][11]。未换图或场景不符时不调用此编号。","","正常图片待接入"
"云韵","协作修习","性交","12","云韵/性交/12.png","https://cdn.jsdelivr.net/gh/lsr756480586-dev/baicao-images@main/%E4%BA%91%E9%9F%B5/%E6%80%A7%E4%BA%A4/12.png","https://cdn.jsdelivr.net/gh/Yehehua1311/mu-pig@main/%E4%BC%8A%E8%96%87%E7%89%B9%C2%B7%E6%96%BD%E5%A5%88%E5%BE%B7/nsfw/%E6%80%A7%E4%BA%A4/%E4%BC%8A%E8%96%87%E7%89%B9%C2%B7%E6%96%BD%E5%A5%88%E5%BE%B7_nsfw_%E6%80%A7%E4%BA%A4_12.png","人物实际在场，共同研习术法、调试符器、练剑、试制农具兵器或协作完成一项工作，出现与图片对应的操作、指点或成果展示。","云韵在室内向园主展示与印章拓片有关的专业方法；较宽构图，交代人物与场所；正常衣着、非露骨画面。","仅在上述场景实际发生、云韵确实到场、相关同席者也实际在场，且已接入的正常新图与该画面吻合时，输出[云韵][性交][12]。未换图或场景不符时不调用此编号。","","正常图片待接入"
"苏玉茹","立绘","","","苏玉茹/立绘.png","https://cdn.jsdelivr.net/gh/lsr756480586-dev/baicao-images@main/%E8%8B%8F%E7%8E%89%E8%8C%B9/%E7%AB%8B%E7%BB%98.png","https://picgocloud.com/m/3c91da5d-fef7-4688-8b67-af0c61b53f45.png","在人物菜单、状态栏或人物图库中显示该人物时使用。","苏玉茹身着已确定的日常衣装，正面人物立绘，背景简洁。","人物菜单、状态栏或图库实际显示该人物时使用。","","立绘"
"苏玉茹","日常","sfw","1","苏玉茹/sfw/1.png","https://cdn.jsdelivr.net/gh/lsr756480586-dev/baicao-images@main/%E8%8B%8F%E7%8E%89%E8%8C%B9/sfw/1.png","https://cdn.jsdelivr.net/gh/Yehehua1311/mu-pig@main/%E5%8F%B6%E6%A2%A8%E8%8E%8E%C2%B7%E8%89%BE%E7%8F%90%C2%B7%E4%BC%8D%E6%96%AF%E7%89%B9/sfw/%E5%8F%B6%E6%A2%A8%E8%8E%8E%C2%B7%E8%89%BE%E7%8F%90%C2%B7%E4%BC%8D%E6%96%AF%E7%89%B9_sfw_1.png","人物实际在场，进行园务汇报、种粮育药、修器织染、用餐饮茶或公开会面，且画面适合当前情节。","苏玉茹在岗位工作间展示施药名册并汇报进展；半身构图，突出人物与关键物件；正常衣着、非露骨画面。","仅在上述场景实际发生、苏玉茹确实到场、相关同席者也实际在场，且已接入的正常新图与该画面吻合时，输出[苏玉茹][sfw][1]。未换图或场景不符时不调用此编号。","","暂用原日常图，新画面计划待接入"
"苏玉茹","日常","sfw","2","苏玉茹/sfw/2.png","https://cdn.jsdelivr.net/gh/lsr756480586-dev/baicao-images@main/%E8%8B%8F%E7%8E%89%E8%8C%B9/sfw/2.png","https://cdn.jsdelivr.net/gh/Yehehua1311/mu-pig@main/%E5%8F%B6%E6%A2%A8%E8%8E%8E%C2%B7%E8%89%BE%E7%8F%90%C2%B7%E4%BC%8D%E6%96%AF%E7%89%B9/sfw/%E5%8F%B6%E6%A2%A8%E8%8E%8E%C2%B7%E8%89%BE%E7%8F%90%C2%B7%E4%BC%8D%E6%96%AF%E7%89%B9_sfw_2.png","人物实际在场，进行园务汇报、种粮育药、修器织染、用餐饮茶或公开会面，且画面适合当前情节。","苏玉茹在室内茶间准备清茶；半身构图，突出人物与关键物件；正常衣着、非露骨画面。","仅在上述场景实际发生、苏玉茹确实到场、相关同席者也实际在场，且已接入的正常新图与该画面吻合时，输出[苏玉茹][sfw][2]。未换图或场景不符时不调用此编号。","","暂用原日常图，新画面计划待接入"
"苏玉茹","日常","sfw","3","苏玉茹/sfw/3.png","https://cdn.jsdelivr.net/gh/lsr756480586-dev/baicao-images@main/%E8%8B%8F%E7%8E%89%E8%8C%B9/sfw/3.png","https://cdn.jsdelivr.net/gh/Yehehua1311/mu-pig@main/%E5%8F%B6%E6%A2%A8%E8%8E%8E%C2%B7%E8%89%BE%E7%8F%90%C2%B7%E4%BC%8D%E6%96%AF%E7%89%B9/sfw/%E5%8F%B6%E6%A2%A8%E8%8E%8E%C2%B7%E8%89%BE%E7%8F%90%C2%B7%E4%BC%8D%E6%96%AF%E7%89%B9_sfw_3.png","人物实际在场，进行园务汇报、种粮育药、修器织染、用餐饮茶或公开会面，且画面适合当前情节。","苏玉茹在窗边翻阅与药箱有关的记录；半身构图，突出人物与关键物件；正常衣着、非露骨画面。","仅在上述场景实际发生、苏玉茹确实到场、相关同席者也实际在场，且已接入的正常新图与该画面吻合时，输出[苏玉茹][sfw][3]。未换图或场景不符时不调用此编号。","","暂用原日常图，新画面计划待接入"
"苏玉茹","日常","sfw","4","苏玉茹/sfw/4.png","https://cdn.jsdelivr.net/gh/lsr756480586-dev/baicao-images@main/%E8%8B%8F%E7%8E%89%E8%8C%B9/sfw/4.png","https://cdn.jsdelivr.net/gh/Yehehua1311/mu-pig@main/%E5%8F%B6%E6%A2%A8%E8%8E%8E%C2%B7%E8%89%BE%E7%8F%90%C2%B7%E4%BC%8D%E6%96%AF%E7%89%B9/sfw/%E5%8F%B6%E6%A2%A8%E8%8E%8E%C2%B7%E8%89%BE%E7%8F%90%C2%B7%E4%BC%8D%E6%96%AF%E7%89%B9_sfw_4.png","人物实际在场，进行园务汇报、种粮育药、修器织染、用餐饮茶或公开会面，且画面适合当前情节。","苏玉茹在工作结束后收整安置记录；半身构图，突出人物与关键物件；正常衣着、非露骨画面。","仅在上述场景实际发生、苏玉茹确实到场、相关同席者也实际在场，且已接入的正常新图与该画面吻合时，输出[苏玉茹][sfw][4]。未换图或场景不符时不调用此编号。","","暂用原日常图，新画面计划待接入"
"苏玉茹","诊疗照护","肛交","1","苏玉茹/肛交/1.png","https://cdn.jsdelivr.net/gh/lsr756480586-dev/baicao-images@main/%E8%8B%8F%E7%8E%89%E8%8C%B9/%E8%82%9B%E4%BA%A4/1.png","https://cdn.jsdelivr.net/gh/Yehehua1311/mu-pig@main/%E5%8F%B6%E6%A2%A8%E8%8E%8E%C2%B7%E8%89%BE%E7%8F%90%C2%B7%E4%BC%8D%E6%96%AF%E7%89%B9/nsfw/%E8%82%9B%E4%BA%A4/%E5%8F%B6%E6%A2%A8%E8%8E%8E%C2%B7%E8%89%BE%E7%8F%90%C2%B7%E4%BC%8D%E6%96%AF%E7%89%B9_nsfw_%E8%82%9B%E4%BA%A4_1.png","人物实际在场，在药房、诊室或休养房间接受诊察、包扎、调息指导，或照料另一名同处室内的成员；使用正常衣着和非露骨画面。","苏玉茹在药房接受药师询问，保持正常衣着；半身构图，突出人物与关键物件；正常衣着、非露骨画面。","仅在上述场景实际发生、苏玉茹确实到场、相关同席者也实际在场，且已接入的正常新图与该画面吻合时，输出[苏玉茹][肛交][1]。未换图或场景不符时不调用此编号。","","正常图片待接入"
"苏玉茹","诊疗照护","肛交","2","苏玉茹/肛交/2.png","https://cdn.jsdelivr.net/gh/lsr756480586-dev/baicao-images@main/%E8%8B%8F%E7%8E%89%E8%8C%B9/%E8%82%9B%E4%BA%A4/2.png","https://cdn.jsdelivr.net/gh/Yehehua1311/mu-pig@main/%E5%8F%B6%E6%A2%A8%E8%8E%8E%C2%B7%E8%89%BE%E7%8F%90%C2%B7%E4%BC%8D%E6%96%AF%E7%89%B9/nsfw/%E8%82%9B%E4%BA%A4/%E5%8F%B6%E6%A2%A8%E8%8E%8E%C2%B7%E8%89%BE%E7%8F%90%C2%B7%E4%BC%8D%E6%96%AF%E7%89%B9_nsfw_%E8%82%9B%E4%BA%A4_2.png","人物实际在场，在药房、诊室或休养房间接受诊察、包扎、调息指导，或照料另一名同处室内的成员；使用正常衣着和非露骨画面。","苏玉茹在诊室就座，由医者检查手臂上的小伤；半身构图，突出人物与关键物件；正常衣着、非露骨画面。","仅在上述场景实际发生、苏玉茹确实到场、相关同席者也实际在场，且已接入的正常新图与该画面吻合时，输出[苏玉茹][肛交][2]。未换图或场景不符时不调用此编号。","","正常图片待接入"
"苏玉茹","诊疗照护","肛交","3","苏玉茹/肛交/3.png","https://cdn.jsdelivr.net/gh/lsr756480586-dev/baicao-images@main/%E8%8B%8F%E7%8E%89%E8%8C%B9/%E8%82%9B%E4%BA%A4/3.png","https://cdn.jsdelivr.net/gh/Yehehua1311/mu-pig@main/%E5%8F%B6%E6%A2%A8%E8%8E%8E%C2%B7%E8%89%BE%E7%8F%90%C2%B7%E4%BC%8D%E6%96%AF%E7%89%B9/nsfw/%E8%82%9B%E4%BA%A4/%E5%8F%B6%E6%A2%A8%E8%8E%8E%C2%B7%E8%89%BE%E7%8F%90%C2%B7%E4%BC%8D%E6%96%AF%E7%89%B9_nsfw_%E8%82%9B%E4%BA%A4_3.png","人物实际在场，在药房、诊室或休养房间接受诊察、包扎、调息指导，或照料另一名同处室内的成员；使用正常衣着和非露骨画面。","苏玉茹在休养房间接过温水与药盏；半身构图，突出人物与关键物件；正常衣着、非露骨画面。","仅在上述场景实际发生、苏玉茹确实到场、相关同席者也实际在场，且已接入的正常新图与该画面吻合时，输出[苏玉茹][肛交][3]。未换图或场景不符时不调用此编号。","","正常图片待接入"
"苏玉茹","诊疗照护","肛交","4","苏玉茹/肛交/4.png","https://cdn.jsdelivr.net/gh/lsr756480586-dev/baicao-images@main/%E8%8B%8F%E7%8E%89%E8%8C%B9/%E8%82%9B%E4%BA%A4/4.png","https://cdn.jsdelivr.net/gh/Yehehua1311/mu-pig@main/%E5%8F%B6%E6%A2%A8%E8%8E%8E%C2%B7%E8%89%BE%E7%8F%90%C2%B7%E4%BC%8D%E6%96%AF%E7%89%B9/nsfw/%E8%82%9B%E4%BA%A4/%E5%8F%B6%E6%A2%A8%E8%8E%8E%C2%B7%E8%89%BE%E7%8F%90%C2%B7%E4%BC%8D%E6%96%AF%E7%89%B9_nsfw_%E8%82%9B%E4%BA%A4_4.png","人物实际在场，在药房、诊室或休养房间接受诊察、包扎、调息指导，或照料另一名同处室内的成员；使用正常衣着和非露骨画面。","苏玉茹在医者指导下安静调息；半身构图，突出人物与关键物件；正常衣着、非露骨画面。","仅在上述场景实际发生、苏玉茹确实到场、相关同席者也实际在场，且已接入的正常新图与该画面吻合时，输出[苏玉茹][肛交][4]。未换图或场景不符时不调用此编号。","","正常图片待接入"
"苏玉茹","诊疗照护","肛交","5","苏玉茹/肛交/5.png","https://cdn.jsdelivr.net/gh/lsr756480586-dev/baicao-images@main/%E8%8B%8F%E7%8E%89%E8%8C%B9/%E8%82%9B%E4%BA%A4/5.png","https://cdn.jsdelivr.net/gh/Yehehua1311/mu-pig@main/%E5%8F%B6%E6%A2%A8%E8%8E%8E%C2%B7%E8%89%BE%E7%8F%90%C2%B7%E4%BC%8D%E6%96%AF%E7%89%B9/nsfw/%E8%82%9B%E4%BA%A4/%E5%8F%B6%E6%A2%A8%E8%8E%8E%C2%B7%E8%89%BE%E7%8F%90%C2%B7%E4%BC%8D%E6%96%AF%E7%89%B9_nsfw_%E8%82%9B%E4%BA%A4_5.png","人物实际在场，在药房、诊室或休养房间接受诊察、包扎、调息指导，或照料另一名同处室内的成员；使用正常衣着和非露骨画面。","苏玉茹在室内为另一位实际到场的成员递送药包；半身构图，突出人物与关键物件；正常衣着、非露骨画面。","仅在上述场景实际发生、苏玉茹确实到场、相关同席者也实际在场，且已接入的正常新图与该画面吻合时，输出[苏玉茹][肛交][5]。未换图或场景不符时不调用此编号。","","正常图片待接入"
"苏玉茹","诊疗照护","肛交","6","苏玉茹/肛交/6.png","https://cdn.jsdelivr.net/gh/lsr756480586-dev/baicao-images@main/%E8%8B%8F%E7%8E%89%E8%8C%B9/%E8%82%9B%E4%BA%A4/6.png","https://cdn.jsdelivr.net/gh/Yehehua1311/mu-pig@main/%E5%8F%B6%E6%A2%A8%E8%8E%8E%C2%B7%E8%89%BE%E7%8F%90%C2%B7%E4%BC%8D%E6%96%AF%E7%89%B9/nsfw/%E8%82%9B%E4%BA%A4/%E5%8F%B6%E6%A2%A8%E8%8E%8E%C2%B7%E8%89%BE%E7%8F%90%C2%B7%E4%BC%8D%E6%96%AF%E7%89%B9_nsfw_%E8%82%9B%E4%BA%A4_6.png","人物实际在场，在药房、诊室或休养房间接受诊察、包扎、调息指导，或照料另一名同处室内的成员；使用正常衣着和非露骨画面。","苏玉茹在休养室靠枕休息，室内有人陪伴；半身构图，突出人物与关键物件；正常衣着、非露骨画面。","仅在上述场景实际发生、苏玉茹确实到场、相关同席者也实际在场，且已接入的正常新图与该画面吻合时，输出[苏玉茹][肛交][6]。未换图或场景不符时不调用此编号。","","正常图片待接入"
"苏玉茹","诊疗照护","肛交","7","苏玉茹/肛交/7.png","https://cdn.jsdelivr.net/gh/lsr756480586-dev/baicao-images@main/%E8%8B%8F%E7%8E%89%E8%8C%B9/%E8%82%9B%E4%BA%A4/7.png","https://cdn.jsdelivr.net/gh/Yehehua1311/mu-pig@main/%E5%8F%B6%E6%A2%A8%E8%8E%8E%C2%B7%E8%89%BE%E7%8F%90%C2%B7%E4%BC%8D%E6%96%AF%E7%89%B9/nsfw/%E8%82%9B%E4%BA%A4/%E5%8F%B6%E6%A2%A8%E8%8E%8E%C2%B7%E8%89%BE%E7%8F%90%C2%B7%E4%BC%8D%E6%96%AF%E7%89%B9_nsfw_%E8%82%9B%E4%BA%A4_7.png","人物实际在场，在药房、诊室或休养房间接受诊察、包扎、调息指导，或照料另一名同处室内的成员；使用正常衣着和非露骨画面。","苏玉茹在诊室核对实际处方和复诊安排；半身构图，突出人物与关键物件；正常衣着、非露骨画面。","仅在上述场景实际发生、苏玉茹确实到场、相关同席者也实际在场，且已接入的正常新图与该画面吻合时，输出[苏玉茹][肛交][7]。未换图或场景不符时不调用此编号。","","正常图片待接入"
"苏玉茹","诊疗照护","肛交","8","苏玉茹/肛交/8.png","https://cdn.jsdelivr.net/gh/lsr756480586-dev/baicao-images@main/%E8%8B%8F%E7%8E%89%E8%8C%B9/%E8%82%9B%E4%BA%A4/8.png","https://cdn.jsdelivr.net/gh/Yehehua1311/mu-pig@main/%E5%8F%B6%E6%A2%A8%E8%8E%8E%C2%B7%E8%89%BE%E7%8F%90%C2%B7%E4%BC%8D%E6%96%AF%E7%89%B9/nsfw/%E8%82%9B%E4%BA%A4/%E5%8F%B6%E6%A2%A8%E8%8E%8E%C2%B7%E8%89%BE%E7%8F%90%C2%B7%E4%BC%8D%E6%96%AF%E7%89%B9_nsfw_%E8%82%9B%E4%BA%A4_8.png","人物实际在场，在药房、诊室或休养房间接受诊察、包扎、调息指导，或照料另一名同处室内的成员；使用正常衣着和非露骨画面。","苏玉茹在药房整理常用药物与干净绷带；半身构图，突出人物与关键物件；正常衣着、非露骨画面。","仅在上述场景实际发生、苏玉茹确实到场、相关同席者也实际在场，且已接入的正常新图与该画面吻合时，输出[苏玉茹][肛交][8]。未换图或场景不符时不调用此编号。","","正常图片待接入"
"苏玉茹","出行护送","足交","1","苏玉茹/足交/1.png","https://cdn.jsdelivr.net/gh/lsr756480586-dev/baicao-images@main/%E8%8B%8F%E7%8E%89%E8%8C%B9/%E8%B6%B3%E4%BA%A4/1.png","https://cdn.jsdelivr.net/gh/Yehehua1311/mu-pig@main/%E5%8F%B6%E6%A2%A8%E8%8E%8E%C2%B7%E8%89%BE%E7%8F%90%C2%B7%E4%BC%8D%E6%96%AF%E7%89%B9/nsfw/%E8%B6%B3%E4%BA%A4/%E5%8F%B6%E6%A2%A8%E8%8E%8E%C2%B7%E8%89%BE%E7%8F%90%C2%B7%E4%BC%8D%E6%96%AF%E7%89%B9_nsfw_%E8%B6%B3%E4%BA%A4_1.png","人物实际随队采购、护送流民、巡守或赶路，并出现与图片对应的出发、行进、避雨、歇脚或归来情境。","苏玉茹在百草园院门核对出行物品后准备出发；半身构图，突出人物与关键物件；正常衣着、非露骨画面。","仅在上述场景实际发生、苏玉茹确实到场、相关同席者也实际在场，且已接入的正常新图与该画面吻合时，输出[苏玉茹][足交][1]。未换图或场景不符时不调用此编号。","","正常图片待接入"
"苏玉茹","私室交谈","口交","1","苏玉茹/口交/1.png","https://cdn.jsdelivr.net/gh/lsr756480586-dev/baicao-images@main/%E8%8B%8F%E7%8E%89%E8%8C%B9/%E5%8F%A3%E4%BA%A4/1.png","https://cdn.jsdelivr.net/gh/Yehehua1311/mu-pig@main/%E5%8F%B6%E6%A2%A8%E8%8E%8E%C2%B7%E8%89%BE%E7%8F%90%C2%B7%E4%BC%8D%E6%96%AF%E7%89%B9/nsfw/%E5%8F%A3%E4%BA%A4/%E5%8F%B6%E6%A2%A8%E8%8E%8E%C2%B7%E8%89%BE%E7%8F%90%C2%B7%E4%BC%8D%E6%96%AF%E7%89%B9_nsfw_%E5%8F%A3%E4%BA%A4_1.png","人物与园主或其他成员确实共同处于书房、茶间、休息室或客房，进行商议、倾诉旧事、解释顾虑或表达关心；亲近按既定人物关系发展。","苏玉茹在私人书房与园主同看施药名册；半身构图，突出人物与关键物件；正常衣着、非露骨画面。","仅在上述场景实际发生、苏玉茹确实到场、相关同席者也实际在场，且已接入的正常新图与该画面吻合时，输出[苏玉茹][口交][1]。未换图或场景不符时不调用此编号。","","正常图片待接入"
"苏玉茹","私室交谈","口交","2","苏玉茹/口交/2.png","https://cdn.jsdelivr.net/gh/lsr756480586-dev/baicao-images@main/%E8%8B%8F%E7%8E%89%E8%8C%B9/%E5%8F%A3%E4%BA%A4/2.png","https://cdn.jsdelivr.net/gh/Yehehua1311/mu-pig@main/%E5%8F%B6%E6%A2%A8%E8%8E%8E%C2%B7%E8%89%BE%E7%8F%90%C2%B7%E4%BC%8D%E6%96%AF%E7%89%B9/nsfw/%E5%8F%A3%E4%BA%A4/%E5%8F%B6%E6%A2%A8%E8%8E%8E%C2%B7%E8%89%BE%E7%8F%90%C2%B7%E4%BC%8D%E6%96%AF%E7%89%B9_nsfw_%E5%8F%A3%E4%BA%A4_2.png","人物与园主或其他成员确实共同处于书房、茶间、休息室或客房，进行商议、倾诉旧事、解释顾虑或表达关心；亲近按既定人物关系发展。","苏玉茹在室内茶间说起个人生活愿望；半身构图，突出人物与关键物件；正常衣着、非露骨画面。","仅在上述场景实际发生、苏玉茹确实到场、相关同席者也实际在场，且已接入的正常新图与该画面吻合时，输出[苏玉茹][口交][2]。未换图或场景不符时不调用此编号。","","正常图片待接入"
"苏玉茹","私室交谈","口交","3","苏玉茹/口交/3.png","https://cdn.jsdelivr.net/gh/lsr756480586-dev/baicao-images@main/%E8%8B%8F%E7%8E%89%E8%8C%B9/%E5%8F%A3%E4%BA%A4/3.png","https://cdn.jsdelivr.net/gh/Yehehua1311/mu-pig@main/%E5%8F%B6%E6%A2%A8%E8%8E%8E%C2%B7%E8%89%BE%E7%8F%90%C2%B7%E4%BC%8D%E6%96%AF%E7%89%B9/nsfw/%E5%8F%A3%E4%BA%A4/%E5%8F%B6%E6%A2%A8%E8%8E%8E%C2%B7%E8%89%BE%E7%8F%90%C2%B7%E4%BC%8D%E6%96%AF%E7%89%B9_nsfw_%E5%8F%A3%E4%BA%A4_3.png","人物与园主或其他成员确实共同处于书房、茶间、休息室或客房，进行商议、倾诉旧事、解释顾虑或表达关心；亲近按既定人物关系发展。","苏玉茹在住处待客间谈论已经发生的旧事；半身构图，突出人物与关键物件；正常衣着、非露骨画面。","仅在上述场景实际发生、苏玉茹确实到场、相关同席者也实际在场，且已接入的正常新图与该画面吻合时，输出[苏玉茹][口交][3]。未换图或场景不符时不调用此编号。","","正常图片待接入"
"苏玉茹","私室交谈","口交","4","苏玉茹/口交/4.png","https://cdn.jsdelivr.net/gh/lsr756480586-dev/baicao-images@main/%E8%8B%8F%E7%8E%89%E8%8C%B9/%E5%8F%A3%E4%BA%A4/4.png","https://cdn.jsdelivr.net/gh/Yehehua1311/mu-pig@main/%E5%8F%B6%E6%A2%A8%E8%8E%8E%C2%B7%E8%89%BE%E7%8F%90%C2%B7%E4%BC%8D%E6%96%AF%E7%89%B9/nsfw/%E5%8F%A3%E4%BA%A4/%E5%8F%B6%E6%A2%A8%E8%8E%8E%C2%B7%E8%89%BE%E7%8F%90%C2%B7%E4%BC%8D%E6%96%AF%E7%89%B9_nsfw_%E5%8F%A3%E4%BA%A4_4.png","人物与园主或其他成员确实共同处于书房、茶间、休息室或客房，进行商议、倾诉旧事、解释顾虑或表达关心；亲近按既定人物关系发展。","苏玉茹在关门的休息室说明工作顾虑；半身构图，突出人物与关键物件；正常衣着、非露骨画面。","仅在上述场景实际发生、苏玉茹确实到场、相关同席者也实际在场，且已接入的正常新图与该画面吻合时，输出[苏玉茹][口交][4]。未换图或场景不符时不调用此编号。","","正常图片待接入"
"苏玉茹","私室交谈","口交","5","苏玉茹/口交/5.png","https://cdn.jsdelivr.net/gh/lsr756480586-dev/baicao-images@main/%E8%8B%8F%E7%8E%89%E8%8C%B9/%E5%8F%A3%E4%BA%A4/5.png","https://cdn.jsdelivr.net/gh/Yehehua1311/mu-pig@main/%E5%8F%B6%E6%A2%A8%E8%8E%8E%C2%B7%E8%89%BE%E7%8F%90%C2%B7%E4%BC%8D%E6%96%AF%E7%89%B9/nsfw/%E5%8F%A3%E4%BA%A4/%E5%8F%B6%E6%A2%A8%E8%8E%8E%C2%B7%E8%89%BE%E7%8F%90%C2%B7%E4%BC%8D%E6%96%AF%E7%89%B9_nsfw_%E5%8F%A3%E4%BA%A4_5.png","人物与园主或其他成员确实共同处于书房、茶间、休息室或客房，进行商议、倾诉旧事、解释顾虑或表达关心；亲近按既定人物关系发展。","苏玉茹在私人小厅向园主解释一场实际争议；半身构图，突出人物与关键物件；正常衣着、非露骨画面。","仅在上述场景实际发生、苏玉茹确实到场、相关同席者也实际在场，且已接入的正常新图与该画面吻合时，输出[苏玉茹][口交][5]。未换图或场景不符时不调用此编号。","","正常图片待接入"
"苏玉茹","协作修习","性交","1","苏玉茹/性交/1.png","https://cdn.jsdelivr.net/gh/lsr756480586-dev/baicao-images@main/%E8%8B%8F%E7%8E%89%E8%8C%B9/%E6%80%A7%E4%BA%A4/1.png","https://cdn.jsdelivr.net/gh/Yehehua1311/mu-pig@main/%E5%8F%B6%E6%A2%A8%E8%8E%8E%C2%B7%E8%89%BE%E7%8F%90%C2%B7%E4%BC%8D%E6%96%AF%E7%89%B9/nsfw/%E6%80%A7%E4%BA%A4/%E5%8F%B6%E6%A2%A8%E8%8E%8E%C2%B7%E8%89%BE%E7%8F%90%C2%B7%E4%BC%8D%E6%96%AF%E7%89%B9_nsfw_%E6%80%A7%E4%BA%A4_1.png","人物实际在场，共同研习术法、调试符器、练剑、试制农具兵器或协作完成一项工作，出现与图片对应的操作、指点或成果展示。","苏玉茹在工作间与同席者核对施药名册的操作或记录步骤；半身构图，突出人物与关键物件；正常衣着、非露骨画面。","仅在上述场景实际发生、苏玉茹确实到场、相关同席者也实际在场，且已接入的正常新图与该画面吻合时，输出[苏玉茹][性交][1]。未换图或场景不符时不调用此编号。","","正常图片待接入"
"苏玉茹","协作修习","性交","2","苏玉茹/性交/2.png","https://cdn.jsdelivr.net/gh/lsr756480586-dev/baicao-images@main/%E8%8B%8F%E7%8E%89%E8%8C%B9/%E6%80%A7%E4%BA%A4/2.png","https://cdn.jsdelivr.net/gh/Yehehua1311/mu-pig@main/%E5%8F%B6%E6%A2%A8%E8%8E%8E%C2%B7%E8%89%BE%E7%8F%90%C2%B7%E4%BC%8D%E6%96%AF%E7%89%B9/nsfw/%E6%80%A7%E4%BA%A4/%E5%8F%B6%E6%A2%A8%E8%8E%8E%C2%B7%E8%89%BE%E7%8F%90%C2%B7%E4%BC%8D%E6%96%AF%E7%89%B9_nsfw_%E6%80%A7%E4%BA%A4_2.png","人物实际在场，共同研习术法、调试符器、练剑、试制农具兵器或协作完成一项工作，出现与图片对应的操作、指点或成果展示。","苏玉茹在室内向园主展示与药箱有关的专业方法；半身构图，突出人物与关键物件；正常衣着、非露骨画面。","仅在上述场景实际发生、苏玉茹确实到场、相关同席者也实际在场，且已接入的正常新图与该画面吻合时，输出[苏玉茹][性交][2]。未换图或场景不符时不调用此编号。","","正常图片待接入"
"苏玉茹","协作修习","性交","3","苏玉茹/性交/3.png","https://cdn.jsdelivr.net/gh/lsr756480586-dev/baicao-images@main/%E8%8B%8F%E7%8E%89%E8%8C%B9/%E6%80%A7%E4%BA%A4/3.png","https://cdn.jsdelivr.net/gh/Yehehua1311/mu-pig@main/%E5%8F%B6%E6%A2%A8%E8%8E%8E%C2%B7%E8%89%BE%E7%8F%90%C2%B7%E4%BC%8D%E6%96%AF%E7%89%B9/nsfw/%E6%80%A7%E4%BA%A4/%E5%8F%B6%E6%A2%A8%E8%8E%8E%C2%B7%E8%89%BE%E7%8F%90%C2%B7%E4%BC%8D%E6%96%AF%E7%89%B9_nsfw_%E6%80%A7%E4%BA%A4_3.png","人物实际在场，共同研习术法、调试符器、练剑、试制农具兵器或协作完成一项工作，出现与图片对应的操作、指点或成果展示。","苏玉茹在工坊参与一项已有能力范围内的协作任务；半身构图，突出人物与关键物件；正常衣着、非露骨画面。","仅在上述场景实际发生、苏玉茹确实到场、相关同席者也实际在场，且已接入的正常新图与该画面吻合时，输出[苏玉茹][性交][3]。未换图或场景不符时不调用此编号。","","正常图片待接入"
"苏玉茹","协作修习","性交","4","苏玉茹/性交/4.png","https://cdn.jsdelivr.net/gh/lsr756480586-dev/baicao-images@main/%E8%8B%8F%E7%8E%89%E8%8C%B9/%E6%80%A7%E4%BA%A4/4.png","https://cdn.jsdelivr.net/gh/Yehehua1311/mu-pig@main/%E5%8F%B6%E6%A2%A8%E8%8E%8E%C2%B7%E8%89%BE%E7%8F%90%C2%B7%E4%BC%8D%E6%96%AF%E7%89%B9/nsfw/%E6%80%A7%E4%BA%A4/%E5%8F%B6%E6%A2%A8%E8%8E%8E%C2%B7%E8%89%BE%E7%8F%90%C2%B7%E4%BC%8D%E6%96%AF%E7%89%B9_nsfw_%E6%80%A7%E4%BA%A4_4.png","人物实际在场，共同研习术法、调试符器、练剑、试制农具兵器或协作完成一项工作，出现与图片对应的操作、指点或成果展示。","苏玉茹在书房与同席者共同推演安置记录；半身构图，突出人物与关键物件；正常衣着、非露骨画面。","仅在上述场景实际发生、苏玉茹确实到场、相关同席者也实际在场，且已接入的正常新图与该画面吻合时，输出[苏玉茹][性交][4]。未换图或场景不符时不调用此编号。","","正常图片待接入"
"苏玉茹","协作修习","性交","5","苏玉茹/性交/5.png","https://cdn.jsdelivr.net/gh/lsr756480586-dev/baicao-images@main/%E8%8B%8F%E7%8E%89%E8%8C%B9/%E6%80%A7%E4%BA%A4/5.png","https://cdn.jsdelivr.net/gh/Yehehua1311/mu-pig@main/%E5%8F%B6%E6%A2%A8%E8%8E%8E%C2%B7%E8%89%BE%E7%8F%90%C2%B7%E4%BC%8D%E6%96%AF%E7%89%B9/nsfw/%E6%80%A7%E4%BA%A4/%E5%8F%B6%E6%A2%A8%E8%8E%8E%C2%B7%E8%89%BE%E7%8F%90%C2%B7%E4%BC%8D%E6%96%AF%E7%89%B9_nsfw_%E6%80%A7%E4%BA%A4_5.png","人物实际在场，共同研习术法、调试符器、练剑、试制农具兵器或协作完成一项工作，出现与图片对应的操作、指点或成果展示。","苏玉茹在练习室学习基础护身动作，不额外获得高阶能力；半身构图，突出人物与关键物件；正常衣着、非露骨画面。","仅在上述场景实际发生、苏玉茹确实到场、相关同席者也实际在场，且已接入的正常新图与该画面吻合时，输出[苏玉茹][性交][5]。未换图或场景不符时不调用此编号。","","正常图片待接入"
"苏玉茹","协作修习","性交","6","苏玉茹/性交/6.png","https://cdn.jsdelivr.net/gh/lsr756480586-dev/baicao-images@main/%E8%8B%8F%E7%8E%89%E8%8C%B9/%E6%80%A7%E4%BA%A4/6.png","https://cdn.jsdelivr.net/gh/Yehehua1311/mu-pig@main/%E5%8F%B6%E6%A2%A8%E8%8E%8E%C2%B7%E8%89%BE%E7%8F%90%C2%B7%E4%BC%8D%E6%96%AF%E7%89%B9/nsfw/%E6%80%A7%E4%BA%A4/%E5%8F%B6%E6%A2%A8%E8%8E%8E%C2%B7%E8%89%BE%E7%8F%90%C2%B7%E4%BC%8D%E6%96%AF%E7%89%B9_nsfw_%E6%80%A7%E4%BA%A4_6.png","人物实际在场，共同研习术法、调试符器、练剑、试制农具兵器或协作完成一项工作，出现与图片对应的操作、指点或成果展示。","苏玉茹在工作台旁协助记录一次实际测试结果；半身构图，突出人物与关键物件；正常衣着、非露骨画面。","仅在上述场景实际发生、苏玉茹确实到场、相关同席者也实际在场，且已接入的正常新图与该画面吻合时，输出[苏玉茹][性交][6]。未换图或场景不符时不调用此编号。","","正常图片待接入"
"苏玉茹","协作修习","性交","7","苏玉茹/性交/7.png","https://cdn.jsdelivr.net/gh/lsr756480586-dev/baicao-images@main/%E8%8B%8F%E7%8E%89%E8%8C%B9/%E6%80%A7%E4%BA%A4/7.png","https://cdn.jsdelivr.net/gh/Yehehua1311/mu-pig@main/%E5%8F%B6%E6%A2%A8%E8%8E%8E%C2%B7%E8%89%BE%E7%8F%90%C2%B7%E4%BC%8D%E6%96%AF%E7%89%B9/nsfw/%E6%80%A7%E4%BA%A4/%E5%8F%B6%E6%A2%A8%E8%8E%8E%C2%B7%E8%89%BE%E7%8F%90%C2%B7%E4%BC%8D%E6%96%AF%E7%89%B9_nsfw_%E6%80%A7%E4%BA%A4_7.png","人物实际在场，共同研习术法、调试符器、练剑、试制农具兵器或协作完成一项工作，出现与图片对应的操作、指点或成果展示。","苏玉茹在室内向实际到场的成员请教一个具体问题；半身构图，突出人物与关键物件；正常衣着、非露骨画面。","仅在上述场景实际发生、苏玉茹确实到场、相关同席者也实际在场，且已接入的正常新图与该画面吻合时，输出[苏玉茹][性交][7]。未换图或场景不符时不调用此编号。","","正常图片待接入"
"苏玉茹","协作修习","性交","8","苏玉茹/性交/8.png","https://cdn.jsdelivr.net/gh/lsr756480586-dev/baicao-images@main/%E8%8B%8F%E7%8E%89%E8%8C%B9/%E6%80%A7%E4%BA%A4/8.png","https://cdn.jsdelivr.net/gh/Yehehua1311/mu-pig@main/%E5%8F%B6%E6%A2%A8%E8%8E%8E%C2%B7%E8%89%BE%E7%8F%90%C2%B7%E4%BC%8D%E6%96%AF%E7%89%B9/nsfw/%E6%80%A7%E4%BA%A4/%E5%8F%B6%E6%A2%A8%E8%8E%8E%C2%B7%E8%89%BE%E7%8F%90%C2%B7%E4%BC%8D%E6%96%AF%E7%89%B9_nsfw_%E6%80%A7%E4%BA%A4_8.png","人物实际在场，共同研习术法、调试符器、练剑、试制农具兵器或协作完成一项工作，出现与图片对应的操作、指点或成果展示。","苏玉茹在完成协作后展示已制作或整理的成果；半身构图，突出人物与关键物件；正常衣着、非露骨画面。","仅在上述场景实际发生、苏玉茹确实到场、相关同席者也实际在场，且已接入的正常新图与该画面吻合时，输出[苏玉茹][性交][8]。未换图或场景不符时不调用此编号。","","正常图片待接入"
"苏玉茹","协作修习","性交","9","苏玉茹/性交/9.png","https://cdn.jsdelivr.net/gh/lsr756480586-dev/baicao-images@main/%E8%8B%8F%E7%8E%89%E8%8C%B9/%E6%80%A7%E4%BA%A4/9.png","https://cdn.jsdelivr.net/gh/Yehehua1311/mu-pig@main/%E5%8F%B6%E6%A2%A8%E8%8E%8E%C2%B7%E8%89%BE%E7%8F%90%C2%B7%E4%BC%8D%E6%96%AF%E7%89%B9/nsfw/%E6%80%A7%E4%BA%A4/%E5%8F%B6%E6%A2%A8%E8%8E%8E%C2%B7%E8%89%BE%E7%8F%90%C2%B7%E4%BC%8D%E6%96%AF%E7%89%B9_nsfw_%E6%80%A7%E4%BA%A4_9.png","人物实际在场，共同研习术法、调试符器、练剑、试制农具兵器或协作完成一项工作，出现与图片对应的操作、指点或成果展示。","苏玉茹在遇到失误时指认问题并重新核对步骤；半身构图，突出人物与关键物件；正常衣着、非露骨画面。","仅在上述场景实际发生、苏玉茹确实到场、相关同席者也实际在场，且已接入的正常新图与该画面吻合时，输出[苏玉茹][性交][9]。未换图或场景不符时不调用此编号。","","正常图片待接入"
"金绮罗","立绘","","","金绮罗/立绘.png","https://cdn.jsdelivr.net/gh/lsr756480586-dev/baicao-images@main/%E9%87%91%E7%BB%AE%E7%BD%97/%E7%AB%8B%E7%BB%98.png","https://picgocloud.com/m/6259d926-489a-4151-915c-005d7cf5c22e.png","在人物菜单、状态栏或人物图库中显示该人物时使用。","金绮罗身着已确定的日常衣装，正面人物立绘，背景简洁。","人物菜单、状态栏或图库实际显示该人物时使用。","","立绘"
"金绮罗","日常","sfw","1","金绮罗/sfw/1.png","https://cdn.jsdelivr.net/gh/lsr756480586-dev/baicao-images@main/%E9%87%91%E7%BB%AE%E7%BD%97/sfw/1.png","https://cdn.jsdelivr.net/gh/Yehehua1311/mu-pig@main/%E7%91%9E%E7%A7%8B%C2%B7%E5%8D%A1%E7%89%B9/sfw/%E7%91%9E%E7%A7%8B%C2%B7%E5%8D%A1%E7%89%B9_sfw_1.png","人物实际在场，进行园务汇报、种粮育药、修器织染、用餐饮茶或公开会面，且画面适合当前情节。","金绮罗在岗位工作间展示货样并汇报进展；半身构图，突出人物与关键物件；正常衣着、非露骨画面。","仅在上述场景实际发生、金绮罗确实到场、相关同席者也实际在场，且已接入的正常新图与该画面吻合时，输出[金绮罗][sfw][1]。未换图或场景不符时不调用此编号。","","暂用原日常图，新画面计划待接入"
"金绮罗","日常","sfw","2","金绮罗/sfw/2.png","https://cdn.jsdelivr.net/gh/lsr756480586-dev/baicao-images@main/%E9%87%91%E7%BB%AE%E7%BD%97/sfw/2.png","https://cdn.jsdelivr.net/gh/Yehehua1311/mu-pig@main/%E7%91%9E%E7%A7%8B%C2%B7%E5%8D%A1%E7%89%B9/sfw/%E7%91%9E%E7%A7%8B%C2%B7%E5%8D%A1%E7%89%B9_sfw_2.png","人物实际在场，进行园务汇报、种粮育药、修器织染、用餐饮茶或公开会面，且画面适合当前情节。","金绮罗在室内茶间准备清茶；半身构图，突出人物与关键物件；正常衣着、非露骨画面。","仅在上述场景实际发生、金绮罗确实到场、相关同席者也实际在场，且已接入的正常新图与该画面吻合时，输出[金绮罗][sfw][2]。未换图或场景不符时不调用此编号。","","暂用原日常图，新画面计划待接入"
"金绮罗","日常","sfw","3","金绮罗/sfw/3.png","https://cdn.jsdelivr.net/gh/lsr756480586-dev/baicao-images@main/%E9%87%91%E7%BB%AE%E7%BD%97/sfw/3.png","https://cdn.jsdelivr.net/gh/Yehehua1311/mu-pig@main/%E7%91%9E%E7%A7%8B%C2%B7%E5%8D%A1%E7%89%B9/sfw/%E7%91%9E%E7%A7%8B%C2%B7%E5%8D%A1%E7%89%B9_sfw_3.png","人物实际在场，进行园务汇报、种粮育药、修器织染、用餐饮茶或公开会面，且画面适合当前情节。","金绮罗在窗边翻阅与商账有关的记录；半身构图，突出人物与关键物件；正常衣着、非露骨画面。","仅在上述场景实际发生、金绮罗确实到场、相关同席者也实际在场，且已接入的正常新图与该画面吻合时，输出[金绮罗][sfw][3]。未换图或场景不符时不调用此编号。","","暂用原日常图，新画面计划待接入"
"金绮罗","日常","sfw","4","金绮罗/sfw/4.png","https://cdn.jsdelivr.net/gh/lsr756480586-dev/baicao-images@main/%E9%87%91%E7%BB%AE%E7%BD%97/sfw/4.png","https://cdn.jsdelivr.net/gh/Yehehua1311/mu-pig@main/%E7%91%9E%E7%A7%8B%C2%B7%E5%8D%A1%E7%89%B9/sfw/%E7%91%9E%E7%A7%8B%C2%B7%E5%8D%A1%E7%89%B9_sfw_4.png","人物实际在场，进行园务汇报、种粮育药、修器织染、用餐饮茶或公开会面，且画面适合当前情节。","金绮罗在工作结束后收整商队路引；半身构图，突出人物与关键物件；正常衣着、非露骨画面。","仅在上述场景实际发生、金绮罗确实到场、相关同席者也实际在场，且已接入的正常新图与该画面吻合时，输出[金绮罗][sfw][4]。未换图或场景不符时不调用此编号。","","暂用原日常图，新画面计划待接入"
"金绮罗","日常","sfw","5","金绮罗/sfw/5.png","https://cdn.jsdelivr.net/gh/lsr756480586-dev/baicao-images@main/%E9%87%91%E7%BB%AE%E7%BD%97/sfw/5.png","https://cdn.jsdelivr.net/gh/Yehehua1311/mu-pig@main/%E7%91%9E%E7%A7%8B%C2%B7%E5%8D%A1%E7%89%B9/sfw/%E7%91%9E%E7%A7%8B%C2%B7%E5%8D%A1%E7%89%B9_sfw_5.png","人物实际在场，进行园务汇报、种粮育药、修器织染、用餐饮茶或公开会面，且画面适合当前情节。","金绮罗在白帝城商铺挑选生活物资；半身构图，突出人物与关键物件；正常衣着、非露骨画面。","仅在上述场景实际发生、金绮罗确实到场、相关同席者也实际在场，且已接入的正常新图与该画面吻合时，输出[金绮罗][sfw][5]。未换图或场景不符时不调用此编号。","","暂用原日常图，新画面计划待接入"
"金绮罗","日常","sfw","6","金绮罗/sfw/6.png","https://cdn.jsdelivr.net/gh/lsr756480586-dev/baicao-images@main/%E9%87%91%E7%BB%AE%E7%BD%97/sfw/6.png","https://cdn.jsdelivr.net/gh/Yehehua1311/mu-pig@main/%E7%91%9E%E7%A7%8B%C2%B7%E5%8D%A1%E7%89%B9/sfw/%E7%91%9E%E7%A7%8B%C2%B7%E5%8D%A1%E7%89%B9_sfw_6.png","人物实际在场，进行园务汇报、种粮育药、修器织染、用餐饮茶或公开会面，且画面适合当前情节。","金绮罗在青州城客栈核对随身物品；半身构图，突出人物与关键物件；正常衣着、非露骨画面。","仅在上述场景实际发生、金绮罗确实到场、相关同席者也实际在场，且已接入的正常新图与该画面吻合时，输出[金绮罗][sfw][6]。未换图或场景不符时不调用此编号。","","暂用原日常图，新画面计划待接入"
"金绮罗","日常","sfw","7","金绮罗/sfw/7.png","https://cdn.jsdelivr.net/gh/lsr756480586-dev/baicao-images@main/%E9%87%91%E7%BB%AE%E7%BD%97/sfw/7.png","https://cdn.jsdelivr.net/gh/Yehehua1311/mu-pig@main/%E7%91%9E%E7%A7%8B%C2%B7%E5%8D%A1%E7%89%B9/sfw/%E7%91%9E%E7%A7%8B%C2%B7%E5%8D%A1%E7%89%B9_sfw_7.png","人物实际在场，进行园务汇报、种粮育药、修器织染、用餐饮茶或公开会面，且画面适合当前情节。","金绮罗在百草园食堂同桌用餐；半身构图，突出人物与关键物件；正常衣着、非露骨画面。","仅在上述场景实际发生、金绮罗确实到场、相关同席者也实际在场，且已接入的正常新图与该画面吻合时，输出[金绮罗][sfw][7]。未换图或场景不符时不调用此编号。","","暂用原日常图，新画面计划待接入"
"金绮罗","日常","sfw","8","金绮罗/sfw/8.png","https://cdn.jsdelivr.net/gh/lsr756480586-dev/baicao-images@main/%E9%87%91%E7%BB%AE%E7%BD%97/sfw/8.png","https://cdn.jsdelivr.net/gh/Yehehua1311/mu-pig@main/%E7%91%9E%E7%A7%8B%C2%B7%E5%8D%A1%E7%89%B9/sfw/%E7%91%9E%E7%A7%8B%C2%B7%E5%8D%A1%E7%89%B9_sfw_8.png","人物实际在场，进行园务汇报、种粮育药、修器织染、用餐饮茶或公开会面，且画面适合当前情节。","金绮罗在回廊停步看雨；半身构图，突出人物与关键物件；正常衣着、非露骨画面。","仅在上述场景实际发生、金绮罗确实到场、相关同席者也实际在场，且已接入的正常新图与该画面吻合时，输出[金绮罗][sfw][8]。未换图或场景不符时不调用此编号。","","暂用原日常图，新画面计划待接入"
"金绮罗","日常","sfw","9","金绮罗/sfw/9.png","https://cdn.jsdelivr.net/gh/lsr756480586-dev/baicao-images@main/%E9%87%91%E7%BB%AE%E7%BD%97/sfw/9.png","https://cdn.jsdelivr.net/gh/Yehehua1311/mu-pig@main/%E7%91%9E%E7%A7%8B%C2%B7%E5%8D%A1%E7%89%B9/sfw/%E7%91%9E%E7%A7%8B%C2%B7%E5%8D%A1%E7%89%B9_sfw_9.png","人物实际在场，进行园务汇报、种粮育药、修器织染、用餐饮茶或公开会面，且画面适合当前情节。","金绮罗在院门接待实际到访的来客；半身构图，突出人物与关键物件；正常衣着、非露骨画面。","仅在上述场景实际发生、金绮罗确实到场、相关同席者也实际在场，且已接入的正常新图与该画面吻合时，输出[金绮罗][sfw][9]。未换图或场景不符时不调用此编号。","","暂用原日常图，新画面计划待接入"
"金绮罗","日常","sfw","10","金绮罗/sfw/10.png","https://cdn.jsdelivr.net/gh/lsr756480586-dev/baicao-images@main/%E9%87%91%E7%BB%AE%E7%BD%97/sfw/10.png","https://cdn.jsdelivr.net/gh/Yehehua1311/mu-pig@main/%E7%91%9E%E7%A7%8B%C2%B7%E5%8D%A1%E7%89%B9/sfw/%E7%91%9E%E7%A7%8B%C2%B7%E5%8D%A1%E7%89%B9_sfw_10.png","人物实际在场，进行园务汇报、种粮育药、修器织染、用餐饮茶或公开会面，且画面适合当前情节。","金绮罗在灯下整理次日工作安排；半身构图，突出人物与关键物件；正常衣着、非露骨画面。","仅在上述场景实际发生、金绮罗确实到场、相关同席者也实际在场，且已接入的正常新图与该画面吻合时，输出[金绮罗][sfw][10]。未换图或场景不符时不调用此编号。","","暂用原日常图，新画面计划待接入"
"金绮罗","诊疗照护","肛交","1","金绮罗/肛交/1.png","https://cdn.jsdelivr.net/gh/lsr756480586-dev/baicao-images@main/%E9%87%91%E7%BB%AE%E7%BD%97/%E8%82%9B%E4%BA%A4/1.png","https://cdn.jsdelivr.net/gh/Yehehua1311/mu-pig@main/%E7%91%9E%E7%A7%8B%C2%B7%E5%8D%A1%E7%89%B9/nsfw/%E8%82%9B%E4%BA%A4/%E7%91%9E%E7%A7%8B%C2%B7%E5%8D%A1%E7%89%B9_nsfw_%E8%82%9B%E4%BA%A4_1.png","人物实际在场，在药房、诊室或休养房间接受诊察、包扎、调息指导，或照料另一名同处室内的成员；使用正常衣着和非露骨画面。","金绮罗在药房接受药师询问，保持正常衣着；半身构图，突出人物与关键物件；正常衣着、非露骨画面。","仅在上述场景实际发生、金绮罗确实到场、相关同席者也实际在场，且已接入的正常新图与该画面吻合时，输出[金绮罗][肛交][1]。未换图或场景不符时不调用此编号。","","正常图片待接入"
"金绮罗","诊疗照护","肛交","2","金绮罗/肛交/2.png","https://cdn.jsdelivr.net/gh/lsr756480586-dev/baicao-images@main/%E9%87%91%E7%BB%AE%E7%BD%97/%E8%82%9B%E4%BA%A4/2.png","https://cdn.jsdelivr.net/gh/Yehehua1311/mu-pig@main/%E7%91%9E%E7%A7%8B%C2%B7%E5%8D%A1%E7%89%B9/nsfw/%E8%82%9B%E4%BA%A4/%E7%91%9E%E7%A7%8B%C2%B7%E5%8D%A1%E7%89%B9_nsfw_%E8%82%9B%E4%BA%A4_2.png","人物实际在场，在药房、诊室或休养房间接受诊察、包扎、调息指导，或照料另一名同处室内的成员；使用正常衣着和非露骨画面。","金绮罗在诊室就座，由医者检查手臂上的小伤；半身构图，突出人物与关键物件；正常衣着、非露骨画面。","仅在上述场景实际发生、金绮罗确实到场、相关同席者也实际在场，且已接入的正常新图与该画面吻合时，输出[金绮罗][肛交][2]。未换图或场景不符时不调用此编号。","","正常图片待接入"
"金绮罗","诊疗照护","肛交","3","金绮罗/肛交/3.png","https://cdn.jsdelivr.net/gh/lsr756480586-dev/baicao-images@main/%E9%87%91%E7%BB%AE%E7%BD%97/%E8%82%9B%E4%BA%A4/3.png","https://cdn.jsdelivr.net/gh/Yehehua1311/mu-pig@main/%E7%91%9E%E7%A7%8B%C2%B7%E5%8D%A1%E7%89%B9/nsfw/%E8%82%9B%E4%BA%A4/%E7%91%9E%E7%A7%8B%C2%B7%E5%8D%A1%E7%89%B9_nsfw_%E8%82%9B%E4%BA%A4_3.png","人物实际在场，在药房、诊室或休养房间接受诊察、包扎、调息指导，或照料另一名同处室内的成员；使用正常衣着和非露骨画面。","金绮罗在休养房间接过温水与药盏；半身构图，突出人物与关键物件；正常衣着、非露骨画面。","仅在上述场景实际发生、金绮罗确实到场、相关同席者也实际在场，且已接入的正常新图与该画面吻合时，输出[金绮罗][肛交][3]。未换图或场景不符时不调用此编号。","","正常图片待接入"
"金绮罗","诊疗照护","肛交","4","金绮罗/肛交/4.png","https://cdn.jsdelivr.net/gh/lsr756480586-dev/baicao-images@main/%E9%87%91%E7%BB%AE%E7%BD%97/%E8%82%9B%E4%BA%A4/4.png","https://cdn.jsdelivr.net/gh/Yehehua1311/mu-pig@main/%E7%91%9E%E7%A7%8B%C2%B7%E5%8D%A1%E7%89%B9/nsfw/%E8%82%9B%E4%BA%A4/%E7%91%9E%E7%A7%8B%C2%B7%E5%8D%A1%E7%89%B9_nsfw_%E8%82%9B%E4%BA%A4_4.png","人物实际在场，在药房、诊室或休养房间接受诊察、包扎、调息指导，或照料另一名同处室内的成员；使用正常衣着和非露骨画面。","金绮罗在医者指导下安静调息；半身构图，突出人物与关键物件；正常衣着、非露骨画面。","仅在上述场景实际发生、金绮罗确实到场、相关同席者也实际在场，且已接入的正常新图与该画面吻合时，输出[金绮罗][肛交][4]。未换图或场景不符时不调用此编号。","","正常图片待接入"
"金绮罗","诊疗照护","肛交","5","金绮罗/肛交/5.png","https://cdn.jsdelivr.net/gh/lsr756480586-dev/baicao-images@main/%E9%87%91%E7%BB%AE%E7%BD%97/%E8%82%9B%E4%BA%A4/5.png","https://cdn.jsdelivr.net/gh/Yehehua1311/mu-pig@main/%E7%91%9E%E7%A7%8B%C2%B7%E5%8D%A1%E7%89%B9/nsfw/%E8%82%9B%E4%BA%A4/%E7%91%9E%E7%A7%8B%C2%B7%E5%8D%A1%E7%89%B9_nsfw_%E8%82%9B%E4%BA%A4_5.png","人物实际在场，在药房、诊室或休养房间接受诊察、包扎、调息指导，或照料另一名同处室内的成员；使用正常衣着和非露骨画面。","金绮罗在室内为另一位实际到场的成员递送药包；半身构图，突出人物与关键物件；正常衣着、非露骨画面。","仅在上述场景实际发生、金绮罗确实到场、相关同席者也实际在场，且已接入的正常新图与该画面吻合时，输出[金绮罗][肛交][5]。未换图或场景不符时不调用此编号。","","正常图片待接入"
"金绮罗","诊疗照护","肛交","6","金绮罗/肛交/6.png","https://cdn.jsdelivr.net/gh/lsr756480586-dev/baicao-images@main/%E9%87%91%E7%BB%AE%E7%BD%97/%E8%82%9B%E4%BA%A4/6.png","https://cdn.jsdelivr.net/gh/Yehehua1311/mu-pig@main/%E7%91%9E%E7%A7%8B%C2%B7%E5%8D%A1%E7%89%B9/nsfw/%E8%82%9B%E4%BA%A4/%E7%91%9E%E7%A7%8B%C2%B7%E5%8D%A1%E7%89%B9_nsfw_%E8%82%9B%E4%BA%A4_6.png","人物实际在场，在药房、诊室或休养房间接受诊察、包扎、调息指导，或照料另一名同处室内的成员；使用正常衣着和非露骨画面。","金绮罗在休养室靠枕休息，室内有人陪伴；半身构图，突出人物与关键物件；正常衣着、非露骨画面。","仅在上述场景实际发生、金绮罗确实到场、相关同席者也实际在场，且已接入的正常新图与该画面吻合时，输出[金绮罗][肛交][6]。未换图或场景不符时不调用此编号。","","正常图片待接入"
"金绮罗","诊疗照护","肛交","7","金绮罗/肛交/7.png","https://cdn.jsdelivr.net/gh/lsr756480586-dev/baicao-images@main/%E9%87%91%E7%BB%AE%E7%BD%97/%E8%82%9B%E4%BA%A4/7.png","https://cdn.jsdelivr.net/gh/Yehehua1311/mu-pig@main/%E7%91%9E%E7%A7%8B%C2%B7%E5%8D%A1%E7%89%B9/nsfw/%E8%82%9B%E4%BA%A4/%E7%91%9E%E7%A7%8B%C2%B7%E5%8D%A1%E7%89%B9_nsfw_%E8%82%9B%E4%BA%A4_7.png","人物实际在场，在药房、诊室或休养房间接受诊察、包扎、调息指导，或照料另一名同处室内的成员；使用正常衣着和非露骨画面。","金绮罗在诊室核对实际处方和复诊安排；半身构图，突出人物与关键物件；正常衣着、非露骨画面。","仅在上述场景实际发生、金绮罗确实到场、相关同席者也实际在场，且已接入的正常新图与该画面吻合时，输出[金绮罗][肛交][7]。未换图或场景不符时不调用此编号。","","正常图片待接入"
"金绮罗","诊疗照护","肛交","8","金绮罗/肛交/8.png","https://cdn.jsdelivr.net/gh/lsr756480586-dev/baicao-images@main/%E9%87%91%E7%BB%AE%E7%BD%97/%E8%82%9B%E4%BA%A4/8.png","https://cdn.jsdelivr.net/gh/Yehehua1311/mu-pig@main/%E7%91%9E%E7%A7%8B%C2%B7%E5%8D%A1%E7%89%B9/nsfw/%E8%82%9B%E4%BA%A4/%E7%91%9E%E7%A7%8B%C2%B7%E5%8D%A1%E7%89%B9_nsfw_%E8%82%9B%E4%BA%A4_8.png","人物实际在场，在药房、诊室或休养房间接受诊察、包扎、调息指导，或照料另一名同处室内的成员；使用正常衣着和非露骨画面。","金绮罗在药房整理常用药物与干净绷带；半身构图，突出人物与关键物件；正常衣着、非露骨画面。","仅在上述场景实际发生、金绮罗确实到场、相关同席者也实际在场，且已接入的正常新图与该画面吻合时，输出[金绮罗][肛交][8]。未换图或场景不符时不调用此编号。","","正常图片待接入"
"金绮罗","诊疗照护","肛交","9","金绮罗/肛交/9.png","https://cdn.jsdelivr.net/gh/lsr756480586-dev/baicao-images@main/%E9%87%91%E7%BB%AE%E7%BD%97/%E8%82%9B%E4%BA%A4/9.png","https://cdn.jsdelivr.net/gh/Yehehua1311/mu-pig@main/%E7%91%9E%E7%A7%8B%C2%B7%E5%8D%A1%E7%89%B9/nsfw/%E8%82%9B%E4%BA%A4/%E7%91%9E%E7%A7%8B%C2%B7%E5%8D%A1%E7%89%B9_nsfw_%E8%82%9B%E4%BA%A4_9.png","人物实际在场，在药房、诊室或休养房间接受诊察、包扎、调息指导，或照料另一名同处室内的成员；使用正常衣着和非露骨画面。","金绮罗在疲劳缓解后向同处室内的人说明身体情况；半身构图，突出人物与关键物件；正常衣着、非露骨画面。","仅在上述场景实际发生、金绮罗确实到场、相关同席者也实际在场，且已接入的正常新图与该画面吻合时，输出[金绮罗][肛交][9]。未换图或场景不符时不调用此编号。","","正常图片待接入"
"金绮罗","诊疗照护","肛交","10","金绮罗/肛交/10.png","https://cdn.jsdelivr.net/gh/lsr756480586-dev/baicao-images@main/%E9%87%91%E7%BB%AE%E7%BD%97/%E8%82%9B%E4%BA%A4/10.png","https://cdn.jsdelivr.net/gh/Yehehua1311/mu-pig@main/%E7%91%9E%E7%A7%8B%C2%B7%E5%8D%A1%E7%89%B9/nsfw/%E8%82%9B%E4%BA%A4/%E7%91%9E%E7%A7%8B%C2%B7%E5%8D%A1%E7%89%B9_nsfw_%E8%82%9B%E4%BA%A4_10.png","人物实际在场，在药房、诊室或休养房间接受诊察、包扎、调息指导，或照料另一名同处室内的成员；使用正常衣着和非露骨画面。","金绮罗在室内协助准备清洁伤口所需的正常用品；半身构图，突出人物与关键物件；正常衣着、非露骨画面。","仅在上述场景实际发生、金绮罗确实到场、相关同席者也实际在场，且已接入的正常新图与该画面吻合时，输出[金绮罗][肛交][10]。未换图或场景不符时不调用此编号。","","正常图片待接入"
"金绮罗","诊疗照护","肛交","11","金绮罗/肛交/11.png","https://cdn.jsdelivr.net/gh/lsr756480586-dev/baicao-images@main/%E9%87%91%E7%BB%AE%E7%BD%97/%E8%82%9B%E4%BA%A4/11.png","https://cdn.jsdelivr.net/gh/Yehehua1311/mu-pig@main/%E7%91%9E%E7%A7%8B%C2%B7%E5%8D%A1%E7%89%B9/nsfw/%E8%82%9B%E4%BA%A4/%E7%91%9E%E7%A7%8B%C2%B7%E5%8D%A1%E7%89%B9_nsfw_%E8%82%9B%E4%BA%A4_11.png","人物实际在场，在药房、诊室或休养房间接受诊察、包扎、调息指导，或照料另一名同处室内的成员；使用正常衣着和非露骨画面。","金绮罗在药房接受药师询问，保持正常衣着；较宽构图，交代人物与场所；正常衣着、非露骨画面。","仅在上述场景实际发生、金绮罗确实到场、相关同席者也实际在场，且已接入的正常新图与该画面吻合时，输出[金绮罗][肛交][11]。未换图或场景不符时不调用此编号。","","正常图片待接入"
"金绮罗","诊疗照护","肛交","12","金绮罗/肛交/12.png","https://cdn.jsdelivr.net/gh/lsr756480586-dev/baicao-images@main/%E9%87%91%E7%BB%AE%E7%BD%97/%E8%82%9B%E4%BA%A4/12.png","https://cdn.jsdelivr.net/gh/Yehehua1311/mu-pig@main/%E7%91%9E%E7%A7%8B%C2%B7%E5%8D%A1%E7%89%B9/nsfw/%E8%82%9B%E4%BA%A4/%E7%91%9E%E7%A7%8B%C2%B7%E5%8D%A1%E7%89%B9_nsfw_%E8%82%9B%E4%BA%A4_12.png","人物实际在场，在药房、诊室或休养房间接受诊察、包扎、调息指导，或照料另一名同处室内的成员；使用正常衣着和非露骨画面。","金绮罗在诊室就座，由医者检查手臂上的小伤；较宽构图，交代人物与场所；正常衣着、非露骨画面。","仅在上述场景实际发生、金绮罗确实到场、相关同席者也实际在场，且已接入的正常新图与该画面吻合时，输出[金绮罗][肛交][12]。未换图或场景不符时不调用此编号。","","正常图片待接入"
"金绮罗","诊疗照护","肛交","13","金绮罗/肛交/13.png","https://cdn.jsdelivr.net/gh/lsr756480586-dev/baicao-images@main/%E9%87%91%E7%BB%AE%E7%BD%97/%E8%82%9B%E4%BA%A4/13.png","https://cdn.jsdelivr.net/gh/Yehehua1311/mu-pig@main/%E7%91%9E%E7%A7%8B%C2%B7%E5%8D%A1%E7%89%B9/nsfw/%E8%82%9B%E4%BA%A4/%E7%91%9E%E7%A7%8B%C2%B7%E5%8D%A1%E7%89%B9_nsfw_%E8%82%9B%E4%BA%A4_13.png","人物实际在场，在药房、诊室或休养房间接受诊察、包扎、调息指导，或照料另一名同处室内的成员；使用正常衣着和非露骨画面。","金绮罗在休养房间接过温水与药盏；较宽构图，交代人物与场所；正常衣着、非露骨画面。","仅在上述场景实际发生、金绮罗确实到场、相关同席者也实际在场，且已接入的正常新图与该画面吻合时，输出[金绮罗][肛交][13]。未换图或场景不符时不调用此编号。","","正常图片待接入"
"金绮罗","诊疗照护","肛交","14","金绮罗/肛交/14.png","https://cdn.jsdelivr.net/gh/lsr756480586-dev/baicao-images@main/%E9%87%91%E7%BB%AE%E7%BD%97/%E8%82%9B%E4%BA%A4/14.png","https://cdn.jsdelivr.net/gh/Yehehua1311/mu-pig@main/%E7%91%9E%E7%A7%8B%C2%B7%E5%8D%A1%E7%89%B9/nsfw/%E8%82%9B%E4%BA%A4/%E7%91%9E%E7%A7%8B%C2%B7%E5%8D%A1%E7%89%B9_nsfw_%E8%82%9B%E4%BA%A4_14.png","人物实际在场，在药房、诊室或休养房间接受诊察、包扎、调息指导，或照料另一名同处室内的成员；使用正常衣着和非露骨画面。","金绮罗在医者指导下安静调息；较宽构图，交代人物与场所；正常衣着、非露骨画面。","仅在上述场景实际发生、金绮罗确实到场、相关同席者也实际在场，且已接入的正常新图与该画面吻合时，输出[金绮罗][肛交][14]。未换图或场景不符时不调用此编号。","","正常图片待接入"
"金绮罗","诊疗照护","肛交","15","金绮罗/肛交/15.png","https://cdn.jsdelivr.net/gh/lsr756480586-dev/baicao-images@main/%E9%87%91%E7%BB%AE%E7%BD%97/%E8%82%9B%E4%BA%A4/15.png","https://cdn.jsdelivr.net/gh/Yehehua1311/mu-pig@main/%E7%91%9E%E7%A7%8B%C2%B7%E5%8D%A1%E7%89%B9/nsfw/%E8%82%9B%E4%BA%A4/%E7%91%9E%E7%A7%8B%C2%B7%E5%8D%A1%E7%89%B9_nsfw_%E8%82%9B%E4%BA%A4_15.png","人物实际在场，在药房、诊室或休养房间接受诊察、包扎、调息指导，或照料另一名同处室内的成员；使用正常衣着和非露骨画面。","金绮罗在室内为另一位实际到场的成员递送药包；较宽构图，交代人物与场所；正常衣着、非露骨画面。","仅在上述场景实际发生、金绮罗确实到场、相关同席者也实际在场，且已接入的正常新图与该画面吻合时，输出[金绮罗][肛交][15]。未换图或场景不符时不调用此编号。","","正常图片待接入"
"金绮罗","出行护送","足交","1","金绮罗/足交/1.png","https://cdn.jsdelivr.net/gh/lsr756480586-dev/baicao-images@main/%E9%87%91%E7%BB%AE%E7%BD%97/%E8%B6%B3%E4%BA%A4/1.png","https://cdn.jsdelivr.net/gh/Yehehua1311/mu-pig@main/%E7%91%9E%E7%A7%8B%C2%B7%E5%8D%A1%E7%89%B9/nsfw/%E8%B6%B3%E4%BA%A4/%E7%91%9E%E7%A7%8B%C2%B7%E5%8D%A1%E7%89%B9_nsfw_%E8%B6%B3%E4%BA%A4_1.png","人物实际随队采购、护送流民、巡守或赶路，并出现与图片对应的出发、行进、避雨、歇脚或归来情境。","金绮罗在百草园院门核对出行物品后准备出发；半身构图，突出人物与关键物件；正常衣着、非露骨画面。","仅在上述场景实际发生、金绮罗确实到场、相关同席者也实际在场，且已接入的正常新图与该画面吻合时，输出[金绮罗][足交][1]。未换图或场景不符时不调用此编号。","","正常图片待接入"
"金绮罗","出行护送","足交","2","金绮罗/足交/2.png","https://cdn.jsdelivr.net/gh/lsr756480586-dev/baicao-images@main/%E9%87%91%E7%BB%AE%E7%BD%97/%E8%B6%B3%E4%BA%A4/2.png","https://cdn.jsdelivr.net/gh/Yehehua1311/mu-pig@main/%E7%91%9E%E7%A7%8B%C2%B7%E5%8D%A1%E7%89%B9/nsfw/%E8%B6%B3%E4%BA%A4/%E7%91%9E%E7%A7%8B%C2%B7%E5%8D%A1%E7%89%B9_nsfw_%E8%B6%B3%E4%BA%A4_2.png","人物实际随队采购、护送流民、巡守或赶路，并出现与图片对应的出发、行进、避雨、歇脚或归来情境。","金绮罗在白帝城街道随队采购；半身构图，突出人物与关键物件；正常衣着、非露骨画面。","仅在上述场景实际发生、金绮罗确实到场、相关同席者也实际在场，且已接入的正常新图与该画面吻合时，输出[金绮罗][足交][2]。未换图或场景不符时不调用此编号。","","正常图片待接入"
"金绮罗","私室交谈","口交","1","金绮罗/口交/1.png","https://cdn.jsdelivr.net/gh/lsr756480586-dev/baicao-images@main/%E9%87%91%E7%BB%AE%E7%BD%97/%E5%8F%A3%E4%BA%A4/1.png","https://cdn.jsdelivr.net/gh/Yehehua1311/mu-pig@main/%E7%91%9E%E7%A7%8B%C2%B7%E5%8D%A1%E7%89%B9/nsfw/%E5%8F%A3%E4%BA%A4/%E7%91%9E%E7%A7%8B%C2%B7%E5%8D%A1%E7%89%B9_nsfw_%E5%8F%A3%E4%BA%A4_1.png","人物与园主或其他成员确实共同处于书房、茶间、休息室或客房，进行商议、倾诉旧事、解释顾虑或表达关心；亲近按既定人物关系发展。","金绮罗在私人书房与园主同看货样；半身构图，突出人物与关键物件；正常衣着、非露骨画面。","仅在上述场景实际发生、金绮罗确实到场、相关同席者也实际在场，且已接入的正常新图与该画面吻合时，输出[金绮罗][口交][1]。未换图或场景不符时不调用此编号。","","正常图片待接入"
"金绮罗","私室交谈","口交","2","金绮罗/口交/2.png","https://cdn.jsdelivr.net/gh/lsr756480586-dev/baicao-images@main/%E9%87%91%E7%BB%AE%E7%BD%97/%E5%8F%A3%E4%BA%A4/2.png","https://cdn.jsdelivr.net/gh/Yehehua1311/mu-pig@main/%E7%91%9E%E7%A7%8B%C2%B7%E5%8D%A1%E7%89%B9/nsfw/%E5%8F%A3%E4%BA%A4/%E7%91%9E%E7%A7%8B%C2%B7%E5%8D%A1%E7%89%B9_nsfw_%E5%8F%A3%E4%BA%A4_2.png","人物与园主或其他成员确实共同处于书房、茶间、休息室或客房，进行商议、倾诉旧事、解释顾虑或表达关心；亲近按既定人物关系发展。","金绮罗在室内茶间说起个人生活愿望；半身构图，突出人物与关键物件；正常衣着、非露骨画面。","仅在上述场景实际发生、金绮罗确实到场、相关同席者也实际在场，且已接入的正常新图与该画面吻合时，输出[金绮罗][口交][2]。未换图或场景不符时不调用此编号。","","正常图片待接入"
"金绮罗","私室交谈","口交","3","金绮罗/口交/3.png","https://cdn.jsdelivr.net/gh/lsr756480586-dev/baicao-images@main/%E9%87%91%E7%BB%AE%E7%BD%97/%E5%8F%A3%E4%BA%A4/3.png","https://cdn.jsdelivr.net/gh/Yehehua1311/mu-pig@main/%E7%91%9E%E7%A7%8B%C2%B7%E5%8D%A1%E7%89%B9/nsfw/%E5%8F%A3%E4%BA%A4/%E7%91%9E%E7%A7%8B%C2%B7%E5%8D%A1%E7%89%B9_nsfw_%E5%8F%A3%E4%BA%A4_3.png","人物与园主或其他成员确实共同处于书房、茶间、休息室或客房，进行商议、倾诉旧事、解释顾虑或表达关心；亲近按既定人物关系发展。","金绮罗在住处待客间谈论已经发生的旧事；半身构图，突出人物与关键物件；正常衣着、非露骨画面。","仅在上述场景实际发生、金绮罗确实到场、相关同席者也实际在场，且已接入的正常新图与该画面吻合时，输出[金绮罗][口交][3]。未换图或场景不符时不调用此编号。","","正常图片待接入"
"金绮罗","私室交谈","口交","4","金绮罗/口交/4.png","https://cdn.jsdelivr.net/gh/lsr756480586-dev/baicao-images@main/%E9%87%91%E7%BB%AE%E7%BD%97/%E5%8F%A3%E4%BA%A4/4.png","https://cdn.jsdelivr.net/gh/Yehehua1311/mu-pig@main/%E7%91%9E%E7%A7%8B%C2%B7%E5%8D%A1%E7%89%B9/nsfw/%E5%8F%A3%E4%BA%A4/%E7%91%9E%E7%A7%8B%C2%B7%E5%8D%A1%E7%89%B9_nsfw_%E5%8F%A3%E4%BA%A4_4.png","人物与园主或其他成员确实共同处于书房、茶间、休息室或客房，进行商议、倾诉旧事、解释顾虑或表达关心；亲近按既定人物关系发展。","金绮罗在关门的休息室说明工作顾虑；半身构图，突出人物与关键物件；正常衣着、非露骨画面。","仅在上述场景实际发生、金绮罗确实到场、相关同席者也实际在场，且已接入的正常新图与该画面吻合时，输出[金绮罗][口交][4]。未换图或场景不符时不调用此编号。","","正常图片待接入"
"金绮罗","私室交谈","口交","5","金绮罗/口交/5.png","https://cdn.jsdelivr.net/gh/lsr756480586-dev/baicao-images@main/%E9%87%91%E7%BB%AE%E7%BD%97/%E5%8F%A3%E4%BA%A4/5.png","https://cdn.jsdelivr.net/gh/Yehehua1311/mu-pig@main/%E7%91%9E%E7%A7%8B%C2%B7%E5%8D%A1%E7%89%B9/nsfw/%E5%8F%A3%E4%BA%A4/%E7%91%9E%E7%A7%8B%C2%B7%E5%8D%A1%E7%89%B9_nsfw_%E5%8F%A3%E4%BA%A4_5.png","人物与园主或其他成员确实共同处于书房、茶间、休息室或客房，进行商议、倾诉旧事、解释顾虑或表达关心；亲近按既定人物关系发展。","金绮罗在私人小厅向园主解释一场实际争议；半身构图，突出人物与关键物件；正常衣着、非露骨画面。","仅在上述场景实际发生、金绮罗确实到场、相关同席者也实际在场，且已接入的正常新图与该画面吻合时，输出[金绮罗][口交][5]。未换图或场景不符时不调用此编号。","","正常图片待接入"
"金绮罗","私室交谈","口交","6","金绮罗/口交/6.png","https://cdn.jsdelivr.net/gh/lsr756480586-dev/baicao-images@main/%E9%87%91%E7%BB%AE%E7%BD%97/%E5%8F%A3%E4%BA%A4/6.png","https://cdn.jsdelivr.net/gh/Yehehua1311/mu-pig@main/%E7%91%9E%E7%A7%8B%C2%B7%E5%8D%A1%E7%89%B9/nsfw/%E5%8F%A3%E4%BA%A4/%E7%91%9E%E7%A7%8B%C2%B7%E5%8D%A1%E7%89%B9_nsfw_%E5%8F%A3%E4%BA%A4_6.png","人物与园主或其他成员确实共同处于书房、茶间、休息室或客房，进行商议、倾诉旧事、解释顾虑或表达关心；亲近按既定人物关系发展。","金绮罗在雨夜书房与园主共读地方志；半身构图，突出人物与关键物件；正常衣着、非露骨画面。","仅在上述场景实际发生、金绮罗确实到场、相关同席者也实际在场，且已接入的正常新图与该画面吻合时，输出[金绮罗][口交][6]。未换图或场景不符时不调用此编号。","","正常图片待接入"
"金绮罗","私室交谈","口交","7","金绮罗/口交/7.png","https://cdn.jsdelivr.net/gh/lsr756480586-dev/baicao-images@main/%E9%87%91%E7%BB%AE%E7%BD%97/%E5%8F%A3%E4%BA%A4/7.png","https://cdn.jsdelivr.net/gh/Yehehua1311/mu-pig@main/%E7%91%9E%E7%A7%8B%C2%B7%E5%8D%A1%E7%89%B9/nsfw/%E5%8F%A3%E4%BA%A4/%E7%91%9E%E7%A7%8B%C2%B7%E5%8D%A1%E7%89%B9_nsfw_%E5%8F%A3%E4%BA%A4_7.png","人物与园主或其他成员确实共同处于书房、茶间、休息室或客房，进行商议、倾诉旧事、解释顾虑或表达关心；亲近按既定人物关系发展。","金绮罗在室内与另一位实际到场的成员商议商队路引；半身构图，突出人物与关键物件；正常衣着、非露骨画面。","仅在上述场景实际发生、金绮罗确实到场、相关同席者也实际在场，且已接入的正常新图与该画面吻合时，输出[金绮罗][口交][7]。未换图或场景不符时不调用此编号。","","正常图片待接入"
"金绮罗","私室交谈","口交","8","金绮罗/口交/8.png","https://cdn.jsdelivr.net/gh/lsr756480586-dev/baicao-images@main/%E9%87%91%E7%BB%AE%E7%BD%97/%E5%8F%A3%E4%BA%A4/8.png","https://cdn.jsdelivr.net/gh/Yehehua1311/mu-pig@main/%E7%91%9E%E7%A7%8B%C2%B7%E5%8D%A1%E7%89%B9/nsfw/%E5%8F%A3%E4%BA%A4/%E7%91%9E%E7%A7%8B%C2%B7%E5%8D%A1%E7%89%B9_nsfw_%E5%8F%A3%E4%BA%A4_8.png","人物与园主或其他成员确实共同处于书房、茶间、休息室或客房，进行商议、倾诉旧事、解释顾虑或表达关心；亲近按既定人物关系发展。","金绮罗在茶案旁表达关心并递上热茶；半身构图，突出人物与关键物件；正常衣着、非露骨画面。","仅在上述场景实际发生、金绮罗确实到场、相关同席者也实际在场，且已接入的正常新图与该画面吻合时，输出[金绮罗][口交][8]。未换图或场景不符时不调用此编号。","","正常图片待接入"
"金绮罗","协作修习","性交","1","金绮罗/性交/1.png","https://cdn.jsdelivr.net/gh/lsr756480586-dev/baicao-images@main/%E9%87%91%E7%BB%AE%E7%BD%97/%E6%80%A7%E4%BA%A4/1.png","https://cdn.jsdelivr.net/gh/Yehehua1311/mu-pig@main/%E7%91%9E%E7%A7%8B%C2%B7%E5%8D%A1%E7%89%B9/nsfw/%E6%80%A7%E4%BA%A4/%E7%91%9E%E7%A7%8B%C2%B7%E5%8D%A1%E7%89%B9_nsfw_%E6%80%A7%E4%BA%A4_1.png","人物实际在场，共同研习术法、调试符器、练剑、试制农具兵器或协作完成一项工作，出现与图片对应的操作、指点或成果展示。","金绮罗在工作间与同席者核对货样的操作或记录步骤；半身构图，突出人物与关键物件；正常衣着、非露骨画面。","仅在上述场景实际发生、金绮罗确实到场、相关同席者也实际在场，且已接入的正常新图与该画面吻合时，输出[金绮罗][性交][1]。未换图或场景不符时不调用此编号。","","正常图片待接入"
"金绮罗","协作修习","性交","2","金绮罗/性交/2.png","https://cdn.jsdelivr.net/gh/lsr756480586-dev/baicao-images@main/%E9%87%91%E7%BB%AE%E7%BD%97/%E6%80%A7%E4%BA%A4/2.png","https://cdn.jsdelivr.net/gh/Yehehua1311/mu-pig@main/%E7%91%9E%E7%A7%8B%C2%B7%E5%8D%A1%E7%89%B9/nsfw/%E6%80%A7%E4%BA%A4/%E7%91%9E%E7%A7%8B%C2%B7%E5%8D%A1%E7%89%B9_nsfw_%E6%80%A7%E4%BA%A4_2.png","人物实际在场，共同研习术法、调试符器、练剑、试制农具兵器或协作完成一项工作，出现与图片对应的操作、指点或成果展示。","金绮罗在室内向园主展示与商账有关的专业方法；半身构图，突出人物与关键物件；正常衣着、非露骨画面。","仅在上述场景实际发生、金绮罗确实到场、相关同席者也实际在场，且已接入的正常新图与该画面吻合时，输出[金绮罗][性交][2]。未换图或场景不符时不调用此编号。","","正常图片待接入"
"金绮罗","协作修习","性交","3","金绮罗/性交/3.png","https://cdn.jsdelivr.net/gh/lsr756480586-dev/baicao-images@main/%E9%87%91%E7%BB%AE%E7%BD%97/%E6%80%A7%E4%BA%A4/3.png","https://cdn.jsdelivr.net/gh/Yehehua1311/mu-pig@main/%E7%91%9E%E7%A7%8B%C2%B7%E5%8D%A1%E7%89%B9/nsfw/%E6%80%A7%E4%BA%A4/%E7%91%9E%E7%A7%8B%C2%B7%E5%8D%A1%E7%89%B9_nsfw_%E6%80%A7%E4%BA%A4_3.png","人物实际在场，共同研习术法、调试符器、练剑、试制农具兵器或协作完成一项工作，出现与图片对应的操作、指点或成果展示。","金绮罗在工坊参与一项已有能力范围内的协作任务；半身构图，突出人物与关键物件；正常衣着、非露骨画面。","仅在上述场景实际发生、金绮罗确实到场、相关同席者也实际在场，且已接入的正常新图与该画面吻合时，输出[金绮罗][性交][3]。未换图或场景不符时不调用此编号。","","正常图片待接入"
"金绮罗","协作修习","性交","4","金绮罗/性交/4.png","https://cdn.jsdelivr.net/gh/lsr756480586-dev/baicao-images@main/%E9%87%91%E7%BB%AE%E7%BD%97/%E6%80%A7%E4%BA%A4/4.png","https://cdn.jsdelivr.net/gh/Yehehua1311/mu-pig@main/%E7%91%9E%E7%A7%8B%C2%B7%E5%8D%A1%E7%89%B9/nsfw/%E6%80%A7%E4%BA%A4/%E7%91%9E%E7%A7%8B%C2%B7%E5%8D%A1%E7%89%B9_nsfw_%E6%80%A7%E4%BA%A4_4.png","人物实际在场，共同研习术法、调试符器、练剑、试制农具兵器或协作完成一项工作，出现与图片对应的操作、指点或成果展示。","金绮罗在书房与同席者共同推演商队路引；半身构图，突出人物与关键物件；正常衣着、非露骨画面。","仅在上述场景实际发生、金绮罗确实到场、相关同席者也实际在场，且已接入的正常新图与该画面吻合时，输出[金绮罗][性交][4]。未换图或场景不符时不调用此编号。","","正常图片待接入"
"金绮罗","协作修习","性交","5","金绮罗/性交/5.png","https://cdn.jsdelivr.net/gh/lsr756480586-dev/baicao-images@main/%E9%87%91%E7%BB%AE%E7%BD%97/%E6%80%A7%E4%BA%A4/5.png","https://cdn.jsdelivr.net/gh/Yehehua1311/mu-pig@main/%E7%91%9E%E7%A7%8B%C2%B7%E5%8D%A1%E7%89%B9/nsfw/%E6%80%A7%E4%BA%A4/%E7%91%9E%E7%A7%8B%C2%B7%E5%8D%A1%E7%89%B9_nsfw_%E6%80%A7%E4%BA%A4_5.png","人物实际在场，共同研习术法、调试符器、练剑、试制农具兵器或协作完成一项工作，出现与图片对应的操作、指点或成果展示。","金绮罗在练习室学习基础护身动作，不额外获得高阶能力；半身构图，突出人物与关键物件；正常衣着、非露骨画面。","仅在上述场景实际发生、金绮罗确实到场、相关同席者也实际在场，且已接入的正常新图与该画面吻合时，输出[金绮罗][性交][5]。未换图或场景不符时不调用此编号。","","正常图片待接入"
"洛玉衡","立绘","","","洛玉衡/立绘.png","https://cdn.jsdelivr.net/gh/lsr756480586-dev/baicao-images@main/%E6%B4%9B%E7%8E%89%E8%A1%A1/%E7%AB%8B%E7%BB%98.png","https://picgocloud.com/m/bc741ba2-cb20-4bb9-a140-97c3f51e27cd.png","在人物菜单、状态栏或人物图库中显示该人物时使用。","洛玉衡身着已确定的日常衣装，正面人物立绘，背景简洁。","人物菜单、状态栏或图库实际显示该人物时使用。","","立绘"
"洛玉衡","日常","sfw","1","洛玉衡/sfw/1.png","https://cdn.jsdelivr.net/gh/lsr756480586-dev/baicao-images@main/%E6%B4%9B%E7%8E%89%E8%A1%A1/sfw/1.png","https://cdn.jsdelivr.net/gh/Yehehua1311/mu-pig@main/%E8%8E%89%E5%A8%9C/sfw/%E8%8E%89%E5%A8%9C_sfw_1.png","人物实际在场，进行园务汇报、种粮育药、修器织染、用餐饮茶或公开会面，且画面适合当前情节。","洛玉衡在岗位工作间展示剑术札记并汇报进展；半身构图，突出人物与关键物件；正常衣着、非露骨画面。","仅在上述场景实际发生、洛玉衡确实到场、相关同席者也实际在场，且已接入的正常新图与该画面吻合时，输出[洛玉衡][sfw][1]。未换图或场景不符时不调用此编号。","","暂用原日常图，新画面计划待接入"
"洛玉衡","日常","sfw","2","洛玉衡/sfw/2.png","https://cdn.jsdelivr.net/gh/lsr756480586-dev/baicao-images@main/%E6%B4%9B%E7%8E%89%E8%A1%A1/sfw/2.png","https://cdn.jsdelivr.net/gh/Yehehua1311/mu-pig@main/%E8%8E%89%E5%A8%9C/sfw/%E8%8E%89%E5%A8%9C_sfw_2.png","人物实际在场，进行园务汇报、种粮育药、修器织染、用餐饮茶或公开会面，且画面适合当前情节。","洛玉衡在室内茶间准备清茶；半身构图，突出人物与关键物件；正常衣着、非露骨画面。","仅在上述场景实际发生、洛玉衡确实到场、相关同席者也实际在场，且已接入的正常新图与该画面吻合时，输出[洛玉衡][sfw][2]。未换图或场景不符时不调用此编号。","","暂用原日常图，新画面计划待接入"
"洛玉衡","日常","sfw","3","洛玉衡/sfw/3.png","https://cdn.jsdelivr.net/gh/lsr756480586-dev/baicao-images@main/%E6%B4%9B%E7%8E%89%E8%A1%A1/sfw/3.png","https://cdn.jsdelivr.net/gh/Yehehua1311/mu-pig@main/%E8%8E%89%E5%A8%9C/sfw/%E8%8E%89%E5%A8%9C_sfw_3.png","人物实际在场，进行园务汇报、种粮育药、修器织染、用餐饮茶或公开会面，且画面适合当前情节。","洛玉衡在窗边翻阅与药材清单有关的记录；半身构图，突出人物与关键物件；正常衣着、非露骨画面。","仅在上述场景实际发生、洛玉衡确实到场、相关同席者也实际在场，且已接入的正常新图与该画面吻合时，输出[洛玉衡][sfw][3]。未换图或场景不符时不调用此编号。","","暂用原日常图，新画面计划待接入"
"洛玉衡","日常","sfw","4","洛玉衡/sfw/4.png","https://cdn.jsdelivr.net/gh/lsr756480586-dev/baicao-images@main/%E6%B4%9B%E7%8E%89%E8%A1%A1/sfw/4.png","https://cdn.jsdelivr.net/gh/Yehehua1311/mu-pig@main/%E8%8E%89%E5%A8%9C/sfw/%E8%8E%89%E5%A8%9C_sfw_4.png","人物实际在场，进行园务汇报、种粮育药、修器织染、用餐饮茶或公开会面，且画面适合当前情节。","洛玉衡在工作结束后收整护身符；半身构图，突出人物与关键物件；正常衣着、非露骨画面。","仅在上述场景实际发生、洛玉衡确实到场、相关同席者也实际在场，且已接入的正常新图与该画面吻合时，输出[洛玉衡][sfw][4]。未换图或场景不符时不调用此编号。","","暂用原日常图，新画面计划待接入"
"洛玉衡","日常","sfw","5","洛玉衡/sfw/5.png","https://cdn.jsdelivr.net/gh/lsr756480586-dev/baicao-images@main/%E6%B4%9B%E7%8E%89%E8%A1%A1/sfw/5.png","https://cdn.jsdelivr.net/gh/Yehehua1311/mu-pig@main/%E8%8E%89%E5%A8%9C/sfw/%E8%8E%89%E5%A8%9C_sfw_5.png","人物实际在场，进行园务汇报、种粮育药、修器织染、用餐饮茶或公开会面，且画面适合当前情节。","洛玉衡在白帝城商铺挑选生活物资；半身构图，突出人物与关键物件；正常衣着、非露骨画面。","仅在上述场景实际发生、洛玉衡确实到场、相关同席者也实际在场，且已接入的正常新图与该画面吻合时，输出[洛玉衡][sfw][5]。未换图或场景不符时不调用此编号。","","暂用原日常图，新画面计划待接入"
"洛玉衡","日常","sfw","6","洛玉衡/sfw/6.png","https://cdn.jsdelivr.net/gh/lsr756480586-dev/baicao-images@main/%E6%B4%9B%E7%8E%89%E8%A1%A1/sfw/6.png","https://cdn.jsdelivr.net/gh/Yehehua1311/mu-pig@main/%E8%8E%89%E5%A8%9C/sfw/%E8%8E%89%E5%A8%9C_sfw_6.png","人物实际在场，进行园务汇报、种粮育药、修器织染、用餐饮茶或公开会面，且画面适合当前情节。","洛玉衡在青州城客栈核对随身物品；半身构图，突出人物与关键物件；正常衣着、非露骨画面。","仅在上述场景实际发生、洛玉衡确实到场、相关同席者也实际在场，且已接入的正常新图与该画面吻合时，输出[洛玉衡][sfw][6]。未换图或场景不符时不调用此编号。","","暂用原日常图，新画面计划待接入"
"洛玉衡","日常","sfw","7","洛玉衡/sfw/7.png","https://cdn.jsdelivr.net/gh/lsr756480586-dev/baicao-images@main/%E6%B4%9B%E7%8E%89%E8%A1%A1/sfw/7.png","https://cdn.jsdelivr.net/gh/Yehehua1311/mu-pig@main/%E8%8E%89%E5%A8%9C/sfw/%E8%8E%89%E5%A8%9C_sfw_7.png","人物实际在场，进行园务汇报、种粮育药、修器织染、用餐饮茶或公开会面，且画面适合当前情节。","洛玉衡在百草园食堂同桌用餐；半身构图，突出人物与关键物件；正常衣着、非露骨画面。","仅在上述场景实际发生、洛玉衡确实到场、相关同席者也实际在场，且已接入的正常新图与该画面吻合时，输出[洛玉衡][sfw][7]。未换图或场景不符时不调用此编号。","","暂用原日常图，新画面计划待接入"
"洛玉衡","日常","sfw","8","洛玉衡/sfw/8.png","https://cdn.jsdelivr.net/gh/lsr756480586-dev/baicao-images@main/%E6%B4%9B%E7%8E%89%E8%A1%A1/sfw/8.png","https://cdn.jsdelivr.net/gh/Yehehua1311/mu-pig@main/%E8%8E%89%E5%A8%9C/sfw/%E8%8E%89%E5%A8%9C_sfw_8.png","人物实际在场，进行园务汇报、种粮育药、修器织染、用餐饮茶或公开会面，且画面适合当前情节。","洛玉衡在回廊停步看雨；半身构图，突出人物与关键物件；正常衣着、非露骨画面。","仅在上述场景实际发生、洛玉衡确实到场、相关同席者也实际在场，且已接入的正常新图与该画面吻合时，输出[洛玉衡][sfw][8]。未换图或场景不符时不调用此编号。","","暂用原日常图，新画面计划待接入"
"洛玉衡","日常","sfw","9","洛玉衡/sfw/9.png","https://cdn.jsdelivr.net/gh/lsr756480586-dev/baicao-images@main/%E6%B4%9B%E7%8E%89%E8%A1%A1/sfw/9.png","https://cdn.jsdelivr.net/gh/Yehehua1311/mu-pig@main/%E8%8E%89%E5%A8%9C/sfw/%E8%8E%89%E5%A8%9C_sfw_9.png","人物实际在场，进行园务汇报、种粮育药、修器织染、用餐饮茶或公开会面，且画面适合当前情节。","洛玉衡在院门接待实际到访的来客；半身构图，突出人物与关键物件；正常衣着、非露骨画面。","仅在上述场景实际发生、洛玉衡确实到场、相关同席者也实际在场，且已接入的正常新图与该画面吻合时，输出[洛玉衡][sfw][9]。未换图或场景不符时不调用此编号。","","暂用原日常图，新画面计划待接入"
"洛玉衡","诊疗照护","肛交","1","洛玉衡/肛交/1.png","https://cdn.jsdelivr.net/gh/lsr756480586-dev/baicao-images@main/%E6%B4%9B%E7%8E%89%E8%A1%A1/%E8%82%9B%E4%BA%A4/1.png","https://cdn.jsdelivr.net/gh/Yehehua1311/mu-pig@main/%E8%8E%89%E5%A8%9C/nsfw/%E8%82%9B%E4%BA%A4/%E8%8E%89%E5%A8%9C_nsfw_%E8%82%9B%E4%BA%A4_1.png","人物实际在场，在药房、诊室或休养房间接受诊察、包扎、调息指导，或照料另一名同处室内的成员；使用正常衣着和非露骨画面。","洛玉衡在药房接受药师询问，保持正常衣着；半身构图，突出人物与关键物件；正常衣着、非露骨画面。","仅在上述场景实际发生、洛玉衡确实到场、相关同席者也实际在场，且已接入的正常新图与该画面吻合时，输出[洛玉衡][肛交][1]。未换图或场景不符时不调用此编号。","","正常图片待接入"
"洛玉衡","诊疗照护","肛交","2","洛玉衡/肛交/2.png","https://cdn.jsdelivr.net/gh/lsr756480586-dev/baicao-images@main/%E6%B4%9B%E7%8E%89%E8%A1%A1/%E8%82%9B%E4%BA%A4/2.png","https://cdn.jsdelivr.net/gh/Yehehua1311/mu-pig@main/%E8%8E%89%E5%A8%9C/nsfw/%E8%82%9B%E4%BA%A4/%E8%8E%89%E5%A8%9C_nsfw_%E8%82%9B%E4%BA%A4_2.png","人物实际在场，在药房、诊室或休养房间接受诊察、包扎、调息指导，或照料另一名同处室内的成员；使用正常衣着和非露骨画面。","洛玉衡在诊室就座，由医者检查手臂上的小伤；半身构图，突出人物与关键物件；正常衣着、非露骨画面。","仅在上述场景实际发生、洛玉衡确实到场、相关同席者也实际在场，且已接入的正常新图与该画面吻合时，输出[洛玉衡][肛交][2]。未换图或场景不符时不调用此编号。","","正常图片待接入"
"洛玉衡","诊疗照护","肛交","3","洛玉衡/肛交/3.png","https://cdn.jsdelivr.net/gh/lsr756480586-dev/baicao-images@main/%E6%B4%9B%E7%8E%89%E8%A1%A1/%E8%82%9B%E4%BA%A4/3.png","https://cdn.jsdelivr.net/gh/Yehehua1311/mu-pig@main/%E8%8E%89%E5%A8%9C/nsfw/%E8%82%9B%E4%BA%A4/%E8%8E%89%E5%A8%9C_nsfw_%E8%82%9B%E4%BA%A4_3.png","人物实际在场，在药房、诊室或休养房间接受诊察、包扎、调息指导，或照料另一名同处室内的成员；使用正常衣着和非露骨画面。","洛玉衡在休养房间接过温水与药盏；半身构图，突出人物与关键物件；正常衣着、非露骨画面。","仅在上述场景实际发生、洛玉衡确实到场、相关同席者也实际在场，且已接入的正常新图与该画面吻合时，输出[洛玉衡][肛交][3]。未换图或场景不符时不调用此编号。","","正常图片待接入"
"洛玉衡","诊疗照护","肛交","4","洛玉衡/肛交/4.png","https://cdn.jsdelivr.net/gh/lsr756480586-dev/baicao-images@main/%E6%B4%9B%E7%8E%89%E8%A1%A1/%E8%82%9B%E4%BA%A4/4.png","https://cdn.jsdelivr.net/gh/Yehehua1311/mu-pig@main/%E8%8E%89%E5%A8%9C/nsfw/%E8%82%9B%E4%BA%A4/%E8%8E%89%E5%A8%9C_nsfw_%E8%82%9B%E4%BA%A4_4.png","人物实际在场，在药房、诊室或休养房间接受诊察、包扎、调息指导，或照料另一名同处室内的成员；使用正常衣着和非露骨画面。","洛玉衡在医者指导下安静调息；半身构图，突出人物与关键物件；正常衣着、非露骨画面。","仅在上述场景实际发生、洛玉衡确实到场、相关同席者也实际在场，且已接入的正常新图与该画面吻合时，输出[洛玉衡][肛交][4]。未换图或场景不符时不调用此编号。","","正常图片待接入"
"洛玉衡","诊疗照护","肛交","5","洛玉衡/肛交/5.png","https://cdn.jsdelivr.net/gh/lsr756480586-dev/baicao-images@main/%E6%B4%9B%E7%8E%89%E8%A1%A1/%E8%82%9B%E4%BA%A4/5.png","https://cdn.jsdelivr.net/gh/Yehehua1311/mu-pig@main/%E8%8E%89%E5%A8%9C/nsfw/%E8%82%9B%E4%BA%A4/%E8%8E%89%E5%A8%9C_nsfw_%E8%82%9B%E4%BA%A4_5.png","人物实际在场，在药房、诊室或休养房间接受诊察、包扎、调息指导，或照料另一名同处室内的成员；使用正常衣着和非露骨画面。","洛玉衡在室内为另一位实际到场的成员递送药包；半身构图，突出人物与关键物件；正常衣着、非露骨画面。","仅在上述场景实际发生、洛玉衡确实到场、相关同席者也实际在场，且已接入的正常新图与该画面吻合时，输出[洛玉衡][肛交][5]。未换图或场景不符时不调用此编号。","","正常图片待接入"
"洛玉衡","诊疗照护","肛交","6","洛玉衡/肛交/6.png","https://cdn.jsdelivr.net/gh/lsr756480586-dev/baicao-images@main/%E6%B4%9B%E7%8E%89%E8%A1%A1/%E8%82%9B%E4%BA%A4/6.png","https://cdn.jsdelivr.net/gh/Yehehua1311/mu-pig@main/%E8%8E%89%E5%A8%9C/nsfw/%E8%82%9B%E4%BA%A4/%E8%8E%89%E5%A8%9C_nsfw_%E8%82%9B%E4%BA%A4_6.png","人物实际在场，在药房、诊室或休养房间接受诊察、包扎、调息指导，或照料另一名同处室内的成员；使用正常衣着和非露骨画面。","洛玉衡在休养室靠枕休息，室内有人陪伴；半身构图，突出人物与关键物件；正常衣着、非露骨画面。","仅在上述场景实际发生、洛玉衡确实到场、相关同席者也实际在场，且已接入的正常新图与该画面吻合时，输出[洛玉衡][肛交][6]。未换图或场景不符时不调用此编号。","","正常图片待接入"
"洛玉衡","诊疗照护","肛交","7","洛玉衡/肛交/7.png","https://cdn.jsdelivr.net/gh/lsr756480586-dev/baicao-images@main/%E6%B4%9B%E7%8E%89%E8%A1%A1/%E8%82%9B%E4%BA%A4/7.png","https://cdn.jsdelivr.net/gh/Yehehua1311/mu-pig@main/%E8%8E%89%E5%A8%9C/nsfw/%E8%82%9B%E4%BA%A4/%E8%8E%89%E5%A8%9C_nsfw_%E8%82%9B%E4%BA%A4_7.png","人物实际在场，在药房、诊室或休养房间接受诊察、包扎、调息指导，或照料另一名同处室内的成员；使用正常衣着和非露骨画面。","洛玉衡在诊室核对实际处方和复诊安排；半身构图，突出人物与关键物件；正常衣着、非露骨画面。","仅在上述场景实际发生、洛玉衡确实到场、相关同席者也实际在场，且已接入的正常新图与该画面吻合时，输出[洛玉衡][肛交][7]。未换图或场景不符时不调用此编号。","","正常图片待接入"
"洛玉衡","诊疗照护","肛交","8","洛玉衡/肛交/8.png","https://cdn.jsdelivr.net/gh/lsr756480586-dev/baicao-images@main/%E6%B4%9B%E7%8E%89%E8%A1%A1/%E8%82%9B%E4%BA%A4/8.png","https://cdn.jsdelivr.net/gh/Yehehua1311/mu-pig@main/%E8%8E%89%E5%A8%9C/nsfw/%E8%82%9B%E4%BA%A4/%E8%8E%89%E5%A8%9C_nsfw_%E8%82%9B%E4%BA%A4_8.png","人物实际在场，在药房、诊室或休养房间接受诊察、包扎、调息指导，或照料另一名同处室内的成员；使用正常衣着和非露骨画面。","洛玉衡在药房整理常用药物与干净绷带；半身构图，突出人物与关键物件；正常衣着、非露骨画面。","仅在上述场景实际发生、洛玉衡确实到场、相关同席者也实际在场，且已接入的正常新图与该画面吻合时，输出[洛玉衡][肛交][8]。未换图或场景不符时不调用此编号。","","正常图片待接入"
"洛玉衡","诊疗照护","肛交","9","洛玉衡/肛交/9.png","https://cdn.jsdelivr.net/gh/lsr756480586-dev/baicao-images@main/%E6%B4%9B%E7%8E%89%E8%A1%A1/%E8%82%9B%E4%BA%A4/9.png","https://cdn.jsdelivr.net/gh/Yehehua1311/mu-pig@main/%E8%8E%89%E5%A8%9C/nsfw/%E8%82%9B%E4%BA%A4/%E8%8E%89%E5%A8%9C_nsfw_%E8%82%9B%E4%BA%A4_9.png","人物实际在场，在药房、诊室或休养房间接受诊察、包扎、调息指导，或照料另一名同处室内的成员；使用正常衣着和非露骨画面。","洛玉衡在疲劳缓解后向同处室内的人说明身体情况；半身构图，突出人物与关键物件；正常衣着、非露骨画面。","仅在上述场景实际发生、洛玉衡确实到场、相关同席者也实际在场，且已接入的正常新图与该画面吻合时，输出[洛玉衡][肛交][9]。未换图或场景不符时不调用此编号。","","正常图片待接入"
"洛玉衡","诊疗照护","肛交","10","洛玉衡/肛交/10.png","https://cdn.jsdelivr.net/gh/lsr756480586-dev/baicao-images@main/%E6%B4%9B%E7%8E%89%E8%A1%A1/%E8%82%9B%E4%BA%A4/10.png","https://cdn.jsdelivr.net/gh/Yehehua1311/mu-pig@main/%E8%8E%89%E5%A8%9C/nsfw/%E8%82%9B%E4%BA%A4/%E8%8E%89%E5%A8%9C_nsfw_%E8%82%9B%E4%BA%A4_10.png","人物实际在场，在药房、诊室或休养房间接受诊察、包扎、调息指导，或照料另一名同处室内的成员；使用正常衣着和非露骨画面。","洛玉衡在室内协助准备清洁伤口所需的正常用品；半身构图，突出人物与关键物件；正常衣着、非露骨画面。","仅在上述场景实际发生、洛玉衡确实到场、相关同席者也实际在场，且已接入的正常新图与该画面吻合时，输出[洛玉衡][肛交][10]。未换图或场景不符时不调用此编号。","","正常图片待接入"
"洛玉衡","出行护送","足交","1","洛玉衡/足交/1.png","https://cdn.jsdelivr.net/gh/lsr756480586-dev/baicao-images@main/%E6%B4%9B%E7%8E%89%E8%A1%A1/%E8%B6%B3%E4%BA%A4/1.png","https://cdn.jsdelivr.net/gh/Yehehua1311/mu-pig@main/%E8%8E%89%E5%A8%9C/nsfw/%E8%B6%B3%E4%BA%A4/%E8%8E%89%E5%A8%9C_nsfw_%E8%B6%B3%E4%BA%A4_1.png","人物实际随队采购、护送流民、巡守或赶路，并出现与图片对应的出发、行进、避雨、歇脚或归来情境。","洛玉衡在百草园院门核对出行物品后准备出发；半身构图，突出人物与关键物件；正常衣着、非露骨画面。","仅在上述场景实际发生、洛玉衡确实到场、相关同席者也实际在场，且已接入的正常新图与该画面吻合时，输出[洛玉衡][足交][1]。未换图或场景不符时不调用此编号。","","正常图片待接入"
"洛玉衡","出行护送","足交","2","洛玉衡/足交/2.png","https://cdn.jsdelivr.net/gh/lsr756480586-dev/baicao-images@main/%E6%B4%9B%E7%8E%89%E8%A1%A1/%E8%B6%B3%E4%BA%A4/2.png","https://cdn.jsdelivr.net/gh/Yehehua1311/mu-pig@main/%E8%8E%89%E5%A8%9C/nsfw/%E8%B6%B3%E4%BA%A4/%E8%8E%89%E5%A8%9C_nsfw_%E8%B6%B3%E4%BA%A4_2.png","人物实际随队采购、护送流民、巡守或赶路，并出现与图片对应的出发、行进、避雨、歇脚或归来情境。","洛玉衡在白帝城街道随队采购；半身构图，突出人物与关键物件；正常衣着、非露骨画面。","仅在上述场景实际发生、洛玉衡确实到场、相关同席者也实际在场，且已接入的正常新图与该画面吻合时，输出[洛玉衡][足交][2]。未换图或场景不符时不调用此编号。","","正常图片待接入"
"洛玉衡","出行护送","足交","3","洛玉衡/足交/3.png","https://cdn.jsdelivr.net/gh/lsr756480586-dev/baicao-images@main/%E6%B4%9B%E7%8E%89%E8%A1%A1/%E8%B6%B3%E4%BA%A4/3.png","https://cdn.jsdelivr.net/gh/Yehehua1311/mu-pig@main/%E8%8E%89%E5%A8%9C/nsfw/%E8%B6%B3%E4%BA%A4/%E8%8E%89%E5%A8%9C_nsfw_%E8%B6%B3%E4%BA%A4_3.png","人物实际随队采购、护送流民、巡守或赶路，并出现与图片对应的出发、行进、避雨、歇脚或归来情境。","洛玉衡在青州城城门与同行者核对路引；半身构图，突出人物与关键物件；正常衣着、非露骨画面。","仅在上述场景实际发生、洛玉衡确实到场、相关同席者也实际在场，且已接入的正常新图与该画面吻合时，输出[洛玉衡][足交][3]。未换图或场景不符时不调用此编号。","","正常图片待接入"
"洛玉衡","出行护送","足交","4","洛玉衡/足交/4.png","https://cdn.jsdelivr.net/gh/lsr756480586-dev/baicao-images@main/%E6%B4%9B%E7%8E%89%E8%A1%A1/%E8%B6%B3%E4%BA%A4/4.png","https://cdn.jsdelivr.net/gh/Yehehua1311/mu-pig@main/%E8%8E%89%E5%A8%9C/nsfw/%E8%B6%B3%E4%BA%A4/%E8%8E%89%E5%A8%9C_nsfw_%E8%B6%B3%E4%BA%A4_4.png","人物实际随队采购、护送流民、巡守或赶路，并出现与图片对应的出发、行进、避雨、歇脚或归来情境。","洛玉衡在商路途中与队伍短暂停步；半身构图，突出人物与关键物件；正常衣着、非露骨画面。","仅在上述场景实际发生、洛玉衡确实到场、相关同席者也实际在场，且已接入的正常新图与该画面吻合时，输出[洛玉衡][足交][4]。未换图或场景不符时不调用此编号。","","正常图片待接入"
"洛玉衡","出行护送","足交","5","洛玉衡/足交/5.png","https://cdn.jsdelivr.net/gh/lsr756480586-dev/baicao-images@main/%E6%B4%9B%E7%8E%89%E8%A1%A1/%E8%B6%B3%E4%BA%A4/5.png","https://cdn.jsdelivr.net/gh/Yehehua1311/mu-pig@main/%E8%8E%89%E5%A8%9C/nsfw/%E8%B6%B3%E4%BA%A4/%E8%8E%89%E5%A8%9C_nsfw_%E8%B6%B3%E4%BA%A4_5.png","人物实际随队采购、护送流民、巡守或赶路，并出现与图片对应的出发、行进、避雨、歇脚或归来情境。","洛玉衡在客栈厅内查看实际路线与剑术札记；半身构图，突出人物与关键物件；正常衣着、非露骨画面。","仅在上述场景实际发生、洛玉衡确实到场、相关同席者也实际在场，且已接入的正常新图与该画面吻合时，输出[洛玉衡][足交][5]。未换图或场景不符时不调用此编号。","","正常图片待接入"
"洛玉衡","出行护送","足交","6","洛玉衡/足交/6.png","https://cdn.jsdelivr.net/gh/lsr756480586-dev/baicao-images@main/%E6%B4%9B%E7%8E%89%E8%A1%A1/%E8%B6%B3%E4%BA%A4/6.png","https://cdn.jsdelivr.net/gh/Yehehua1311/mu-pig@main/%E8%8E%89%E5%A8%9C/nsfw/%E8%B6%B3%E4%BA%A4/%E8%8E%89%E5%A8%9C_nsfw_%E8%B6%B3%E4%BA%A4_6.png","人物实际随队采购、护送流民、巡守或赶路，并出现与图片对应的出发、行进、避雨、歇脚或归来情境。","洛玉衡在有顶棚的驿站与同行者避雨；半身构图，突出人物与关键物件；正常衣着、非露骨画面。","仅在上述场景实际发生、洛玉衡确实到场、相关同席者也实际在场，且已接入的正常新图与该画面吻合时，输出[洛玉衡][足交][6]。未换图或场景不符时不调用此编号。","","正常图片待接入"
"洛玉衡","出行护送","足交","7","洛玉衡/足交/7.png","https://cdn.jsdelivr.net/gh/lsr756480586-dev/baicao-images@main/%E6%B4%9B%E7%8E%89%E8%A1%A1/%E8%B6%B3%E4%BA%A4/7.png","https://cdn.jsdelivr.net/gh/Yehehua1311/mu-pig@main/%E8%8E%89%E5%A8%9C/nsfw/%E8%B6%B3%E4%BA%A4/%E8%8E%89%E5%A8%9C_nsfw_%E8%B6%B3%E4%BA%A4_7.png","人物实际随队采购、护送流民、巡守或赶路，并出现与图片对应的出发、行进、避雨、歇脚或归来情境。","洛玉衡在室内歇脚间递水并整理护身符；半身构图，突出人物与关键物件；正常衣着、非露骨画面。","仅在上述场景实际发生、洛玉衡确实到场、相关同席者也实际在场，且已接入的正常新图与该画面吻合时，输出[洛玉衡][足交][7]。未换图或场景不符时不调用此编号。","","正常图片待接入"
"洛玉衡","私室交谈","口交","1","洛玉衡/口交/1.png","https://cdn.jsdelivr.net/gh/lsr756480586-dev/baicao-images@main/%E6%B4%9B%E7%8E%89%E8%A1%A1/%E5%8F%A3%E4%BA%A4/1.png","https://cdn.jsdelivr.net/gh/Yehehua1311/mu-pig@main/%E8%8E%89%E5%A8%9C/nsfw/%E5%8F%A3%E4%BA%A4/%E8%8E%89%E5%A8%9C_nsfw_%E5%8F%A3%E4%BA%A4_1.png","人物与园主或其他成员确实共同处于书房、茶间、休息室或客房，进行商议、倾诉旧事、解释顾虑或表达关心；亲近按既定人物关系发展。","洛玉衡在私人书房与园主同看剑术札记；半身构图，突出人物与关键物件；正常衣着、非露骨画面。","仅在上述场景实际发生、洛玉衡确实到场、相关同席者也实际在场，且已接入的正常新图与该画面吻合时，输出[洛玉衡][口交][1]。未换图或场景不符时不调用此编号。","","正常图片待接入"
"洛玉衡","私室交谈","口交","2","洛玉衡/口交/2.png","https://cdn.jsdelivr.net/gh/lsr756480586-dev/baicao-images@main/%E6%B4%9B%E7%8E%89%E8%A1%A1/%E5%8F%A3%E4%BA%A4/2.png","https://cdn.jsdelivr.net/gh/Yehehua1311/mu-pig@main/%E8%8E%89%E5%A8%9C/nsfw/%E5%8F%A3%E4%BA%A4/%E8%8E%89%E5%A8%9C_nsfw_%E5%8F%A3%E4%BA%A4_2.png","人物与园主或其他成员确实共同处于书房、茶间、休息室或客房，进行商议、倾诉旧事、解释顾虑或表达关心；亲近按既定人物关系发展。","洛玉衡在室内茶间说起个人生活愿望；半身构图，突出人物与关键物件；正常衣着、非露骨画面。","仅在上述场景实际发生、洛玉衡确实到场、相关同席者也实际在场，且已接入的正常新图与该画面吻合时，输出[洛玉衡][口交][2]。未换图或场景不符时不调用此编号。","","正常图片待接入"
"洛玉衡","私室交谈","口交","3","洛玉衡/口交/3.png","https://cdn.jsdelivr.net/gh/lsr756480586-dev/baicao-images@main/%E6%B4%9B%E7%8E%89%E8%A1%A1/%E5%8F%A3%E4%BA%A4/3.png","https://cdn.jsdelivr.net/gh/Yehehua1311/mu-pig@main/%E8%8E%89%E5%A8%9C/nsfw/%E5%8F%A3%E4%BA%A4/%E8%8E%89%E5%A8%9C_nsfw_%E5%8F%A3%E4%BA%A4_3.png","人物与园主或其他成员确实共同处于书房、茶间、休息室或客房，进行商议、倾诉旧事、解释顾虑或表达关心；亲近按既定人物关系发展。","洛玉衡在住处待客间谈论已经发生的旧事；半身构图，突出人物与关键物件；正常衣着、非露骨画面。","仅在上述场景实际发生、洛玉衡确实到场、相关同席者也实际在场，且已接入的正常新图与该画面吻合时，输出[洛玉衡][口交][3]。未换图或场景不符时不调用此编号。","","正常图片待接入"
"洛玉衡","私室交谈","口交","4","洛玉衡/口交/4.png","https://cdn.jsdelivr.net/gh/lsr756480586-dev/baicao-images@main/%E6%B4%9B%E7%8E%89%E8%A1%A1/%E5%8F%A3%E4%BA%A4/4.png","https://cdn.jsdelivr.net/gh/Yehehua1311/mu-pig@main/%E8%8E%89%E5%A8%9C/nsfw/%E5%8F%A3%E4%BA%A4/%E8%8E%89%E5%A8%9C_nsfw_%E5%8F%A3%E4%BA%A4_4.png","人物与园主或其他成员确实共同处于书房、茶间、休息室或客房，进行商议、倾诉旧事、解释顾虑或表达关心；亲近按既定人物关系发展。","洛玉衡在关门的休息室说明工作顾虑；半身构图，突出人物与关键物件；正常衣着、非露骨画面。","仅在上述场景实际发生、洛玉衡确实到场、相关同席者也实际在场，且已接入的正常新图与该画面吻合时，输出[洛玉衡][口交][4]。未换图或场景不符时不调用此编号。","","正常图片待接入"
"洛玉衡","私室交谈","口交","5","洛玉衡/口交/5.png","https://cdn.jsdelivr.net/gh/lsr756480586-dev/baicao-images@main/%E6%B4%9B%E7%8E%89%E8%A1%A1/%E5%8F%A3%E4%BA%A4/5.png","https://cdn.jsdelivr.net/gh/Yehehua1311/mu-pig@main/%E8%8E%89%E5%A8%9C/nsfw/%E5%8F%A3%E4%BA%A4/%E8%8E%89%E5%A8%9C_nsfw_%E5%8F%A3%E4%BA%A4_5.png","人物与园主或其他成员确实共同处于书房、茶间、休息室或客房，进行商议、倾诉旧事、解释顾虑或表达关心；亲近按既定人物关系发展。","洛玉衡在私人小厅向园主解释一场实际争议；半身构图，突出人物与关键物件；正常衣着、非露骨画面。","仅在上述场景实际发生、洛玉衡确实到场、相关同席者也实际在场，且已接入的正常新图与该画面吻合时，输出[洛玉衡][口交][5]。未换图或场景不符时不调用此编号。","","正常图片待接入"
"洛玉衡","私室交谈","口交","6","洛玉衡/口交/6.png","https://cdn.jsdelivr.net/gh/lsr756480586-dev/baicao-images@main/%E6%B4%9B%E7%8E%89%E8%A1%A1/%E5%8F%A3%E4%BA%A4/6.png","https://cdn.jsdelivr.net/gh/Yehehua1311/mu-pig@main/%E8%8E%89%E5%A8%9C/nsfw/%E5%8F%A3%E4%BA%A4/%E8%8E%89%E5%A8%9C_nsfw_%E5%8F%A3%E4%BA%A4_6.png","人物与园主或其他成员确实共同处于书房、茶间、休息室或客房，进行商议、倾诉旧事、解释顾虑或表达关心；亲近按既定人物关系发展。","洛玉衡在雨夜书房与园主共读地方志；半身构图，突出人物与关键物件；正常衣着、非露骨画面。","仅在上述场景实际发生、洛玉衡确实到场、相关同席者也实际在场，且已接入的正常新图与该画面吻合时，输出[洛玉衡][口交][6]。未换图或场景不符时不调用此编号。","","正常图片待接入"
"洛玉衡","私室交谈","口交","7","洛玉衡/口交/7.png","https://cdn.jsdelivr.net/gh/lsr756480586-dev/baicao-images@main/%E6%B4%9B%E7%8E%89%E8%A1%A1/%E5%8F%A3%E4%BA%A4/7.png","https://cdn.jsdelivr.net/gh/Yehehua1311/mu-pig@main/%E8%8E%89%E5%A8%9C/nsfw/%E5%8F%A3%E4%BA%A4/%E8%8E%89%E5%A8%9C_nsfw_%E5%8F%A3%E4%BA%A4_7.png","人物与园主或其他成员确实共同处于书房、茶间、休息室或客房，进行商议、倾诉旧事、解释顾虑或表达关心；亲近按既定人物关系发展。","洛玉衡在室内与另一位实际到场的成员商议护身符；半身构图，突出人物与关键物件；正常衣着、非露骨画面。","仅在上述场景实际发生、洛玉衡确实到场、相关同席者也实际在场，且已接入的正常新图与该画面吻合时，输出[洛玉衡][口交][7]。未换图或场景不符时不调用此编号。","","正常图片待接入"
"洛玉衡","私室交谈","口交","8","洛玉衡/口交/8.png","https://cdn.jsdelivr.net/gh/lsr756480586-dev/baicao-images@main/%E6%B4%9B%E7%8E%89%E8%A1%A1/%E5%8F%A3%E4%BA%A4/8.png","https://cdn.jsdelivr.net/gh/Yehehua1311/mu-pig@main/%E8%8E%89%E5%A8%9C/nsfw/%E5%8F%A3%E4%BA%A4/%E8%8E%89%E5%A8%9C_nsfw_%E5%8F%A3%E4%BA%A4_8.png","人物与园主或其他成员确实共同处于书房、茶间、休息室或客房，进行商议、倾诉旧事、解释顾虑或表达关心；亲近按既定人物关系发展。","洛玉衡在茶案旁表达关心并递上热茶；半身构图，突出人物与关键物件；正常衣着、非露骨画面。","仅在上述场景实际发生、洛玉衡确实到场、相关同席者也实际在场，且已接入的正常新图与该画面吻合时，输出[洛玉衡][口交][8]。未换图或场景不符时不调用此编号。","","正常图片待接入"
"洛玉衡","协作修习","性交","1","洛玉衡/性交/1.png","https://cdn.jsdelivr.net/gh/lsr756480586-dev/baicao-images@main/%E6%B4%9B%E7%8E%89%E8%A1%A1/%E6%80%A7%E4%BA%A4/1.png","https://cdn.jsdelivr.net/gh/Yehehua1311/mu-pig@main/%E8%8E%89%E5%A8%9C/nsfw/%E6%80%A7%E4%BA%A4/%E8%8E%89%E5%A8%9C_nsfw_%E6%80%A7%E4%BA%A4_1.png","人物实际在场，共同研习术法、调试符器、练剑、试制农具兵器或协作完成一项工作，出现与图片对应的操作、指点或成果展示。","洛玉衡在工作间与同席者核对剑术札记的操作或记录步骤；半身构图，突出人物与关键物件；正常衣着、非露骨画面。","仅在上述场景实际发生、洛玉衡确实到场、相关同席者也实际在场，且已接入的正常新图与该画面吻合时，输出[洛玉衡][性交][1]。未换图或场景不符时不调用此编号。","","正常图片待接入"
"洛玉衡","协作修习","性交","2","洛玉衡/性交/2.png","https://cdn.jsdelivr.net/gh/lsr756480586-dev/baicao-images@main/%E6%B4%9B%E7%8E%89%E8%A1%A1/%E6%80%A7%E4%BA%A4/2.png","https://cdn.jsdelivr.net/gh/Yehehua1311/mu-pig@main/%E8%8E%89%E5%A8%9C/nsfw/%E6%80%A7%E4%BA%A4/%E8%8E%89%E5%A8%9C_nsfw_%E6%80%A7%E4%BA%A4_2.png","人物实际在场，共同研习术法、调试符器、练剑、试制农具兵器或协作完成一项工作，出现与图片对应的操作、指点或成果展示。","洛玉衡在室内向园主展示与药材清单有关的专业方法；半身构图，突出人物与关键物件；正常衣着、非露骨画面。","仅在上述场景实际发生、洛玉衡确实到场、相关同席者也实际在场，且已接入的正常新图与该画面吻合时，输出[洛玉衡][性交][2]。未换图或场景不符时不调用此编号。","","正常图片待接入"
"洛玉衡","协作修习","性交","3","洛玉衡/性交/3.png","https://cdn.jsdelivr.net/gh/lsr756480586-dev/baicao-images@main/%E6%B4%9B%E7%8E%89%E8%A1%A1/%E6%80%A7%E4%BA%A4/3.png","https://cdn.jsdelivr.net/gh/Yehehua1311/mu-pig@main/%E8%8E%89%E5%A8%9C/nsfw/%E6%80%A7%E4%BA%A4/%E8%8E%89%E5%A8%9C_nsfw_%E6%80%A7%E4%BA%A4_3.png","人物实际在场，共同研习术法、调试符器、练剑、试制农具兵器或协作完成一项工作，出现与图片对应的操作、指点或成果展示。","洛玉衡在工坊参与一项已有能力范围内的协作任务；半身构图，突出人物与关键物件；正常衣着、非露骨画面。","仅在上述场景实际发生、洛玉衡确实到场、相关同席者也实际在场，且已接入的正常新图与该画面吻合时，输出[洛玉衡][性交][3]。未换图或场景不符时不调用此编号。","","正常图片待接入"
"洛玉衡","协作修习","性交","4","洛玉衡/性交/4.png","https://cdn.jsdelivr.net/gh/lsr756480586-dev/baicao-images@main/%E6%B4%9B%E7%8E%89%E8%A1%A1/%E6%80%A7%E4%BA%A4/4.png","https://cdn.jsdelivr.net/gh/Yehehua1311/mu-pig@main/%E8%8E%89%E5%A8%9C/nsfw/%E6%80%A7%E4%BA%A4/%E8%8E%89%E5%A8%9C_nsfw_%E6%80%A7%E4%BA%A4_4.png","人物实际在场，共同研习术法、调试符器、练剑、试制农具兵器或协作完成一项工作，出现与图片对应的操作、指点或成果展示。","洛玉衡在书房与同席者共同推演护身符；半身构图，突出人物与关键物件；正常衣着、非露骨画面。","仅在上述场景实际发生、洛玉衡确实到场、相关同席者也实际在场，且已接入的正常新图与该画面吻合时，输出[洛玉衡][性交][4]。未换图或场景不符时不调用此编号。","","正常图片待接入"
"洛玉衡","协作修习","性交","5","洛玉衡/性交/5.png","https://cdn.jsdelivr.net/gh/lsr756480586-dev/baicao-images@main/%E6%B4%9B%E7%8E%89%E8%A1%A1/%E6%80%A7%E4%BA%A4/5.png","https://cdn.jsdelivr.net/gh/Yehehua1311/mu-pig@main/%E8%8E%89%E5%A8%9C/nsfw/%E6%80%A7%E4%BA%A4/%E8%8E%89%E5%A8%9C_nsfw_%E6%80%A7%E4%BA%A4_5.png","人物实际在场，共同研习术法、调试符器、练剑、试制农具兵器或协作完成一项工作，出现与图片对应的操作、指点或成果展示。","洛玉衡在练习室学习基础护身动作，不额外获得高阶能力；半身构图，突出人物与关键物件；正常衣着、非露骨画面。","仅在上述场景实际发生、洛玉衡确实到场、相关同席者也实际在场，且已接入的正常新图与该画面吻合时，输出[洛玉衡][性交][5]。未换图或场景不符时不调用此编号。","","正常图片待接入"
"洛玉衡","协作修习","性交","6","洛玉衡/性交/6.png","https://cdn.jsdelivr.net/gh/lsr756480586-dev/baicao-images@main/%E6%B4%9B%E7%8E%89%E8%A1%A1/%E6%80%A7%E4%BA%A4/6.png","https://cdn.jsdelivr.net/gh/Yehehua1311/mu-pig@main/%E8%8E%89%E5%A8%9C/nsfw/%E6%80%A7%E4%BA%A4/%E8%8E%89%E5%A8%9C_nsfw_%E6%80%A7%E4%BA%A4_6.png","人物实际在场，共同研习术法、调试符器、练剑、试制农具兵器或协作完成一项工作，出现与图片对应的操作、指点或成果展示。","洛玉衡在工作台旁协助记录一次实际测试结果；半身构图，突出人物与关键物件；正常衣着、非露骨画面。","仅在上述场景实际发生、洛玉衡确实到场、相关同席者也实际在场，且已接入的正常新图与该画面吻合时，输出[洛玉衡][性交][6]。未换图或场景不符时不调用此编号。","","正常图片待接入"
"洛玉衡","协作修习","性交","7","洛玉衡/性交/7.png","https://cdn.jsdelivr.net/gh/lsr756480586-dev/baicao-images@main/%E6%B4%9B%E7%8E%89%E8%A1%A1/%E6%80%A7%E4%BA%A4/7.png","https://cdn.jsdelivr.net/gh/Yehehua1311/mu-pig@main/%E8%8E%89%E5%A8%9C/nsfw/%E6%80%A7%E4%BA%A4/%E8%8E%89%E5%A8%9C_nsfw_%E6%80%A7%E4%BA%A4_7.png","人物实际在场，共同研习术法、调试符器、练剑、试制农具兵器或协作完成一项工作，出现与图片对应的操作、指点或成果展示。","洛玉衡在室内向实际到场的成员请教一个具体问题；半身构图，突出人物与关键物件；正常衣着、非露骨画面。","仅在上述场景实际发生、洛玉衡确实到场、相关同席者也实际在场，且已接入的正常新图与该画面吻合时，输出[洛玉衡][性交][7]。未换图或场景不符时不调用此编号。","","正常图片待接入"
"洛玉衡","协作修习","性交","8","洛玉衡/性交/8.png","https://cdn.jsdelivr.net/gh/lsr756480586-dev/baicao-images@main/%E6%B4%9B%E7%8E%89%E8%A1%A1/%E6%80%A7%E4%BA%A4/8.png","https://cdn.jsdelivr.net/gh/Yehehua1311/mu-pig@main/%E8%8E%89%E5%A8%9C/nsfw/%E6%80%A7%E4%BA%A4/%E8%8E%89%E5%A8%9C_nsfw_%E6%80%A7%E4%BA%A4_8.png","人物实际在场，共同研习术法、调试符器、练剑、试制农具兵器或协作完成一项工作，出现与图片对应的操作、指点或成果展示。","洛玉衡在完成协作后展示已制作或整理的成果；半身构图，突出人物与关键物件；正常衣着、非露骨画面。","仅在上述场景实际发生、洛玉衡确实到场、相关同席者也实际在场，且已接入的正常新图与该画面吻合时，输出[洛玉衡][性交][8]。未换图或场景不符时不调用此编号。","","正常图片待接入"
"洛玉衡","协作修习","性交","9","洛玉衡/性交/9.png","https://cdn.jsdelivr.net/gh/lsr756480586-dev/baicao-images@main/%E6%B4%9B%E7%8E%89%E8%A1%A1/%E6%80%A7%E4%BA%A4/9.png","https://cdn.jsdelivr.net/gh/Yehehua1311/mu-pig@main/%E8%8E%89%E5%A8%9C/nsfw/%E6%80%A7%E4%BA%A4/%E8%8E%89%E5%A8%9C_nsfw_%E6%80%A7%E4%BA%A4_9.png","人物实际在场，共同研习术法、调试符器、练剑、试制农具兵器或协作完成一项工作，出现与图片对应的操作、指点或成果展示。","洛玉衡在遇到失误时指认问题并重新核对步骤；半身构图，突出人物与关键物件；正常衣着、非露骨画面。","仅在上述场景实际发生、洛玉衡确实到场、相关同席者也实际在场，且已接入的正常新图与该画面吻合时，输出[洛玉衡][性交][9]。未换图或场景不符时不调用此编号。","","正常图片待接入"
"洛玉衡","协作修习","性交","10","洛玉衡/性交/10.png","https://cdn.jsdelivr.net/gh/lsr756480586-dev/baicao-images@main/%E6%B4%9B%E7%8E%89%E8%A1%A1/%E6%80%A7%E4%BA%A4/10.png","https://cdn.jsdelivr.net/gh/Yehehua1311/mu-pig@main/%E8%8E%89%E5%A8%9C/nsfw/%E6%80%A7%E4%BA%A4/%E8%8E%89%E5%A8%9C_nsfw_%E6%80%A7%E4%BA%A4_10.png","人物实际在场，共同研习术法、调试符器、练剑、试制农具兵器或协作完成一项工作，出现与图片对应的操作、指点或成果展示。","洛玉衡在休息室与同席者总结已经完成的练习；半身构图，突出人物与关键物件；正常衣着、非露骨画面。","仅在上述场景实际发生、洛玉衡确实到场、相关同席者也实际在场，且已接入的正常新图与该画面吻合时，输出[洛玉衡][性交][10]。未换图或场景不符时不调用此编号。","","正常图片待接入"
"洛玉衡","协作修习","性交","11","洛玉衡/性交/11.png","https://cdn.jsdelivr.net/gh/lsr756480586-dev/baicao-images@main/%E6%B4%9B%E7%8E%89%E8%A1%A1/%E6%80%A7%E4%BA%A4/11.png","https://cdn.jsdelivr.net/gh/Yehehua1311/mu-pig@main/%E8%8E%89%E5%A8%9C/nsfw/%E6%80%A7%E4%BA%A4/%E8%8E%89%E5%A8%9C_nsfw_%E6%80%A7%E4%BA%A4_11.png","人物实际在场，共同研习术法、调试符器、练剑、试制农具兵器或协作完成一项工作，出现与图片对应的操作、指点或成果展示。","洛玉衡在工作间与同席者核对剑术札记的操作或记录步骤；较宽构图，交代人物与场所；正常衣着、非露骨画面。","仅在上述场景实际发生、洛玉衡确实到场、相关同席者也实际在场，且已接入的正常新图与该画面吻合时，输出[洛玉衡][性交][11]。未换图或场景不符时不调用此编号。","","正常图片待接入"
"柳神","立绘","","","柳神/立绘.png","https://cdn.jsdelivr.net/gh/lsr756480586-dev/baicao-images@main/%E6%9F%B3%E7%A5%9E/%E7%AB%8B%E7%BB%98.png","https://cdn.jsdelivr.net/gh/Yehehua1311/mu-pig@main/%E7%8E%9B%E5%98%89%E7%83%88%C2%B7%E4%B8%B4%E5%85%89/sfw/%E7%8E%9B%E5%98%89%E7%83%88%C2%B7%E4%B8%B4%E5%85%89_sfw_1.png","在人物菜单、状态栏或人物图库中显示该人物时使用。","柳神身着已确定的日常衣装，正面人物立绘，背景简洁。","人物菜单、状态栏或图库实际显示该人物时使用。","","立绘"
"柳神","日常","sfw","1","柳神/sfw/1.png","https://cdn.jsdelivr.net/gh/lsr756480586-dev/baicao-images@main/%E6%9F%B3%E7%A5%9E/sfw/1.png","https://cdn.jsdelivr.net/gh/Yehehua1311/mu-pig@main/%E7%8E%9B%E5%98%89%E7%83%88%C2%B7%E4%B8%B4%E5%85%89/sfw/%E7%8E%9B%E5%98%89%E7%83%88%C2%B7%E4%B8%B4%E5%85%89_sfw_1.png","人物实际在场，进行园务汇报、种粮育药、修器织染、用餐饮茶或公开会面，且画面适合当前情节。","柳神在岗位工作间展示护送路线图并汇报进展；半身构图，突出人物与关键物件；正常衣着、非露骨画面。","仅在上述场景实际发生、柳神确实到场、相关同席者也实际在场，且已接入的正常新图与该画面吻合时，输出[柳神][sfw][1]。未换图或场景不符时不调用此编号。","","暂用原日常图，新画面计划待接入"
"柳神","日常","sfw","2","柳神/sfw/2.png","https://cdn.jsdelivr.net/gh/lsr756480586-dev/baicao-images@main/%E6%9F%B3%E7%A5%9E/sfw/2.png","https://cdn.jsdelivr.net/gh/Yehehua1311/mu-pig@main/%E7%8E%9B%E5%98%89%E7%83%88%C2%B7%E4%B8%B4%E5%85%89/sfw/%E7%8E%9B%E5%98%89%E7%83%88%C2%B7%E4%B8%B4%E5%85%89_sfw_2.png","人物实际在场，进行园务汇报、种粮育药、修器织染、用餐饮茶或公开会面，且画面适合当前情节。","柳神在室内茶间准备清茶；半身构图，突出人物与关键物件；正常衣着、非露骨画面。","仅在上述场景实际发生、柳神确实到场、相关同席者也实际在场，且已接入的正常新图与该画面吻合时，输出[柳神][sfw][2]。未换图或场景不符时不调用此编号。","","暂用原日常图，新画面计划待接入"
"柳神","日常","sfw","3","柳神/sfw/3.png","https://cdn.jsdelivr.net/gh/lsr756480586-dev/baicao-images@main/%E6%9F%B3%E7%A5%9E/sfw/3.png","https://cdn.jsdelivr.net/gh/Yehehua1311/mu-pig@main/%E7%8E%9B%E5%98%89%E7%83%88%C2%B7%E4%B8%B4%E5%85%89/sfw/%E7%8E%9B%E5%98%89%E7%83%88%C2%B7%E4%B8%B4%E5%85%89_sfw_3.png","人物实际在场，进行园务汇报、种粮育药、修器织染、用餐饮茶或公开会面，且画面适合当前情节。","柳神在窗边翻阅与流民名册有关的记录；半身构图，突出人物与关键物件；正常衣着、非露骨画面。","仅在上述场景实际发生、柳神确实到场、相关同席者也实际在场，且已接入的正常新图与该画面吻合时，输出[柳神][sfw][3]。未换图或场景不符时不调用此编号。","","暂用原日常图，新画面计划待接入"
"柳神","日常","sfw","4","柳神/sfw/4.png","https://cdn.jsdelivr.net/gh/lsr756480586-dev/baicao-images@main/%E6%9F%B3%E7%A5%9E/sfw/4.png","https://cdn.jsdelivr.net/gh/Yehehua1311/mu-pig@main/%E7%8E%9B%E5%98%89%E7%83%88%C2%B7%E4%B8%B4%E5%85%89/sfw/%E7%8E%9B%E5%98%89%E7%83%88%C2%B7%E4%B8%B4%E5%85%89_sfw_4.png","人物实际在场，进行园务汇报、种粮育药、修器织染、用餐饮茶或公开会面，且画面适合当前情节。","柳神在工作结束后收整补给清单；半身构图，突出人物与关键物件；正常衣着、非露骨画面。","仅在上述场景实际发生、柳神确实到场、相关同席者也实际在场，且已接入的正常新图与该画面吻合时，输出[柳神][sfw][4]。未换图或场景不符时不调用此编号。","","暂用原日常图，新画面计划待接入"
"柳神","日常","sfw","5","柳神/sfw/5.png","https://cdn.jsdelivr.net/gh/lsr756480586-dev/baicao-images@main/%E6%9F%B3%E7%A5%9E/sfw/5.png","https://cdn.jsdelivr.net/gh/Yehehua1311/mu-pig@main/%E7%8E%9B%E5%98%89%E7%83%88%C2%B7%E4%B8%B4%E5%85%89/sfw/%E7%8E%9B%E5%98%89%E7%83%88%C2%B7%E4%B8%B4%E5%85%89_sfw_5.png","人物实际在场，进行园务汇报、种粮育药、修器织染、用餐饮茶或公开会面，且画面适合当前情节。","柳神在白帝城商铺挑选生活物资；半身构图，突出人物与关键物件；正常衣着、非露骨画面。","仅在上述场景实际发生、柳神确实到场、相关同席者也实际在场，且已接入的正常新图与该画面吻合时，输出[柳神][sfw][5]。未换图或场景不符时不调用此编号。","","暂用原日常图，新画面计划待接入"
"柳神","日常","sfw","6","柳神/sfw/6.png","https://cdn.jsdelivr.net/gh/lsr756480586-dev/baicao-images@main/%E6%9F%B3%E7%A5%9E/sfw/6.png","https://cdn.jsdelivr.net/gh/Yehehua1311/mu-pig@main/%E7%8E%9B%E5%98%89%E7%83%88%C2%B7%E4%B8%B4%E5%85%89/sfw/%E7%8E%9B%E5%98%89%E7%83%88%C2%B7%E4%B8%B4%E5%85%89_sfw_6.png","人物实际在场，进行园务汇报、种粮育药、修器织染、用餐饮茶或公开会面，且画面适合当前情节。","柳神在青州城客栈核对随身物品；半身构图，突出人物与关键物件；正常衣着、非露骨画面。","仅在上述场景实际发生、柳神确实到场、相关同席者也实际在场，且已接入的正常新图与该画面吻合时，输出[柳神][sfw][6]。未换图或场景不符时不调用此编号。","","暂用原日常图，新画面计划待接入"
"柳神","日常","sfw","7","柳神/sfw/7.png","https://cdn.jsdelivr.net/gh/lsr756480586-dev/baicao-images@main/%E6%9F%B3%E7%A5%9E/sfw/7.png","https://cdn.jsdelivr.net/gh/Yehehua1311/mu-pig@main/%E7%8E%9B%E5%98%89%E7%83%88%C2%B7%E4%B8%B4%E5%85%89/sfw/%E7%8E%9B%E5%98%89%E7%83%88%C2%B7%E4%B8%B4%E5%85%89_sfw_7.png","人物实际在场，进行园务汇报、种粮育药、修器织染、用餐饮茶或公开会面，且画面适合当前情节。","柳神在百草园食堂同桌用餐；半身构图，突出人物与关键物件；正常衣着、非露骨画面。","仅在上述场景实际发生、柳神确实到场、相关同席者也实际在场，且已接入的正常新图与该画面吻合时，输出[柳神][sfw][7]。未换图或场景不符时不调用此编号。","","暂用原日常图，新画面计划待接入"
"柳神","诊疗照护","肛交","1","柳神/肛交/1.png","https://cdn.jsdelivr.net/gh/lsr756480586-dev/baicao-images@main/%E6%9F%B3%E7%A5%9E/%E8%82%9B%E4%BA%A4/1.png","https://cdn.jsdelivr.net/gh/Yehehua1311/mu-pig@main/%E7%8E%9B%E5%98%89%E7%83%88%C2%B7%E4%B8%B4%E5%85%89/nsfw/%E8%82%9B%E4%BA%A4/%E7%8E%9B%E5%98%89%E7%83%88%C2%B7%E4%B8%B4%E5%85%89_nsfw_%E8%82%9B%E4%BA%A4_1.png","人物实际在场，在药房、诊室或休养房间接受诊察、包扎、调息指导，或照料另一名同处室内的成员；使用正常衣着和非露骨画面。","柳神在药房接受药师询问，保持正常衣着；半身构图，突出人物与关键物件；正常衣着、非露骨画面。","仅在上述场景实际发生、柳神确实到场、相关同席者也实际在场，且已接入的正常新图与该画面吻合时，输出[柳神][肛交][1]。未换图或场景不符时不调用此编号。","","正常图片待接入"
"柳神","诊疗照护","肛交","2","柳神/肛交/2.png","https://cdn.jsdelivr.net/gh/lsr756480586-dev/baicao-images@main/%E6%9F%B3%E7%A5%9E/%E8%82%9B%E4%BA%A4/2.png","https://cdn.jsdelivr.net/gh/Yehehua1311/mu-pig@main/%E7%8E%9B%E5%98%89%E7%83%88%C2%B7%E4%B8%B4%E5%85%89/nsfw/%E8%82%9B%E4%BA%A4/%E7%8E%9B%E5%98%89%E7%83%88%C2%B7%E4%B8%B4%E5%85%89_nsfw_%E8%82%9B%E4%BA%A4_2.png","人物实际在场，在药房、诊室或休养房间接受诊察、包扎、调息指导，或照料另一名同处室内的成员；使用正常衣着和非露骨画面。","柳神在诊室就座，由医者检查手臂上的小伤；半身构图，突出人物与关键物件；正常衣着、非露骨画面。","仅在上述场景实际发生、柳神确实到场、相关同席者也实际在场，且已接入的正常新图与该画面吻合时，输出[柳神][肛交][2]。未换图或场景不符时不调用此编号。","","正常图片待接入"
"柳神","诊疗照护","肛交","3","柳神/肛交/3.png","https://cdn.jsdelivr.net/gh/lsr756480586-dev/baicao-images@main/%E6%9F%B3%E7%A5%9E/%E8%82%9B%E4%BA%A4/3.png","https://cdn.jsdelivr.net/gh/Yehehua1311/mu-pig@main/%E7%8E%9B%E5%98%89%E7%83%88%C2%B7%E4%B8%B4%E5%85%89/nsfw/%E8%82%9B%E4%BA%A4/%E7%8E%9B%E5%98%89%E7%83%88%C2%B7%E4%B8%B4%E5%85%89_nsfw_%E8%82%9B%E4%BA%A4_3.png","人物实际在场，在药房、诊室或休养房间接受诊察、包扎、调息指导，或照料另一名同处室内的成员；使用正常衣着和非露骨画面。","柳神在休养房间接过温水与药盏；半身构图，突出人物与关键物件；正常衣着、非露骨画面。","仅在上述场景实际发生、柳神确实到场、相关同席者也实际在场，且已接入的正常新图与该画面吻合时，输出[柳神][肛交][3]。未换图或场景不符时不调用此编号。","","正常图片待接入"
"柳神","诊疗照护","肛交","4","柳神/肛交/4.png","https://cdn.jsdelivr.net/gh/lsr756480586-dev/baicao-images@main/%E6%9F%B3%E7%A5%9E/%E8%82%9B%E4%BA%A4/4.png","https://cdn.jsdelivr.net/gh/Yehehua1311/mu-pig@main/%E7%8E%9B%E5%98%89%E7%83%88%C2%B7%E4%B8%B4%E5%85%89/nsfw/%E8%82%9B%E4%BA%A4/%E7%8E%9B%E5%98%89%E7%83%88%C2%B7%E4%B8%B4%E5%85%89_nsfw_%E8%82%9B%E4%BA%A4_4.png","人物实际在场，在药房、诊室或休养房间接受诊察、包扎、调息指导，或照料另一名同处室内的成员；使用正常衣着和非露骨画面。","柳神在医者指导下安静调息；半身构图，突出人物与关键物件；正常衣着、非露骨画面。","仅在上述场景实际发生、柳神确实到场、相关同席者也实际在场，且已接入的正常新图与该画面吻合时，输出[柳神][肛交][4]。未换图或场景不符时不调用此编号。","","正常图片待接入"
"柳神","诊疗照护","肛交","5","柳神/肛交/5.png","https://cdn.jsdelivr.net/gh/lsr756480586-dev/baicao-images@main/%E6%9F%B3%E7%A5%9E/%E8%82%9B%E4%BA%A4/5.png","https://cdn.jsdelivr.net/gh/Yehehua1311/mu-pig@main/%E7%8E%9B%E5%98%89%E7%83%88%C2%B7%E4%B8%B4%E5%85%89/nsfw/%E8%82%9B%E4%BA%A4/%E7%8E%9B%E5%98%89%E7%83%88%C2%B7%E4%B8%B4%E5%85%89_nsfw_%E8%82%9B%E4%BA%A4_5.png","人物实际在场，在药房、诊室或休养房间接受诊察、包扎、调息指导，或照料另一名同处室内的成员；使用正常衣着和非露骨画面。","柳神在室内为另一位实际到场的成员递送药包；半身构图，突出人物与关键物件；正常衣着、非露骨画面。","仅在上述场景实际发生、柳神确实到场、相关同席者也实际在场，且已接入的正常新图与该画面吻合时，输出[柳神][肛交][5]。未换图或场景不符时不调用此编号。","","正常图片待接入"
"柳神","诊疗照护","肛交","6","柳神/肛交/6.png","https://cdn.jsdelivr.net/gh/lsr756480586-dev/baicao-images@main/%E6%9F%B3%E7%A5%9E/%E8%82%9B%E4%BA%A4/6.png","https://cdn.jsdelivr.net/gh/Yehehua1311/mu-pig@main/%E7%8E%9B%E5%98%89%E7%83%88%C2%B7%E4%B8%B4%E5%85%89/nsfw/%E8%82%9B%E4%BA%A4/%E7%8E%9B%E5%98%89%E7%83%88%C2%B7%E4%B8%B4%E5%85%89_nsfw_%E8%82%9B%E4%BA%A4_6.png","人物实际在场，在药房、诊室或休养房间接受诊察、包扎、调息指导，或照料另一名同处室内的成员；使用正常衣着和非露骨画面。","柳神在休养室靠枕休息，室内有人陪伴；半身构图，突出人物与关键物件；正常衣着、非露骨画面。","仅在上述场景实际发生、柳神确实到场、相关同席者也实际在场，且已接入的正常新图与该画面吻合时，输出[柳神][肛交][6]。未换图或场景不符时不调用此编号。","","正常图片待接入"
"柳神","诊疗照护","肛交","7","柳神/肛交/7.png","https://cdn.jsdelivr.net/gh/lsr756480586-dev/baicao-images@main/%E6%9F%B3%E7%A5%9E/%E8%82%9B%E4%BA%A4/7.png","https://cdn.jsdelivr.net/gh/Yehehua1311/mu-pig@main/%E7%8E%9B%E5%98%89%E7%83%88%C2%B7%E4%B8%B4%E5%85%89/nsfw/%E8%82%9B%E4%BA%A4/%E7%8E%9B%E5%98%89%E7%83%88%C2%B7%E4%B8%B4%E5%85%89_nsfw_%E8%82%9B%E4%BA%A4_7.png","人物实际在场，在药房、诊室或休养房间接受诊察、包扎、调息指导，或照料另一名同处室内的成员；使用正常衣着和非露骨画面。","柳神在诊室核对实际处方和复诊安排；半身构图，突出人物与关键物件；正常衣着、非露骨画面。","仅在上述场景实际发生、柳神确实到场、相关同席者也实际在场，且已接入的正常新图与该画面吻合时，输出[柳神][肛交][7]。未换图或场景不符时不调用此编号。","","正常图片待接入"
"柳神","出行护送","足交","1","柳神/足交/1.png","https://cdn.jsdelivr.net/gh/lsr756480586-dev/baicao-images@main/%E6%9F%B3%E7%A5%9E/%E8%B6%B3%E4%BA%A4/1.png","https://cdn.jsdelivr.net/gh/Yehehua1311/mu-pig@main/%E7%8E%9B%E5%98%89%E7%83%88%C2%B7%E4%B8%B4%E5%85%89/nsfw/%E8%B6%B3%E4%BA%A4/%E7%8E%9B%E5%98%89%E7%83%88%C2%B7%E4%B8%B4%E5%85%89_nsfw_%E8%B6%B3%E4%BA%A4_1.png","人物实际随队采购、护送流民、巡守或赶路，并出现与图片对应的出发、行进、避雨、歇脚或归来情境。","柳神在百草园院门核对出行物品后准备出发；半身构图，突出人物与关键物件；正常衣着、非露骨画面。","仅在上述场景实际发生、柳神确实到场、相关同席者也实际在场，且已接入的正常新图与该画面吻合时，输出[柳神][足交][1]。未换图或场景不符时不调用此编号。","","正常图片待接入"
"柳神","出行护送","足交","2","柳神/足交/2.png","https://cdn.jsdelivr.net/gh/lsr756480586-dev/baicao-images@main/%E6%9F%B3%E7%A5%9E/%E8%B6%B3%E4%BA%A4/2.png","https://cdn.jsdelivr.net/gh/Yehehua1311/mu-pig@main/%E7%8E%9B%E5%98%89%E7%83%88%C2%B7%E4%B8%B4%E5%85%89/nsfw/%E8%B6%B3%E4%BA%A4/%E7%8E%9B%E5%98%89%E7%83%88%C2%B7%E4%B8%B4%E5%85%89_nsfw_%E8%B6%B3%E4%BA%A4_2.png","人物实际随队采购、护送流民、巡守或赶路，并出现与图片对应的出发、行进、避雨、歇脚或归来情境。","柳神在白帝城街道随队采购；半身构图，突出人物与关键物件；正常衣着、非露骨画面。","仅在上述场景实际发生、柳神确实到场、相关同席者也实际在场，且已接入的正常新图与该画面吻合时，输出[柳神][足交][2]。未换图或场景不符时不调用此编号。","","正常图片待接入"
"柳神","出行护送","足交","3","柳神/足交/3.png","https://cdn.jsdelivr.net/gh/lsr756480586-dev/baicao-images@main/%E6%9F%B3%E7%A5%9E/%E8%B6%B3%E4%BA%A4/3.png","https://cdn.jsdelivr.net/gh/Yehehua1311/mu-pig@main/%E7%8E%9B%E5%98%89%E7%83%88%C2%B7%E4%B8%B4%E5%85%89/nsfw/%E8%B6%B3%E4%BA%A4/%E7%8E%9B%E5%98%89%E7%83%88%C2%B7%E4%B8%B4%E5%85%89_nsfw_%E8%B6%B3%E4%BA%A4_3.png","人物实际随队采购、护送流民、巡守或赶路，并出现与图片对应的出发、行进、避雨、歇脚或归来情境。","柳神在青州城城门与同行者核对路引；半身构图，突出人物与关键物件；正常衣着、非露骨画面。","仅在上述场景实际发生、柳神确实到场、相关同席者也实际在场，且已接入的正常新图与该画面吻合时，输出[柳神][足交][3]。未换图或场景不符时不调用此编号。","","正常图片待接入"
"柳神","出行护送","足交","4","柳神/足交/4.png","https://cdn.jsdelivr.net/gh/lsr756480586-dev/baicao-images@main/%E6%9F%B3%E7%A5%9E/%E8%B6%B3%E4%BA%A4/4.png","https://cdn.jsdelivr.net/gh/Yehehua1311/mu-pig@main/%E7%8E%9B%E5%98%89%E7%83%88%C2%B7%E4%B8%B4%E5%85%89/nsfw/%E8%B6%B3%E4%BA%A4/%E7%8E%9B%E5%98%89%E7%83%88%C2%B7%E4%B8%B4%E5%85%89_nsfw_%E8%B6%B3%E4%BA%A4_4.png","人物实际随队采购、护送流民、巡守或赶路，并出现与图片对应的出发、行进、避雨、歇脚或归来情境。","柳神在商路途中与队伍短暂停步；半身构图，突出人物与关键物件；正常衣着、非露骨画面。","仅在上述场景实际发生、柳神确实到场、相关同席者也实际在场，且已接入的正常新图与该画面吻合时，输出[柳神][足交][4]。未换图或场景不符时不调用此编号。","","正常图片待接入"
"柳神","出行护送","足交","5","柳神/足交/5.png","https://cdn.jsdelivr.net/gh/lsr756480586-dev/baicao-images@main/%E6%9F%B3%E7%A5%9E/%E8%B6%B3%E4%BA%A4/5.png","https://cdn.jsdelivr.net/gh/Yehehua1311/mu-pig@main/%E7%8E%9B%E5%98%89%E7%83%88%C2%B7%E4%B8%B4%E5%85%89/nsfw/%E8%B6%B3%E4%BA%A4/%E7%8E%9B%E5%98%89%E7%83%88%C2%B7%E4%B8%B4%E5%85%89_nsfw_%E8%B6%B3%E4%BA%A4_5.png","人物实际随队采购、护送流民、巡守或赶路，并出现与图片对应的出发、行进、避雨、歇脚或归来情境。","柳神在客栈厅内查看实际路线与护送路线图；半身构图，突出人物与关键物件；正常衣着、非露骨画面。","仅在上述场景实际发生、柳神确实到场、相关同席者也实际在场，且已接入的正常新图与该画面吻合时，输出[柳神][足交][5]。未换图或场景不符时不调用此编号。","","正常图片待接入"
"柳神","出行护送","足交","6","柳神/足交/6.png","https://cdn.jsdelivr.net/gh/lsr756480586-dev/baicao-images@main/%E6%9F%B3%E7%A5%9E/%E8%B6%B3%E4%BA%A4/6.png","https://cdn.jsdelivr.net/gh/Yehehua1311/mu-pig@main/%E7%8E%9B%E5%98%89%E7%83%88%C2%B7%E4%B8%B4%E5%85%89/nsfw/%E8%B6%B3%E4%BA%A4/%E7%8E%9B%E5%98%89%E7%83%88%C2%B7%E4%B8%B4%E5%85%89_nsfw_%E8%B6%B3%E4%BA%A4_6.png","人物实际随队采购、护送流民、巡守或赶路，并出现与图片对应的出发、行进、避雨、歇脚或归来情境。","柳神在有顶棚的驿站与同行者避雨；半身构图，突出人物与关键物件；正常衣着、非露骨画面。","仅在上述场景实际发生、柳神确实到场、相关同席者也实际在场，且已接入的正常新图与该画面吻合时，输出[柳神][足交][6]。未换图或场景不符时不调用此编号。","","正常图片待接入"
"柳神","出行护送","足交","7","柳神/足交/7.png","https://cdn.jsdelivr.net/gh/lsr756480586-dev/baicao-images@main/%E6%9F%B3%E7%A5%9E/%E8%B6%B3%E4%BA%A4/7.png","https://cdn.jsdelivr.net/gh/Yehehua1311/mu-pig@main/%E7%8E%9B%E5%98%89%E7%83%88%C2%B7%E4%B8%B4%E5%85%89/nsfw/%E8%B6%B3%E4%BA%A4/%E7%8E%9B%E5%98%89%E7%83%88%C2%B7%E4%B8%B4%E5%85%89_nsfw_%E8%B6%B3%E4%BA%A4_7.png","人物实际随队采购、护送流民、巡守或赶路，并出现与图片对应的出发、行进、避雨、歇脚或归来情境。","柳神在室内歇脚间递水并整理补给清单；半身构图，突出人物与关键物件；正常衣着、非露骨画面。","仅在上述场景实际发生、柳神确实到场、相关同席者也实际在场，且已接入的正常新图与该画面吻合时，输出[柳神][足交][7]。未换图或场景不符时不调用此编号。","","正常图片待接入"
"柳神","私室交谈","口交","1","柳神/口交/1.png","https://cdn.jsdelivr.net/gh/lsr756480586-dev/baicao-images@main/%E6%9F%B3%E7%A5%9E/%E5%8F%A3%E4%BA%A4/1.png","https://cdn.jsdelivr.net/gh/Yehehua1311/mu-pig@main/%E7%8E%9B%E5%98%89%E7%83%88%C2%B7%E4%B8%B4%E5%85%89/nsfw/%E5%8F%A3%E4%BA%A4/%E7%8E%9B%E5%98%89%E7%83%88%C2%B7%E4%B8%B4%E5%85%89_nsfw_%E5%8F%A3%E4%BA%A4_1.png","人物与园主或其他成员确实共同处于书房、茶间、休息室或客房，进行商议、倾诉旧事、解释顾虑或表达关心；亲近按既定人物关系发展。","柳神在私人书房与园主同看护送路线图；半身构图，突出人物与关键物件；正常衣着、非露骨画面。","仅在上述场景实际发生、柳神确实到场、相关同席者也实际在场，且已接入的正常新图与该画面吻合时，输出[柳神][口交][1]。未换图或场景不符时不调用此编号。","","正常图片待接入"
"柳神","私室交谈","口交","2","柳神/口交/2.png","https://cdn.jsdelivr.net/gh/lsr756480586-dev/baicao-images@main/%E6%9F%B3%E7%A5%9E/%E5%8F%A3%E4%BA%A4/2.png","https://cdn.jsdelivr.net/gh/Yehehua1311/mu-pig@main/%E7%8E%9B%E5%98%89%E7%83%88%C2%B7%E4%B8%B4%E5%85%89/nsfw/%E5%8F%A3%E4%BA%A4/%E7%8E%9B%E5%98%89%E7%83%88%C2%B7%E4%B8%B4%E5%85%89_nsfw_%E5%8F%A3%E4%BA%A4_2.png","人物与园主或其他成员确实共同处于书房、茶间、休息室或客房，进行商议、倾诉旧事、解释顾虑或表达关心；亲近按既定人物关系发展。","柳神在室内茶间说起个人生活愿望；半身构图，突出人物与关键物件；正常衣着、非露骨画面。","仅在上述场景实际发生、柳神确实到场、相关同席者也实际在场，且已接入的正常新图与该画面吻合时，输出[柳神][口交][2]。未换图或场景不符时不调用此编号。","","正常图片待接入"
"柳神","私室交谈","口交","3","柳神/口交/3.png","https://cdn.jsdelivr.net/gh/lsr756480586-dev/baicao-images@main/%E6%9F%B3%E7%A5%9E/%E5%8F%A3%E4%BA%A4/3.png","https://cdn.jsdelivr.net/gh/Yehehua1311/mu-pig@main/%E7%8E%9B%E5%98%89%E7%83%88%C2%B7%E4%B8%B4%E5%85%89/nsfw/%E5%8F%A3%E4%BA%A4/%E7%8E%9B%E5%98%89%E7%83%88%C2%B7%E4%B8%B4%E5%85%89_nsfw_%E5%8F%A3%E4%BA%A4_3.png","人物与园主或其他成员确实共同处于书房、茶间、休息室或客房，进行商议、倾诉旧事、解释顾虑或表达关心；亲近按既定人物关系发展。","柳神在住处待客间谈论已经发生的旧事；半身构图，突出人物与关键物件；正常衣着、非露骨画面。","仅在上述场景实际发生、柳神确实到场、相关同席者也实际在场，且已接入的正常新图与该画面吻合时，输出[柳神][口交][3]。未换图或场景不符时不调用此编号。","","正常图片待接入"
"柳神","私室交谈","口交","4","柳神/口交/4.png","https://cdn.jsdelivr.net/gh/lsr756480586-dev/baicao-images@main/%E6%9F%B3%E7%A5%9E/%E5%8F%A3%E4%BA%A4/4.png","https://cdn.jsdelivr.net/gh/Yehehua1311/mu-pig@main/%E7%8E%9B%E5%98%89%E7%83%88%C2%B7%E4%B8%B4%E5%85%89/nsfw/%E5%8F%A3%E4%BA%A4/%E7%8E%9B%E5%98%89%E7%83%88%C2%B7%E4%B8%B4%E5%85%89_nsfw_%E5%8F%A3%E4%BA%A4_4.png","人物与园主或其他成员确实共同处于书房、茶间、休息室或客房，进行商议、倾诉旧事、解释顾虑或表达关心；亲近按既定人物关系发展。","柳神在关门的休息室说明工作顾虑；半身构图，突出人物与关键物件；正常衣着、非露骨画面。","仅在上述场景实际发生、柳神确实到场、相关同席者也实际在场，且已接入的正常新图与该画面吻合时，输出[柳神][口交][4]。未换图或场景不符时不调用此编号。","","正常图片待接入"
"柳神","私室交谈","口交","5","柳神/口交/5.png","https://cdn.jsdelivr.net/gh/lsr756480586-dev/baicao-images@main/%E6%9F%B3%E7%A5%9E/%E5%8F%A3%E4%BA%A4/5.png","https://cdn.jsdelivr.net/gh/Yehehua1311/mu-pig@main/%E7%8E%9B%E5%98%89%E7%83%88%C2%B7%E4%B8%B4%E5%85%89/nsfw/%E5%8F%A3%E4%BA%A4/%E7%8E%9B%E5%98%89%E7%83%88%C2%B7%E4%B8%B4%E5%85%89_nsfw_%E5%8F%A3%E4%BA%A4_5.png","人物与园主或其他成员确实共同处于书房、茶间、休息室或客房，进行商议、倾诉旧事、解释顾虑或表达关心；亲近按既定人物关系发展。","柳神在私人小厅向园主解释一场实际争议；半身构图，突出人物与关键物件；正常衣着、非露骨画面。","仅在上述场景实际发生、柳神确实到场、相关同席者也实际在场，且已接入的正常新图与该画面吻合时，输出[柳神][口交][5]。未换图或场景不符时不调用此编号。","","正常图片待接入"
"柳神","私室交谈","口交","6","柳神/口交/6.png","https://cdn.jsdelivr.net/gh/lsr756480586-dev/baicao-images@main/%E6%9F%B3%E7%A5%9E/%E5%8F%A3%E4%BA%A4/6.png","https://cdn.jsdelivr.net/gh/Yehehua1311/mu-pig@main/%E7%8E%9B%E5%98%89%E7%83%88%C2%B7%E4%B8%B4%E5%85%89/nsfw/%E5%8F%A3%E4%BA%A4/%E7%8E%9B%E5%98%89%E7%83%88%C2%B7%E4%B8%B4%E5%85%89_nsfw_%E5%8F%A3%E4%BA%A4_6.png","人物与园主或其他成员确实共同处于书房、茶间、休息室或客房，进行商议、倾诉旧事、解释顾虑或表达关心；亲近按既定人物关系发展。","柳神在雨夜书房与园主共读地方志；半身构图，突出人物与关键物件；正常衣着、非露骨画面。","仅在上述场景实际发生、柳神确实到场、相关同席者也实际在场，且已接入的正常新图与该画面吻合时，输出[柳神][口交][6]。未换图或场景不符时不调用此编号。","","正常图片待接入"
"柳神","私室交谈","口交","7","柳神/口交/7.png","https://cdn.jsdelivr.net/gh/lsr756480586-dev/baicao-images@main/%E6%9F%B3%E7%A5%9E/%E5%8F%A3%E4%BA%A4/7.png","https://cdn.jsdelivr.net/gh/Yehehua1311/mu-pig@main/%E7%8E%9B%E5%98%89%E7%83%88%C2%B7%E4%B8%B4%E5%85%89/nsfw/%E5%8F%A3%E4%BA%A4/%E7%8E%9B%E5%98%89%E7%83%88%C2%B7%E4%B8%B4%E5%85%89_nsfw_%E5%8F%A3%E4%BA%A4_7.png","人物与园主或其他成员确实共同处于书房、茶间、休息室或客房，进行商议、倾诉旧事、解释顾虑或表达关心；亲近按既定人物关系发展。","柳神在室内与另一位实际到场的成员商议补给清单；半身构图，突出人物与关键物件；正常衣着、非露骨画面。","仅在上述场景实际发生、柳神确实到场、相关同席者也实际在场，且已接入的正常新图与该画面吻合时，输出[柳神][口交][7]。未换图或场景不符时不调用此编号。","","正常图片待接入"
"柳神","私室交谈","口交","8","柳神/口交/8.png","https://cdn.jsdelivr.net/gh/lsr756480586-dev/baicao-images@main/%E6%9F%B3%E7%A5%9E/%E5%8F%A3%E4%BA%A4/8.png","https://cdn.jsdelivr.net/gh/Yehehua1311/mu-pig@main/%E7%8E%9B%E5%98%89%E7%83%88%C2%B7%E4%B8%B4%E5%85%89/nsfw/%E5%8F%A3%E4%BA%A4/%E7%8E%9B%E5%98%89%E7%83%88%C2%B7%E4%B8%B4%E5%85%89_nsfw_%E5%8F%A3%E4%BA%A4_8.png","人物与园主或其他成员确实共同处于书房、茶间、休息室或客房，进行商议、倾诉旧事、解释顾虑或表达关心；亲近按既定人物关系发展。","柳神在茶案旁表达关心并递上热茶；半身构图，突出人物与关键物件；正常衣着、非露骨画面。","仅在上述场景实际发生、柳神确实到场、相关同席者也实际在场，且已接入的正常新图与该画面吻合时，输出[柳神][口交][8]。未换图或场景不符时不调用此编号。","","正常图片待接入"
"柳神","私室交谈","口交","9","柳神/口交/9.png","https://cdn.jsdelivr.net/gh/lsr756480586-dev/baicao-images@main/%E6%9F%B3%E7%A5%9E/%E5%8F%A3%E4%BA%A4/9.png","https://cdn.jsdelivr.net/gh/Yehehua1311/mu-pig@main/%E7%8E%9B%E5%98%89%E7%83%88%C2%B7%E4%B8%B4%E5%85%89/nsfw/%E5%8F%A3%E4%BA%A4/%E7%8E%9B%E5%98%89%E7%83%88%C2%B7%E4%B8%B4%E5%85%89_nsfw_%E5%8F%A3%E4%BA%A4_9.png","人物与园主或其他成员确实共同处于书房、茶间、休息室或客房，进行商议、倾诉旧事、解释顾虑或表达关心；亲近按既定人物关系发展。","柳神在休息间将尚未解决的问题写在便笺上；半身构图，突出人物与关键物件；正常衣着、非露骨画面。","仅在上述场景实际发生、柳神确实到场、相关同席者也实际在场，且已接入的正常新图与该画面吻合时，输出[柳神][口交][9]。未换图或场景不符时不调用此编号。","","正常图片待接入"
"柳神","协作修习","性交","1","柳神/性交/1.png","https://cdn.jsdelivr.net/gh/lsr756480586-dev/baicao-images@main/%E6%9F%B3%E7%A5%9E/%E6%80%A7%E4%BA%A4/1.png","https://cdn.jsdelivr.net/gh/Yehehua1311/mu-pig@main/%E7%8E%9B%E5%98%89%E7%83%88%C2%B7%E4%B8%B4%E5%85%89/nsfw/%E6%80%A7%E4%BA%A4/%E7%8E%9B%E5%98%89%E7%83%88%C2%B7%E4%B8%B4%E5%85%89_nsfw_%E6%80%A7%E4%BA%A4_1.png","人物实际在场，共同研习术法、调试符器、练剑、试制农具兵器或协作完成一项工作，出现与图片对应的操作、指点或成果展示。","柳神在工作间与同席者核对护送路线图的操作或记录步骤；半身构图，突出人物与关键物件；正常衣着、非露骨画面。","仅在上述场景实际发生、柳神确实到场、相关同席者也实际在场，且已接入的正常新图与该画面吻合时，输出[柳神][性交][1]。未换图或场景不符时不调用此编号。","","正常图片待接入"
"柳神","协作修习","性交","2","柳神/性交/2.png","https://cdn.jsdelivr.net/gh/lsr756480586-dev/baicao-images@main/%E6%9F%B3%E7%A5%9E/%E6%80%A7%E4%BA%A4/2.png","https://cdn.jsdelivr.net/gh/Yehehua1311/mu-pig@main/%E7%8E%9B%E5%98%89%E7%83%88%C2%B7%E4%B8%B4%E5%85%89/nsfw/%E6%80%A7%E4%BA%A4/%E7%8E%9B%E5%98%89%E7%83%88%C2%B7%E4%B8%B4%E5%85%89_nsfw_%E6%80%A7%E4%BA%A4_2.png","人物实际在场，共同研习术法、调试符器、练剑、试制农具兵器或协作完成一项工作，出现与图片对应的操作、指点或成果展示。","柳神在室内向园主展示与流民名册有关的专业方法；半身构图，突出人物与关键物件；正常衣着、非露骨画面。","仅在上述场景实际发生、柳神确实到场、相关同席者也实际在场，且已接入的正常新图与该画面吻合时，输出[柳神][性交][2]。未换图或场景不符时不调用此编号。","","正常图片待接入"
"柳神","协作修习","性交","3","柳神/性交/3.png","https://cdn.jsdelivr.net/gh/lsr756480586-dev/baicao-images@main/%E6%9F%B3%E7%A5%9E/%E6%80%A7%E4%BA%A4/3.png","https://cdn.jsdelivr.net/gh/Yehehua1311/mu-pig@main/%E7%8E%9B%E5%98%89%E7%83%88%C2%B7%E4%B8%B4%E5%85%89/nsfw/%E6%80%A7%E4%BA%A4/%E7%8E%9B%E5%98%89%E7%83%88%C2%B7%E4%B8%B4%E5%85%89_nsfw_%E6%80%A7%E4%BA%A4_3.png","人物实际在场，共同研习术法、调试符器、练剑、试制农具兵器或协作完成一项工作，出现与图片对应的操作、指点或成果展示。","柳神在工坊参与一项已有能力范围内的协作任务；半身构图，突出人物与关键物件；正常衣着、非露骨画面。","仅在上述场景实际发生、柳神确实到场、相关同席者也实际在场，且已接入的正常新图与该画面吻合时，输出[柳神][性交][3]。未换图或场景不符时不调用此编号。","","正常图片待接入"
"柳神","协作修习","性交","4","柳神/性交/4.png","https://cdn.jsdelivr.net/gh/lsr756480586-dev/baicao-images@main/%E6%9F%B3%E7%A5%9E/%E6%80%A7%E4%BA%A4/4.png","https://cdn.jsdelivr.net/gh/Yehehua1311/mu-pig@main/%E7%8E%9B%E5%98%89%E7%83%88%C2%B7%E4%B8%B4%E5%85%89/nsfw/%E6%80%A7%E4%BA%A4/%E7%8E%9B%E5%98%89%E7%83%88%C2%B7%E4%B8%B4%E5%85%89_nsfw_%E6%80%A7%E4%BA%A4_4.png","人物实际在场，共同研习术法、调试符器、练剑、试制农具兵器或协作完成一项工作，出现与图片对应的操作、指点或成果展示。","柳神在书房与同席者共同推演补给清单；半身构图，突出人物与关键物件；正常衣着、非露骨画面。","仅在上述场景实际发生、柳神确实到场、相关同席者也实际在场，且已接入的正常新图与该画面吻合时，输出[柳神][性交][4]。未换图或场景不符时不调用此编号。","","正常图片待接入"
"柳神","协作修习","性交","5","柳神/性交/5.png","https://cdn.jsdelivr.net/gh/lsr756480586-dev/baicao-images@main/%E6%9F%B3%E7%A5%9E/%E6%80%A7%E4%BA%A4/5.png","https://cdn.jsdelivr.net/gh/Yehehua1311/mu-pig@main/%E7%8E%9B%E5%98%89%E7%83%88%C2%B7%E4%B8%B4%E5%85%89/nsfw/%E6%80%A7%E4%BA%A4/%E7%8E%9B%E5%98%89%E7%83%88%C2%B7%E4%B8%B4%E5%85%89_nsfw_%E6%80%A7%E4%BA%A4_5.png","人物实际在场，共同研习术法、调试符器、练剑、试制农具兵器或协作完成一项工作，出现与图片对应的操作、指点或成果展示。","柳神在练习室学习基础护身动作，不额外获得高阶能力；半身构图，突出人物与关键物件；正常衣着、非露骨画面。","仅在上述场景实际发生、柳神确实到场、相关同席者也实际在场，且已接入的正常新图与该画面吻合时，输出[柳神][性交][5]。未换图或场景不符时不调用此编号。","","正常图片待接入"
"柳神","协作修习","性交","6","柳神/性交/6.png","https://cdn.jsdelivr.net/gh/lsr756480586-dev/baicao-images@main/%E6%9F%B3%E7%A5%9E/%E6%80%A7%E4%BA%A4/6.png","https://cdn.jsdelivr.net/gh/Yehehua1311/mu-pig@main/%E7%8E%9B%E5%98%89%E7%83%88%C2%B7%E4%B8%B4%E5%85%89/nsfw/%E6%80%A7%E4%BA%A4/%E7%8E%9B%E5%98%89%E7%83%88%C2%B7%E4%B8%B4%E5%85%89_nsfw_%E6%80%A7%E4%BA%A4_6.png","人物实际在场，共同研习术法、调试符器、练剑、试制农具兵器或协作完成一项工作，出现与图片对应的操作、指点或成果展示。","柳神在工作台旁协助记录一次实际测试结果；半身构图，突出人物与关键物件；正常衣着、非露骨画面。","仅在上述场景实际发生、柳神确实到场、相关同席者也实际在场，且已接入的正常新图与该画面吻合时，输出[柳神][性交][6]。未换图或场景不符时不调用此编号。","","正常图片待接入"
"柳神","协作修习","性交","7","柳神/性交/7.png","https://cdn.jsdelivr.net/gh/lsr756480586-dev/baicao-images@main/%E6%9F%B3%E7%A5%9E/%E6%80%A7%E4%BA%A4/7.png","https://cdn.jsdelivr.net/gh/Yehehua1311/mu-pig@main/%E7%8E%9B%E5%98%89%E7%83%88%C2%B7%E4%B8%B4%E5%85%89/nsfw/%E6%80%A7%E4%BA%A4/%E7%8E%9B%E5%98%89%E7%83%88%C2%B7%E4%B8%B4%E5%85%89_nsfw_%E6%80%A7%E4%BA%A4_7.png","人物实际在场，共同研习术法、调试符器、练剑、试制农具兵器或协作完成一项工作，出现与图片对应的操作、指点或成果展示。","柳神在室内向实际到场的成员请教一个具体问题；半身构图，突出人物与关键物件；正常衣着、非露骨画面。","仅在上述场景实际发生、柳神确实到场、相关同席者也实际在场，且已接入的正常新图与该画面吻合时，输出[柳神][性交][7]。未换图或场景不符时不调用此编号。","","正常图片待接入"
"柳神","协作修习","性交","8","柳神/性交/8.png","https://cdn.jsdelivr.net/gh/lsr756480586-dev/baicao-images@main/%E6%9F%B3%E7%A5%9E/%E6%80%A7%E4%BA%A4/8.png","https://cdn.jsdelivr.net/gh/Yehehua1311/mu-pig@main/%E7%8E%9B%E5%98%89%E7%83%88%C2%B7%E4%B8%B4%E5%85%89/nsfw/%E6%80%A7%E4%BA%A4/%E7%8E%9B%E5%98%89%E7%83%88%C2%B7%E4%B8%B4%E5%85%89_nsfw_%E6%80%A7%E4%BA%A4_8.png","人物实际在场，共同研习术法、调试符器、练剑、试制农具兵器或协作完成一项工作，出现与图片对应的操作、指点或成果展示。","柳神在完成协作后展示已制作或整理的成果；半身构图，突出人物与关键物件；正常衣着、非露骨画面。","仅在上述场景实际发生、柳神确实到场、相关同席者也实际在场，且已接入的正常新图与该画面吻合时，输出[柳神][性交][8]。未换图或场景不符时不调用此编号。","","正常图片待接入"
"柳神","协作修习","性交","9","柳神/性交/9.png","https://cdn.jsdelivr.net/gh/lsr756480586-dev/baicao-images@main/%E6%9F%B3%E7%A5%9E/%E6%80%A7%E4%BA%A4/9.png","https://cdn.jsdelivr.net/gh/Yehehua1311/mu-pig@main/%E7%8E%9B%E5%98%89%E7%83%88%C2%B7%E4%B8%B4%E5%85%89/nsfw/%E6%80%A7%E4%BA%A4/%E7%8E%9B%E5%98%89%E7%83%88%C2%B7%E4%B8%B4%E5%85%89_nsfw_%E6%80%A7%E4%BA%A4_9.png","人物实际在场，共同研习术法、调试符器、练剑、试制农具兵器或协作完成一项工作，出现与图片对应的操作、指点或成果展示。","柳神在遇到失误时指认问题并重新核对步骤；半身构图，突出人物与关键物件；正常衣着、非露骨画面。","仅在上述场景实际发生、柳神确实到场、相关同席者也实际在场，且已接入的正常新图与该画面吻合时，输出[柳神][性交][9]。未换图或场景不符时不调用此编号。","","正常图片待接入"
"柳神","协作修习","性交","10","柳神/性交/10.png","https://cdn.jsdelivr.net/gh/lsr756480586-dev/baicao-images@main/%E6%9F%B3%E7%A5%9E/%E6%80%A7%E4%BA%A4/10.png","https://cdn.jsdelivr.net/gh/Yehehua1311/mu-pig@main/%E7%8E%9B%E5%98%89%E7%83%88%C2%B7%E4%B8%B4%E5%85%89/nsfw/%E6%80%A7%E4%BA%A4/%E7%8E%9B%E5%98%89%E7%83%88%C2%B7%E4%B8%B4%E5%85%89_nsfw_%E6%80%A7%E4%BA%A4_10.png","人物实际在场，共同研习术法、调试符器、练剑、试制农具兵器或协作完成一项工作，出现与图片对应的操作、指点或成果展示。","柳神在休息室与同席者总结已经完成的练习；半身构图，突出人物与关键物件；正常衣着、非露骨画面。","仅在上述场景实际发生、柳神确实到场、相关同席者也实际在场，且已接入的正常新图与该画面吻合时，输出[柳神][性交][10]。未换图或场景不符时不调用此编号。","","正常图片待接入"
"柳神","协作修习","性交","11","柳神/性交/11.png","https://cdn.jsdelivr.net/gh/lsr756480586-dev/baicao-images@main/%E6%9F%B3%E7%A5%9E/%E6%80%A7%E4%BA%A4/11.png","https://cdn.jsdelivr.net/gh/Yehehua1311/mu-pig@main/%E7%8E%9B%E5%98%89%E7%83%88%C2%B7%E4%B8%B4%E5%85%89/nsfw/%E6%80%A7%E4%BA%A4/%E7%8E%9B%E5%98%89%E7%83%88%C2%B7%E4%B8%B4%E5%85%89_nsfw_%E6%80%A7%E4%BA%A4_11.png","人物实际在场，共同研习术法、调试符器、练剑、试制农具兵器或协作完成一项工作，出现与图片对应的操作、指点或成果展示。","柳神在工作间与同席者核对护送路线图的操作或记录步骤；较宽构图，交代人物与场所；正常衣着、非露骨画面。","仅在上述场景实际发生、柳神确实到场、相关同席者也实际在场，且已接入的正常新图与该画面吻合时，输出[柳神][性交][11]。未换图或场景不符时不调用此编号。","","正常图片待接入"
"柳神","协作修习","性交","12","柳神/性交/12.png","https://cdn.jsdelivr.net/gh/lsr756480586-dev/baicao-images@main/%E6%9F%B3%E7%A5%9E/%E6%80%A7%E4%BA%A4/12.png","https://cdn.jsdelivr.net/gh/Yehehua1311/mu-pig@main/%E7%8E%9B%E5%98%89%E7%83%88%C2%B7%E4%B8%B4%E5%85%89/nsfw/%E6%80%A7%E4%BA%A4/%E7%8E%9B%E5%98%89%E7%83%88%C2%B7%E4%B8%B4%E5%85%89_nsfw_%E6%80%A7%E4%BA%A4_12.png","人物实际在场，共同研习术法、调试符器、练剑、试制农具兵器或协作完成一项工作，出现与图片对应的操作、指点或成果展示。","柳神在室内向园主展示与流民名册有关的专业方法；较宽构图，交代人物与场所；正常衣着、非露骨画面。","仅在上述场景实际发生、柳神确实到场、相关同席者也实际在场，且已接入的正常新图与该画面吻合时，输出[柳神][性交][12]。未换图或场景不符时不调用此编号。","","正常图片待接入"
